Optional	[{:family=>"Kundu", :given=>"P.K."}]	["Fluid Mechanics"]			["2004"]
Optional	[{:family=>"Yih", :given=>"C."}]	["Fluid Mechanics: A Concise Introduction to the Theory"]			["1988"]
Optional	[{:family=>"Pedlosky", :given=>"J."}]	["Geophysical Fluid Dynamics"]			["1992"]
Optional	[{:family=>"Jeffreys", :given=>"H."}]	["Cartesian Tensors"]			["1931"]
Optional	[{:family=>"Lighthill", :given=>"James"}]	["Waves in Fluids"]			["2001"]
Optional	[{:family=>"Whitham", :given=>"G.B."}]	["Linear and Nonlinear Waves"]			["1999"]
