Required	[{:family=>"Wunsch", :given=>"Carl"}]	["Discrete Inverse and State Estimation Problems: With Geophysical Fluid Applications"]			["2006"]
Required	[{:family=>"Wunsch", :given=>"Carl"}]	["The Ocean Circulation Inverse Problem"]			["1996"]
Required	[{:family=>"Priestley", :given=>"M.B."}]	["Spectral Analysis and Time Series"]			["1981"]
Optional	[{:family=>"Menke", :given=>"William"}]	["Geophysical Data Analysis: Discrete Inverse Theory"]			["1989"]
Optional	[{:family=>"Daley", :given=>"Roger"}]	["Atmospheric Data Analysis"]			["1991"]
Optional	[{:family=>"Bracewell", :given=>"R.N."}]	["The Fourier Transform and its Applications"]			["1999"]
Optional	[{:family=>"Percival", :given=>"D.B."}, {:family=>"Walden", :given=>"A.T."}]	["Spectral Analysis for Physical Applications: Multitaper and Conventional Univariate Techniques"]			["1993"]
