Required	[{:family=>"Rubinstein", :given=>"A."}]	["Perfect Equilibrium in a Bargaining Model"]	article-journal	["Econometrica"]	["1982"]
Required	[{:family=>"Binmore", :given=>"Ken"}]	["Perfect Equilibria in Bargaining Models"]	chapter	["The Economics of Bargaining"]	["1987"]
Required	[{:family=>"Merlo", :given=>"A."}, {:family=>"Wilson", :given=>"C."}]	["A Stochastic Model of Sequential Bargaining with Complete Information"]	article-journal	["Econometrica"]	["1995"]
Required	[{:family=>"Bulow", :given=>"J."}, {:family=>"Rogoff", :given=>"K."}]	["A constant recontracting model of sovereign debt"]	article-journal	["Journal of Political Economy"]	["1989"]
Required	[{:family=>"Baron", :given=>"D."}, {:family=>"Ferejohn", :given=>"J."}]	["Bargaining in legislatures"]	article-journal	["American Political Science Review"]	["1989"]
Required	[{:family=>"Merlo", :given=>"A."}]	["Bargaining over Governments in a Stochastic Environment"]	article-journal	["Journal of Political Economy"]	["1997-02"]
Required	[{:family=>"Diermeier", :given=>"D."}, {:family=>"Eraslan", :given=>"H."}, {:family=>"Merlo", :given=>"A."}]	["A Structural Model of Government Formation"]	article-journal	["Econometrica"]	["2003"]
Required	[{:family=>"Perry", :given=>"M."}, {:family=>"Samuelson", :given=>"L."}]	["Open vs. Closed Door Negotiations"]	article-journal	["RAND Journal of Economics"]	["1994"]
Required	[{:family=>"Cai", :given=>"H."}]	["Bargaining on behalf of a constituency"]	article-journal	["Journal of Economic Theory"]	["2000"]
Required	[{:family=>"Stole", :given=>"L."}, {:family=>"Zwiebel", :given=>"J."}]	["Intra-Firm Bargaining under Non-Binding Contracts"]	article-journal	["The Review of Economic Studies"]	["1996"]
Required	[{:family=>"Yildiz", :given=>"M."}]	["Walrasian bargaining"]	article-journal	["Games and Economic Behavior"]	["2003"]
Required	[{:family=>"Davila", :given=>"J."}, {:family=>"Eeckhout", :given=>"J."}]	["Competitive Bargaining Equilibrium"]			["2004"]
Required	[{:family=>"Li", :given=>"D."}]	["Bargaining with History-Dependent Preferences"]	paper-conference	["Econometric Society 2004 North American Summer Meetings 516, Econometric Society"]	
Required	[{:family=>"Tyson", :given=>"C."}]	["Iterative Dominance and Sequential Bargaining"]			["2004"]
Required	[{:family=>"Hart", :given=>"O."}, {:family=>"Moore", :given=>"J.H."}]	["Agreeing Now to Agree Later: Contracts that Rule Out but do not Rule In"]	chapter	["STICERD - Theoretical Economics Paper Series /2004/472, Suntory and Toyota International Centres for Economics and Related Disciplines, LSE"]	["2004"]
Required	[{:family=>"Bernheim", :given=>"B."}, {:family=>"Rangel", :given=>"A."}, {:family=>"Rayo", :given=>"L."}]	["The Power of the Last Word in Legislative Policy Making"]	article-journal	["Econometrica"]	["2004"]
Required	[{:family=>"on", :given=>"Based"}, {:family=>"Kennan", :given=>"J."}, {:family=>"Wilson", :given=>"R."}]	["Bargaining with private information"]	article-journal	["Journal of Economic Literature"]	["1993"]
Required	[{:family=>"Admati", :given=>"A."}, {:family=>"Perry", :given=>"M."}]	["Strategic delay in bargaining"]	article-journal	["Review of Economic Studies"]	["1987"]
Required	[{:family=>"Gul", :given=>"F."}, {:family=>"Sonnenchein", :given=>"H."}, {:family=>"Wilson", :given=>"R."}]	["Foundations of dynamic monopoly and the Coase conjecture"]	article-journal	["Journal of Economic Theory"]	["1986"]
Required	[{:family=>"Cramton", :given=>"P."}]	["Bargaining with incomplete information: an infinite horizon model with two sided asymmetric information"]	article-journal	["Review of Economic Studies"]	["1984"]
Required	[{:literal=>"———."}]	["Strategic delay in bargaining with two-sided uncertainty"]	article-journal	["Review of Economic Studies"]	["1992"]
Required	[{:family=>"Abreu", :given=>"D."}, {:family=>"Gul", :given=>"F."}]	["Bargaining and Reputation"]	article-journal	["Econometrica"]	["2000"]
Required	[{:family=>"Feinberg", :given=>"Y."}, {:family=>"Skrzypacz", :given=>"A."}]	["Uncertainty about uncertainty and delay in bargaining"]	article-journal	["Econometrica"]	["2005"]
Required	[{:family=>"Spier", :given=>"K."}]	["The Dynamics of Pretrial Negotiation"]	article-journal	["Review of Economic Studies"]	["1992"]
Required	[{:family=>"Gul", :given=>"F."}]	["Unobservable Investment and the Hold-Up Problem"]	article-journal	["Econometrica"]	["2001"]
Required	[{:family=>"Heifetz", :given=>"A."}, {:family=>"Segev", :given=>"E."}]	["Escalation and delay in long international conflicts"]	book		["2002"]
Required	[{:family=>"Cramton", :given=>"P."}, {:family=>"Tracy", :given=>"J."}]	["Strikes and holdouts in wage bargaining: Theory and data"]	article-journal	["American Economic Review"]	["1992-03"]
Required	[{:family=>"Roth", :given=>"A."}, {:family=>"Murnighan", :given=>"J."}, {:family=>"Schoumaker", :given=>"F."}]	["The Deadline Effect in Bargaining: Some Experimental Evidence"]	article-journal	["American Economic Review"]	["1988"]
Required	[{:family=>"Yildiz", :given=>"M."}]	["Bargaining without a common prior - An immediate agreement theorem"]	article-journal	["Econometrica"]	["2003"]
Required	[{:literal=>"———."}]	["Waiting to persuade"]	article-journal	["Quarterly Journal of Economics"]	["2004"]
Required	[{:family=>"Ali", :given=>"S.Nageeb"}]	["Multilateral Bargaining with Subjective Biases: Waiting To Settle"]	article-journal	["Journal of Economic Theory"]	["2005-04-04"]
Required	[{:family=>"Watanabe", :given=>"Yasutora"}]	["Learning and bargaining in dispute resolution: Theory and evidence from medical malpractice litigation"]			["2005", "2005"]
Required	[{:family=>"Carlsson", :given=>"Hans"}, {:family=>"Damme", :given=>"Eric", :particle=>"van"}]	["Global Games and Equilibrium Selection"]	article-journal	["Econometrica"]	["1993"]
Required	[{:family=>"Frankel", :given=>"D."}, {:family=>"Morris", :given=>"S."}, {:family=>"Pauzner", :given=>"A."}]	["Equilibrium selection in global games with strategic complementarities"]	article-journal	["Journal of Economic Theory"]	["2003"]
Required	[{:family=>"Battigalli", :given=>"P."}, {:family=>"Siniscalchi", :given=>"M."}]	["Rationalization and Incomplete Information"]	article-journal	["Advances in Theoretical Economics"]	["2003"]
Required	[{:family=>"Dekel", :given=>"E."}, {:family=>"Fudenberg", :given=>"D."}, {:family=>"Morris", :given=>"S."}]	["Interim Rationalizability"]	chapter	["Harvard Institute of Economic Research Discussion Paper No. 2064"]	["2003"]
Required	[{:literal=>"———."}]	["Dense Types"]			["2004", "2005-08"]
Required	[{:family=>"Ely", :given=>"J."}, {:family=>"Peski", :given=>"M."}]	["Hierarchies of beliefs and interim rationalizability"]	book		["1388"]
Required	[{:family=>"Weinstein", :given=>"J."}, {:family=>"Yildiz", :given=>"M."}]	["Finite-order implications of any equilibrium"]	chapter	["Levine’s Working Paper Archive 122247000000000065"]	["2004"]
Required	[{:family=>"Yildiz", :given=>"M."}]	["Rationalizability on universal type space"]			["2004"]
Required	[{:family=>"Angeletos", :given=>"G."}, {:family=>"Hellwig", :given=>"C."}, {:family=>"Pavan", :given=>"A."}]	["Information Dynamics and Equilibrium Multiplicity in Global Games of Regime Change"]			["2004"]
Required	[{:family=>"Morris", :given=>"S."}, {:family=>"Shin", :given=>"H.S."}]	["Unique Equilibrium in a Model of Self-Fulfilling Currency Attacks"]	article-journal	["American Economic Review"]	["1998"]
Required	[{:literal=>"———."}]	["Global Games - Theory and Applications"]	chapter	["Advances in Economics and Econometrics"]	["2003"]
Required	[{:literal=>"———."}]	["Rethinking Multiple Equilibria in Macroeconomics"]	chapter	["NBER Macroeconomics Annual"]	["2000"]
Required	[{:literal=>"———."}]	["Coordination Risk and the Price of Debt"]	article-journal	["European Economic Review"]	["2004"]
Required	[{:literal=>"———."}]	["Liquidity Black Holes"]	article-journal	["Review of Finance"]	["2004"]
Required	[{:family=>"Frankel", :given=>"D."}, {:family=>"Pauzner", :given=>"A."}]	["Resolving Indeterminacy in Dynamic Settings: The Role of Shocks"]	article-journal	["Quarterly Journal of Economics"]	["2000"]
Required	[{:family=>"Goldstein", :given=>"I."}, {:family=>"Pauzner", :given=>"A."}]	["Contagion of Self-Fulfilling Financial Crises due to Diversification of Investment Portfolios"]	article-journal	["Journal of Economic Theory"]	["2004"]
Required	[{:family=>"Angeletos", :given=>"G."}, {:family=>"Hellwig", :given=>"C."}, {:family=>"Pavan", :given=>"A."}]	["Coordination and Policy Traps (Signaling in a Global Coordination Game"]			["2003"]
Required	[{:family=>"Angeletos", :given=>"G."}, {:family=>"Werning", :given=>"I."}]	["Crises and Prices"]			["2004"]
Required	[{:family=>"Corsetti", :given=>"G."}, {:family=>"Guimaraes", :given=>"B."}, {:family=>"Roubini", :given=>"N."}]	["International Lending of Last Resort and Moral Hazard: A Model of IMF’s Catalytic Finance"]			["2004"]
Required	[{:family=>"Dasgupta", :given=>"A."}]	["Coordination, Learning and Delay"]			["2002"]
Required	[{:family=>"Neeman", :given=>"Z."}]	["The Relevance of Private Information in Mechanism Design"]	article-journal	["Journal of Economic Theory"]	["2004"]
Required	[{:family=>"Heifetz", :given=>"A."}, {:family=>"Neeman", :given=>"Z."}]	["On the Generic Infeasibility of Full Surplus Extraction in Mechanism Design"]			["2003"]
Required	[{:family=>"Edmond", :given=>"C."}]	["Information and the Limits to Autocracy"]			["2003"]
Required	[{:family=>"Dekel", :given=>"E."}, {:family=>"Lipman", :given=>"B.L."}, {:family=>"Rustichini", :given=>"A."}]	["Standard State-Space Models Preclude Unawareness"]	article-journal	["Econometrica"]	["1998"]
Required	[{:literal=>"———."}]	["Recent Developments in Modelling Unforseen Contingencies"]	article-journal	["European Economic Review"]	["1998"]
Required	[{:family=>"Li", :given=>"J."}]	["Unawareness"]			["2004-08"]
Required	[{:family=>"Modica", :given=>"S."}, {:family=>"Rustichini", :given=>"A."}]	["Unawareness and partitional information structures"]	article-journal	["Games and Economic Behavior"]	["1999"]
Required	[{:family=>"Feinberg", :given=>"Y."}]	["Subjective Reasoning - Games with Unawareness"]	book		["2004-11"]
Required	[{:family=>"Fagin", :given=>"R."}, {:family=>"Halpern", :given=>"J.Y."}]	["Belief, awareness, and limited reasoning"]	article-journal	["Artificial Intelligence"]	["1987"]
Required	[{:family=>"Halpern", :given=>"J.Y."}]	["Alternative Semantics for Unawareness"]	article-journal	["Games and Economic Behavior"]	["2001"]
Required	[{:family=>"Heifetz", :given=>"A."}, {:family=>"Meier", :given=>"M."}, {:family=>"Schipper", :given=>"B.C."}]	["Interactive Unawareness"]	chapter	["Discussion Papers 52, SFB/TR 15 Governance and the Efficiency of Economic Systems"]	["2004"]
Required	[{:family=>"Modica", :given=>"S."}, {:family=>"Rustichini", :given=>"A."}]	["Awareness and partitional information structures"]	article-journal	["Theory and Decision"]	["1994"]
