Required	[{:family=>"Newman", :given=>"Mark"}]	["Networks: An Introduction"]			["2010"]
Optional	[{:family=>"Gladwell", :given=>"Malcolm"}]	["The Tipping Point: How Little Things Can Make a Big Difference"]			["2002"]
Optional	[{:family=>"Barabasi", :given=>"Albert-Laszlo"}]	["Linked: How Everything Is Linked to Everything Else and What It Means for Business, Science and Everyday Life"]			["2014"]
Optional	[{:family=>"Schelling", :given=>"Thomas"}]	["Micromotives and Macrobehavior"]			["2006"]
Optional	[{:family=>"Surowiecki", :given=>"James"}]	["The Wisdom of Crowds: Why the Many Are Smarter Than the Few and How Collective Wisdom Sharpens Business"]	article-journal	["Economies, Societies, and Nations. Anchor"]	["2005"]
Optional	[{:family=>"Bramoullé", :given=>"Yann"}, {:family=>"Kranton", :given=>"Rachel"}, {:family=>"D’Amours", :given=>"Martin"}]	["Strategic Interaction and Networks"]	article-journal	["American Economic Review"]	["2014"]
Optional	[{:family=>"Ballester", :given=>"Coralio"}, {:family=>"Calvó-Armengol", :given=>"Antoni"}, {:family=>"Zenou", :given=>"Yves"}]	["Who’s Who in Networks"]	book		["2005"]
Optional	[{:family=>"Candogan", :given=>"Ozan"}, {:family=>"Bimpikis", :given=>"Kostas"}, {:family=>"Ozdaglar", :given=>"Asuman"}]	["Optimal Pricing in Networks with Externalities"]	article-journal	["Operations Research"]	["2012"]
Optional	[{:family=>"Goyal", :given=>"Sanjeev"}]	["Connections: An Introduction to the Economics of Networks"]			["2009"]
Optional	[{:family=>"Mihai", :given=>"Manea"}]	["Bargaining in Stationary Networks"]	article-journal	["American Economic Review"]	["2011"]
Optional	[{:family=>"Acemoglu", :given=>"Daron"}, {:family=>"Carvalho", :given=>"Vasco"}, {:others=>true}]	["The Network Origins of Aggregate Fluctuations"]	article-journal	["Econometrica"]	["2012"]
Optional	[{:family=>"Parker", :given=>"Gregory"}, {:family=>"Alstyne", :given=>"Marshall", :particle=>"Van"}, {:family=>"Choudary", :given=>"Sangeet"}]	["Platform Revolution: How Networked Markets are Transforming the Economy and How to Make Them Work for You"]			["2016"]
Optional	[{:family=>"Evans", :given=>"David"}, {:family=>"Schmalensee", :given=>"Richard"}]	["The Matchmakers: The New Economics of Multisided Platforms Harvard"]	article-journal	["Business Review Press"]	["2016"]
Optional	[{:family=>"Golub", :given=>"Ben"}, {:family=>"Sadler", :given=>"Evan"}]	["Learning in Social Networks"]	chapter	["The Oxford Handbook of the Economics of Networks"]	["2016"]
Optional	[{:family=>"Acemoglu", :given=>"Daron"}, {:family=>"Dahleh", :given=>"Munther"}, {:others=>true}]	["Bayesian Learning in Social Networks"]	article-journal	["Review of Economic Studies"]	["2011"]
Optional	[{:family=>"Golub", :given=>"Benjamin"}, {:family=>"Jackson", :given=>"Matthew"}]	["Naïve Learning in Social Networks and the Wisdom of Crowds"]	article-journal	["Microeconomics"]	["2010"]
Optional	[{:family=>"Surowiecki", :given=>"James"}]	["The Wisdom of Crowds: Why the Many Are Smarter Than the Few and How Collective Wisdom Sharpens Business, Economies, Societies, and Nations"]	article-journal	["Anchor"]	["2005"]
Optional	[{:family=>"Jackson", :given=>"Matthew"}]	["Social and Economic Networks"]			["2010"]
Optional	[{:family=>"Barabasi", :given=>"Albert-Laszlo"}]	["Network Science"]			["2016"]
Optional			chapter	["The Oxford Handbook of the Economics of Networks"]	["2016"]
Optional	[{:family=>"Osborne", :given=>"Martin"}]	["Introduction to Game Theory"]			["2003"]
Optional	[{:family=>"Gibbons", :given=>"Robert"}]	["Game Theory for Applied Economists"]			["1992"]
Optional	[{:family=>"Pentland", :given=>"Alex"}]	["Social Physics: How Social Networks Can Make Us Smarter"]			["2015"]
Optional	[{:family=>"Christakis", :given=>"Nicholas"}, {:family=>"Fowler", :given=>"James"}]	["Connected: The Surprising Power of Our Social Networks and How They Shape Our Lives"]			["2011"]
Optional	[{:family=>"Watts", :given=>"Duncan"}]	["Everything Is Obvious: How Common Sense Fails Us"]			["2012"]
Optional	[{:family=>"Schelling", :given=>"Thomas"}]	["Micromotives and Macrobehavior"]			["2006"]
Optional	[{:family=>"Luenberger", :given=>"David"}]	["Introduction to Dynamic Systems: Theory, Models, and Applications"]			["1979"]
Optional	[{:family=>"Bertsekas", :given=>"Dimitri"}, {:family=>"Tsitsiklis", :given=>"John"}]	["Introduction to Probability"]	article-journal	["Athena Scientic"]	["2008"]
Optional	[{:family=>"Easley", :given=>"David"}, {:family=>"Kleinberg", :given=>"Jon"}]	["Networks, Crowds, and Markets: Reasoning about a Highly Connected World"]			["2010"]
