Required	[{:family=>"Rand", :given=>"Ayn"}]	["The Fountainhead"]	article-journal	["Plume"]	["1994"]
Required	[{:family=>"Watson", :given=>"James D."}]	["The Double Helix: A Personal Account of the Discovery of the Structure of DNA"]	article-journal	["Touchstone"]	["2001"]
Required	[{:family=>"Kidder", :given=>"Tracy"}]	["The Soul of a New Machine"]			["2000"]
Required	[{:family=>"Kuhn", :given=>"Thomas S."}]	["The Route to Normal Science"]	chapter	["Chapter 2 in The Structure of Scientific Revolutions"]	["2012"]
Required	[{:literal=>"———."}]	["The Nature of Normal Science"]	article-journal	["The Structure of Scientific Revolutions", "Chapter"]	["2012"]
Required	[{:literal=>"———."}]	["The Nature and Necessity of Scientific Revolutions"]	chapter	["Chapter 9 in The Structure of Scientific Revolutions"]	["2012"]
Required	[{:literal=>"———."}]	["Revolutions as Changes of World View"]	chapter	["Chapter 10 in The Structure of Scientific Revolutions"]	["2012"]
Required	[{:family=>"Friedman", :given=>"Milton"}]	["Methodology of Positive Economics"]	chapter	["Essays in Positive Economics"]	["1966"]
Required	[{:family=>"Friedman", :given=>"Milton"}]	["Chapters 1–3, 6, 10, and 12–13 in Capitalism and Freedom"]			["2002"]
Required	[{:family=>"Becker", :given=>"Gary S."}]	["The Economic Approach to Human Behavior"]	chapter	["Chapter 1 in The Economic Approach to Human Behavior"]	["1978"]
Required	[{:literal=>"———."}]	["Altruism, Egoism, and Genetic Fitness: Economics and Sociobiology"]	chapter	["Chapter 13 in The Economic Approach to Human Behavior"]	["1978"]
Required	[{:family=>"Gilder", :given=>"George"}]	["The Mandate for Capitalism.” Part One in Wealth and Poverty: A New Edition for the Twenty-First Century"]			["2012"]
Required	[{:family=>"Marx", :given=>"Karl"}, {:family=>"Engels", :given=>"Frederick"}]	["Manifesto of the Communist Party"]			["1848"]
Required	[{:family=>"Marx", :given=>"Karl"}]	["Capital: A Critique of Political Economy"]	article-journal	["Chapters"]	
Required	[{:family=>"Elster", :given=>"Jon"}]	["Marxist Methodology.” Chapter 2 in An Introduction to Karl Marx"]			["1986"]
Required	[{:literal=>"———."}]	["Marxian Economics.” Chapter 4 in An Introduction to Karl Marx"]			["1986"]
Required	[{:literal=>"———."}]	["Historical Materialism.” Chapter 6 in An Introduction to Karl Marx"]			["1986"]
Required	[{:literal=>"———."}]	["Class Consciousness and Class Struggle"]	chapter	["Chapter 7 in An Introduction to Karl Marx"]	["1986"]
Required	[{:literal=>"———."}]	["Marx’s Theory of Politics"]	chapter	["Chapter 8 in An Introduction to Karl Marx"]	["1986"]
Required	[{:family=>"Bowles", :given=>"Samuel"}, {:family=>"Gintis", :given=>"Herbert"}]	["The Crisis of Liberal Democratic Capitalism: The Case of the United States"]	article-journal	["Politics & Society"]	["1982"]
Required	[{:family=>"Foley", :given=>"Duncan K."}]	["The Severest Critic.” Chapter 3 in Adam’s Fallacy: A Guide to Economic Theology"]			["2008"]
Required	[{:family=>"Weber", :given=>"Max"}]	["The Spirit of Capitalism"]	chapter	["Chapter 2 in The Protestant Ethic and the Spirit of Capitalism. marxists.org"]	
Required	[{:literal=>"———."}]	["Asceticism and the Spirit of Capitalism"]	chapter	["Chapter 5 in The Protestant Ethic and the Spirit of Capitalism. marxists.org"]	
Required	[{:family=>"Polanyi", :given=>"Karl"}]	["The Great Transformation: The Political and Economic Origins of Our Time"]			["2001"]
Required	[{:family=>"Schumpeter", :given=>"Joseph A."}]	["Can Capitalism Survive?” Part II (especially pages 121–63) in Capitalism, Socialism and Democracy"]			["2008"]
Required	[{:family=>"Keynes", :given=>"John Maynard"}]	["The General Theory of Employment, Interest, and Money"]			["1965"]
Required	[{:family=>"Galbraith", :given=>"John Kenneth"}]	["The Corporation.” Chapter 7 in The New Industrial State"]			["2007"]
Required	[{:family=>"Solow", :given=>"Robert M."}]	["The New Industrial State or Son of Affluence"]	article-journal	["The Public Interest"]	["1967"]
Required	[{:family=>"Piore", :given=>"Michael J."}, {:family=>"Sabel", :given=>"Charles F."}]	["Mass Production as Destiny and Blind Decision"]	chapter	["Chapter 2 in The Second Industrial Divide: Possibilities for Prosperity"]	["1986"]
Required	[{:literal=>"———."}]	["The Corporation.” Chapter 3 in The Second Industrial Divide: Possibilities for Prosperity"]			["1986"]
Required	[{:literal=>"———."}]	["Possibilities for Prosperity: International Keynesianism and Flexible Specialization.” Chapter 10 in The Second Industrial Divide: Possibilities for Prosperity"]			["1986"]
Required	[{:family=>"Davis", :given=>"Gerald F."}]	["Managed by the Markets: How Finance Re-Shaped America"]			["2009"]
Required	[{:family=>"Dubner", :given=>"Stephen J."}]	["This is Your Brain on Prosperity: Andrew Lo on Fear, Greed, and Crisis Management"]			["2009-01-09"]
Required	[{:family=>"Thaler", :given=>"Richard H."}, {:family=>"Sunstein", :given=>"Cass R."}]	["Introduction"]	chapter	["Nudge: Improving Decisions About Health, Wealth, and Happiness"]	["2009"]
Required	[{:literal=>"———."}]	["Biases and Blunders.” Chapter 1 in Nudge: Improving Decisions About Health, Wealth, and Happiness"]			["2009"]
Required	[{:family=>"DellaVigna", :given=>"Stefano"}]	["Psychology and Economics: Evidence from the Field"]	article-journal	["Journal of Economic Literature"]	["2009"]
Required	[{:family=>"Arendt", :given=>"Hannah"}]	["Vita Activa and the Human Condition"]	chapter	["Chapter 1 in The Human Condition"]	["1998"]
Required	[{:literal=>"———."}]	["The Term Vita Activa"]	chapter	["Chapter 2 in The Human Condition"]	["1998"]
Required	[{:literal=>"———."}]	["Eternity Versus Immortality"]	chapter	["Chapter 5 in The Human Condition"]	["1998"]
Required	[{:family=>"Sacks", :given=>"Oliver"}]	["Seeing Voices: A Journey into the World of the Deaf"]			["2000"]
Required	[{:family=>"Lester", :given=>"Richard K."}, {:family=>"Piore", :given=>"Michael J."}]	["Innovation—The Missing Dimension"]			["2004"]
Optional	[{:family=>"Rawls", :given=>"John"}]	["Some Reasons for the Maximin Criterion"]	article-journal	["American Economic Review"]	["1974"]
Optional	[{:family=>"Foley", :given=>"Duncan K."}]	["Adam’s Vision.” Chapter 1 in Adam’s Fallacy: A Guide to Economic Theology"]			["2008"]
Optional	[{:literal=>"———."}]	["Grand Illusions.” Chapter 6 in Adam’s Fallacy: A Guide to Economic Theology"]			["2008"]
Optional	[{:family=>"Althusser", :given=>"Louis"}]	["For Marx (Part 1"]			
Optional	[{:family=>"Althusser", :given=>"Louis"}, {:family=>"Balibar", :given=>"Étienne"}]	["The Errors of Classical Economics: Outline of a Concept of Historical Time"]	chapter	["Chapter 4 in Reading Capital"]	
Optional	[{:family=>"Krugman", :given=>"Paul"}]	["How Did Economists Get It So Wrong?"]	article-journal	["New York Times Magazine"]	["2009-09-02"]
Optional	[{:family=>"Solow", :given=>"Robert M."}]	["How To Understand the Disaster"]	article-journal	["New York Review of Books"]	["2009-05-14"]
