Required	Sussman, Joseph. Introduction to Transportation Systems. Norwood, MA: Artech House Publishers, 2000. ISBN: 1580531415
Optional	TRB Executive Committee. ‚ÄúCritical Issues in Transportation 2005.‚Äù
Optional	United States Department of Transportation. ‚ÄúThe Secretary‚Äôs Vision.‚Äù Department of Transportation Strategic Plan 2003-2008, September 2003 (pp. 1-10)
Optional	Federal Transportation Advisory Board. ‚ÄúVision 2050: An Integrated National Transportation System.‚Äù
Optional	Sussman, Joseph M. ‚ÄúEducating the New Transportation Professional.‚Äù ITS Quarterly (Summer 1995): 3-10
Optional	Pisarski, Alan E. ‚ÄúPrescriptions for Research: Reviewing the History of TRB‚Äôs Critical Issues in Transportation.‚Äù TR News 226 (May-June 2003): 30-35
Optional	Transportation Research Board. ‚ÄúThe Interstate Achievement: Getting There and Beyond.‚Äù TR News 244 (May-June 2006): 3-21 and 30-33
Optional	Manheim, Marvin L. ‚ÄúChallenge of Transportation Systems Analysis.‚Äù In Fundamentals of Transportation Systems Analysis. Cambridge, MA: MIT Press, 1979. ISBN: 0262632896
Optional	Gomez-Iba√±ez, Jose A., William B. Tye, and Clifford Winston. ‚ÄúDemand.‚Äù In Essays in Transportation Economics and Policy. Washington, DC: Brookings Institution Press, 1999. ISBN: 0815731817
Optional	Shrock, David L. ‚ÄúThe Functional Approach to Motor Carrier Costing: Applications and Limitations.‚Äù Proceedings, 27th Annual Meeting of the Transportation Research Forum (1986): 181-188
Optional	Martland, Carl. ‚ÄúAllocating the Costs of Railroad Infrastructure to Specific Traffic Classes.‚Äù Proceedings of Workshop on Integrated Transportation and Economic Modeling (ITEM) 2001
Optional	Martland, Carl. ‚ÄúPerformance-Based Technology Scanning Applied to Containerizable Freight Traffic.‚Äù Journal of the Transportation Research Forum 57, no. 2 (2003): 119-34
Optional	Guo, Zhan, and Nigel H. M. Wilson. ‚ÄúAssessment of the Transfer Penalty for Transit Trips: A GIS-based Disaggregate Modeling Approach.‚Äù Transportation Research Record 1872 (2004): 10-18
Optional	Pucher, John, and Christian Lefevre. The Urban Transport Crisis in Europe and North America. London, UK: MacMillan, 1996, chapters 2, 9, and 10. ISBN: 0333627954
Optional	Furth, P. G., and N. Wilson. ‚ÄúSetting Frequencies on Bus Routes: Theory and Practice.‚Äù Transportation Research Record 818 (1981): 1-7
Optional	Kumar, Vimal, and Carl D. Martland. ‚ÄúAssessment of Current Project Evaluation Techniques.‚Äù Working Paper PE-1, September 2003
Optional	National Cooperative Highway Research Program. ‚ÄúEmerging Models for Delivering Transportation Programs and Services.‚Äù Research Results Digest 236 (March 1999)
Optional	Molina, Luisa. Air Quality in the Mexico Megacity: An Integrated Assessment. Norwell, MA: Kluwer Academic Publishers, 2002. ISBN: 1402005075
Optional	Transportation Research Board. ‚ÄúNew York City‚Äôs Subway Century.‚Äù TR News 242 (January-February 2006)
Optional	Coughlin, Joseph F., and Bryan Reimer. ‚ÄúNew Demands from an Older Population: An Integrated Approach to Defining the Future of Older Driver Safety.‚Äù Proceedings of the SAE Convergence Conference (2006)
