Required	Sussman, Joseph. Introduction to Transportation Systems. Norwood, MA: Artech House Publishers, 2000. ISBN: 1580531415
Required	Sussman, Joseph. Perspectives on Intelligent Transportation Systems (ITS). New York, NY: Springer, 2005. ISBN: 0387232575
Required	Sussman, Joseph M. ‚ÄúEducating the ‚ÄòNew Transportation Professional.‚Äô‚Äù ITS Quarterly (Summer 1995): 3-10
Required	TRB Executive Committee. ‚ÄúCritical Issues in Transportation 2002.‚Äù TR News 217 (November-December 2001): 4-11
Required	Martland, Carl D. ‚ÄúRail Freight Service Productivity from the Manager‚Äôs Perspective.‚Äù Transportation Research 26A, no. 6 (1992): 457-469
Required	Sussman, Joseph M. ‚ÄúTransportation‚Äôs Rich History and Challenging Future‚ÄìMoving Goods.‚Äù Transportation Research Circular 461 (August 1996): 13-19
Required	Hoel, Lester A. ‚ÄúHistorical Overview of U.S. Passenger Transportation.‚Äù Transportation Research Circular 461 (August 1996): 7-11
Required	Thompson, Louis S. ‚ÄúHigh Speed Rail in the United States‚ÄìWhy Isn‚Äôt There More?‚Äù Japan Railway and Transport Review 3 (October 1994): 32-39
Required	‚ÄúTo Travel Hopefully: A Survey of Commuting.‚Äù The Economist, Special Section (September 5, 1998): 1-18
Required	Sussman, Joseph M. ‚ÄúTransitions in the World of Transportation.‚Äù Transportation Quarterly 56, no. 1 (Winter 2002). Eno Transportation Foundation, Washington, DC, 2002
