Required	Isenberg, Daniel J. ‚ÄúHow Senior Managers Think.‚Äù Harvard Business Review (November-December 1984): 81-90
Required	Lindblom, Charles. ‚ÄúThe Science of Muddling Through.‚Äù Public Administration Review 14 (Spring 1989): 79-88
Required	Zaleznik, Abraham. ‚ÄúManagement and Leaders: Are They Different?‚Äù Harvard Business Review (March-April 1992): 126-135
Required	Kanter, Rosabeth Moss. ‚ÄúThe New Managerial Work.‚Äù Harvard Business Review (November-December 1989): 85-92
Required	Wack, Pierre. ‚ÄúScenarios: Shooting the Rapids.‚Äù Harvard Business Review (November 1985): 122-135
Required	Zack, Michael. ‚ÄúDeveloping a Knowledge Strategy.‚Äù California Management Review (April 1999): 139-61
Required	Mintzberg, Henry. ‚ÄúThe Fall and Rise of Strategic Planning.‚Äù Harvard Business Review (January-February 1994): 107-114
Required	Jick, Todd D. ‚ÄúThe Vision Thing.‚Äù Harvard Business School Case 9-490-019 (1989): 1-7
Required	Hazard, J. ‚ÄúManaging National Transportation Policy.‚Äù Chapter 2 in The Federal Executive Setting. Washington, DC: Eno Foundation, 1989, pp. 31-43
Required	Coughlin, Joseph F. ‚ÄúCan a Cabinet Official Innovate? Entrepreneurial Politics and National Transportation Policy.‚Äù Public Works Management and Policy 1, no. 3 (January 1997): 209-223
Required	Vogel, David J. ‚ÄúThe Study of Business and Politics.‚Äù California Management Review 38, no. 3 (Spring 1996): 146-165
Required	Kanter, Rosabeth Moss. ‚ÄúThe Institutional Perspective on Management.‚Äù Harvard Business School Research Note 9-897-185 (1997): 1-10
Required	‚ÄúPublic Policy and the Manager.‚Äù Harvard Business School Research Note (1993): 1-13
Required	Leone, Robert. ‚ÄúTechnology-Forcing Public Policies and the Automobile.‚Äù In Essays in Transportation Economics and Policy. Edited by J. Gomez-Ibanez, W. Tye, and C. Winston. Washington, DC: Brookings Institution 1999. pp. 291-323. ISBN: 0815731817
Required	Lave, Charles, and Lester Lave. ‚ÄúFuel Economy and Auto Safety Regulation: Is the Cure Worse than the Disease?‚Äù In Essays in Transportation Economics and Policy. Edited by J. Gomez-Ibanez, W. Tye, and C. Winston. Washington, DC: Brookings Institution 1999. pp. 257-289. ISBN: 0815731817
Required	‚ÄúUnocal Corporation‚Äôs SCRAP: Crushing Old Cars for Credit.‚Äù Harvard Business School Case (1991): 1-18
Required	Hart, Stuart. ‚ÄúBeyond Greening: Strategies for a Sustainable World.‚Äù Harvard Business Review (January-February 1997): 67-78
Required	Diebold Institute for Public Policy Studies. ‚ÄúThe Need for Cooperation between the Public and Private Sectors,‚Äù and ‚ÄúThe European ITS Experience: Lessons for the United States.‚Äù Chapter 5, and 7 in Transportation Infostructures: The Development of Intelligent Transportation Systems. Westport, CT: Praeger, 1995, pp. 63-72, 108-131. ISBN: 0275951561
Required	Sisodia, Rajendra. ‚ÄúSingapore Invests in the Nation-Corporation.‚Äù Harvard Business Review (May-June 1992): 40-50
Required	‚ÄúBAE Automated Systems: Denver International Airport Baggage-Handling System.‚Äù Harvard Business School Case (1996): A:1-15, B: 1-3
Required	Truitt, Lawrence, and Michael Esler. ‚ÄúAirport Privatization: Full Divesture and Its Alternatives.‚Äù Policy Studies Journal 24, no. 1 (1996): 100-110
Required	Gomez, Jose A., and John Meyer. Going Private: The International Experience with Transport Privatization. Washington, DC: Brookings, 1993, pp. 22-36, 275-297. ISBN: 0815731795
Required	Ray, Sally J. Strategic Communications in Crisis Management. (Airlines) Westport, CT: Quorum Books, 1999, pp. 13-54, 95-115, 159-182, 241-249. ISBN: 1567201539
Required	‚ÄúMassachusetts Bay Transportation Authority (MBTA) Commuter Train and AMTRAK Train Collision.‚Äù Harvard Business School Case (1990): 1-12
Required	Christensen, Clayton, and Michael Overdorf. ‚ÄúMeeting the Challenge of Disruptive Change.‚Äù Harvard Business Review (March-April 2000): 67-76
Required	Rosegrant, Susan, and Todd Jick. ‚ÄúNorthwest Airlines Confronts Change.‚Äù Harvard Business School Case  (1996): 1-17
Required	Prahalad, C. K., and Kenneth Lieberthal. ‚ÄúThe End of Corporate Imperialism.‚Äù Harvard Business Review (July-August 1998): 69-80
Required	Rosenzweig, Philip. ‚ÄúMercedes-Benz.‚Äù Harvard Business School Case (1993): 1-10
