Required	Gordon, Deborah. ‚ÄúAmerican Transportation in the 20th Century.‚Äù Steering a New Course: Transportation, Energy, and the Environment. Washington, DC: Island Press, 1991, pp. 5-18. ISBN: 1559631341
Required	Hardin, G. ‚ÄúThe Tragedy of the Commons.‚Äù Science, December 1968, pp. 1243-1258
Required	Weiner, E. ‚ÄúHistory of Urban Transportation Planning.‚Äù Urban Transportation Planning in the United States: An Historical Overview Revised and Expanded Edition. Westport, Conn.: Praeger Publishers, 1992, pp. 46-74. ISBN: 0275963292
Required	Kraft, M., and N. Vig, eds. ‚ÄúEnvironmental Policy from 1970s to the 1990s.‚Äù Environmental Policy: New Directions for the Twenty-First Century. Washington, DC: CQ Press, 2005, pp. 1-30. ISBN: 9781933116013
Required	Paehlke, R. 1997. ‚ÄúEnvironmental Values and Public Policy.‚Äù In Kraft, M., and N. Vig, eds. Environmental Policy: New Directions for the Twenty-First Century. Washington, DC: CQ Press, 2005, pp. 75-92. ISBN: 9781933116013
Required	Nivola, P., and R. Crandall. ‚ÄúThe Policy Problem‚Äù, ‚ÄúThe CAFE Conundrum‚Äù. The Extra Mile: Rethinking Energy Policy for Automotive Transportation. Washington, DC: Brookings Institution Press, 1995. ISBN: 0815760914
Required	Gordon, Deborah. ‚ÄúUltra-Fuel-Efficient Vehicles.‚Äù Steering a New Course: Transportation, Energy, and the Environment. Washington, DC: Island Press, 1991, pp. 115-126. ISBN: 1559631341
Required	Howitt, A., and A. Altshuler. ‚ÄúThe Politics of Controlling Auto Air Pollution.‚Äù Regulation for Revenue: The Political Economy of Land Use Exactions. Washington, DC: Brookings Institution Press, 1993, pp. 223-256. ISBN: 0815703554
Required	Nivola, P., and R. Crandall. ‚ÄúThe Fuel Tax Option‚Äù, ‚ÄúWhat Other Countries Do‚Äù, and ‚ÄúThe American Experience‚Äù. The Extra Mile: Rethinking Energy Policy for Automotive Transportation. Washington, DC: Brookings Institution Press, 1995. ISBN: 0815760914
Required	Gomez-Ibanez, J. A. ‚ÄúPricing.‚Äù In Transportation Quarterly (July 1992): 99-135
Required	Freudenburg, Nicolas, and Carol Steinsapir. ‚ÄúNot in Our Backyards: The Grassroots Environmental Movement.‚Äù In American Environmentalism: The U.S. Environmental Movement, 1970-1990. Edited by Riley E. Dunlap and Angela G. Mertig. Philadelphia: Taylor and Francis, 1992, pp. 27-37. ISBN: 0844817309
Required	Dempsey, P., A. Goetz, and J. Szyliowicz. ‚ÄúThree Hubs to One: The Folly of Forecasting in the Dynamic Airline Industry.‚Äù Denver International Airport: Lessons Learned. New York: McGraw-Hill, 1997, pp. 33-78. ISBN: 0071581847
Required	Kuttner, R. Everything For Sale: The Limits of Markets. New York: Alfred A. Knopf, 1997. ISBN: 0394583922
Required	Bullard, R. ‚ÄúEnvironmentalism and Social Justice.‚Äù pp. 1-20, and ‚ÄúEnvironmentalism as a Working Model.‚Äù pp. 113-126. In US Department of Transportation Order on Environmental Justice
Required	Rosenbaum, W. ‚ÄúClimate Diplomacy: The Emerging Politics of Global Environmentalism.‚Äù In Environmental Politics and Policy. Washington, DC: Congressional Quarterly Press, 1998, pp. 334-362. ISBN: 1568026455
Required	Gore, A. Earth in the Balance. New York: Plume Books, 1993, pp. 269-360. ISBN: 0452269350
Required	Nijkamp, P. ‚ÄúRoads to Environmentally Sustainable Transport.‚Äù Transportation Research, no. 4 (1994): 261-271
Required	Schaefer, A., and D. Victor. ‚ÄúThe Past and Future of Global Mobility.‚Äù In Scientific American. October 1997, pp. 58-61
Required	‚ÄúPart I: Common Concerns. ‚ÄúOur Common Future. The World Commission on Environment and Development. New York: Oxford University Press, 1987. ISBN: 019282080X
