Optional	Domenico, Patrick A., and Franklin W. Schwartz. Physical and Chemical Hydrogeology. New York, NY: John Wiley & Sons Inc., 1998. ISBN: 0471597627
Optional	Freeze, Alan R., and John A. Cherry. Groundwater. Englewood Cliffs, NJ: Prentice Hall, 1979. ISBN: 0133653129
Optional	Marsily, Ghislain De. Quantitative Hydrogeology: Groundwater Hydrology for Engineers. Orlando, FL: Academic Press, 1986. ISBN: 0122089162
Optional	Bear, Jacob. Dynamics of Fluids in Porous Media. New York, NY: Dover Publications, 1988. ISBN: 0486656756
Optional	Hydraulics of Groundwater. New York, NY: McGraw-Hill College, 1980. ISBN: 0070041709
Optional	Sahimi, Muhammad. Flow and Transport in Porous Media and Fractured Rock. Weinheim, Germany: Wiley-VCH Verlag GmbH, 1995. ISBN: 3527292608
Optional	Fetter, C. W. Contaminant Hydrogeology. 2nd ed. Upper Saddle, NJ: Prentice Hall, 1998. ISBN: 0137512155
Optional	Todd, David Keith. Groundwater Hydrology. New York, NY: John Wiley & Sons Inc., 1980. ISBN: 047187616X
Optional	Hillel, Daniel. Fundamentals of Soil Physics. New York, NY: Academic Press, 1980. ISBN: 0123485606
