Required	Chaturvedi, Swati, and John Ochsendorf. ‚ÄúGlobal Environmental Impacts due to Cement and Steel.‚Äù Structural Engineering International (August 2004)
Required	Dholakia, R., and M. Wackernagel. ‚ÄúEcological Footprint Accounts: Moving Sustainability from Concept to Measurable Goal.‚Äù Oakland: Redefining Progress (October 1999)
Required	Ford, Edward. ‚ÄúThe Theory and Practice of Impermanence.‚Äù Harvard Design Magazine 3 (Fall 1997)
Required	Hawken, Paul, Amory Lovins, and L. Hunter Lovins. ‚ÄúBuilding Blocks.‚Äù Chapter 5 in Natural Capitalism: Creating the Next Industrial Revolution. Boston: Little, Brown and Company, 1999. ISBN: 0316353167
Required	ISO: 14040 ‚ÄúEnvironmental management ‚Äî Life Cycle Assessment ‚Äî Principles and Framework.‚Äù Geneva: ISO, 1997
Required	LEED. ‚ÄúBuilding Rating System for New Construction and Major Renovations.‚Äù Version 2.1. U.S. Green Building Council, 2002
Required	Matos, G., and L. Wagner. ‚ÄúConsumption of Materials in the United States, 1900-1995.‚Äù Annual Review of Energy and the Environment 23 (November 1998)
Required	Meadows, Donella H., Jorgen Randers, and Dennis L. Meadows. ‚ÄúAuthor‚Äôs Preface‚Äù and ‚ÄúOvershoot.‚Äù Chapter 1 in Limits to Growth: The 30-Year Update. White River Jct.: Chelsea Green Publishing Company, June 1, 2004. ISBN: 193149858X
Required	Ochsendorf, J. ‚ÄúSustainable Structural Design: Lessons from History.‚Äù Structural Engineering International (August 2004)
Required	Womack, James P., and Daniel T. Jones. ‚ÄúThe Value Stream.‚Äù Chapter 2 in Lean Thinking. New York, NY: Simon & Schuster, September 9, 1996. ISBN: 0684810352
