Required	Hirth, John Price, and Jens Lothe. Theory of Dislocations. Melbourne, FL: Krieger, 1991, pp. 29-57
Required	Zhou, Min. ‚ÄúA New Look at the Atomic Level Virial Stress: On Continuum-Molecular System Equivalence.‚Äù Proc R Soc Lond A 459 (2003): 2347-2392
Required	Zimmerman, J. A., E. B. Webb III, J. J. Hoyt, R. E. Jones, P. A. Klein, and D. J. Bammann. ‚ÄúCalculation of Stress in Atomistic Simulation.‚Äù Modelling Simul Mater Sci Eng 12 (2004): S319-S332
Required	Gouldstone, Andrew, Krystyn Van Vliet, and Subra Suresh. ‚ÄúSimulation of a Defect Nucleation in a Crystal.‚Äù Nature 411 (2001): 656
Required	Suresh, Subra. Fatigue of Materials. Cambridge, UK: Cambridge University Press, 1991, pp. 283-302
Required	Rice, James R. ‚ÄúDislocation Nucleation from a Crack Tip: An Analysis Based on the Peierls Concept.‚Äù J Mech Phys Solids 40 (1992): 239-271
Required	Foiles, S. M., M. I. Baskes, and M. S. Daw. ‚ÄúEmbedded-Atom-Method Functions for the Fcc Metals Cu, Ag, Nu, Ni, Pd, Pt, and Their Alloys.‚Äù Phys Rev B 33 (1986): 7983-7991
Required	Buehler, Markus J., and Huajian Gao. ‚ÄúUltra-Large Scale Simulations of Dynamic Materials Failure.‚Äù Chapter 14 in Handbook of Theoretical and Computational Nanotechnology. Edited by Michael Rieth and Wolfram Schommers. Stevenson Ranch, CA: American Scientific Publishers, 2005. ISBN: 158883042X
Required	Buehler, Markus J., Alexander Hartmaier, Mark A. Duchaineau, Farid F. Abraham, Huajian Gao. ‚ÄúThe Dynamical Complexity of Work-hardening: A Large-scale Molecular Dynamics Simulation.‚Äù Acta Mech Sinica 21 (2005): 103-111
Required	Buehler, Markus J., Farid F. Abraham, and Huajian Gao. ‚ÄúStress and Energy Flow Field Near a Rapidly Propagating Mode I Crack.‚Äù In Multiscale Modelling and Simulation. Edited by T. Barth et al. Berlin, Germany: Springer Verlag, 2004, pp. 143-156
Required	Boal, David. Mechanics of the Cell. Cambridge, UK: Cambridge University Press, 2002, chapters 1, 2, 6, and 7. ISBN: 0521796814
Required	Bao, G., and Subra Suresh. ‚ÄúCell and Molecular Mechanics of Biological Materials.‚Äù Nature Materials 2 (2003): 715-725
Required	Buehler, Markus J. ‚ÄúLarge-Scale Hierarchical Molecular Modeling of Nanostructured Biological Materials.‚Äù Journal of Computational and Theoretical Nanoscience 3 (2006): 603-623
Required	Mayo, Stephen L., Barry D. Olafson and William A. Goddard III. ‚ÄúDREIDING: A Generic Force Field for Molecular Simulations.‚Äù J Phys Chem 94 (1990): 8897-8909
Required	Wang, Wei, Oreola Donini, Carolina M. Reyes, Peter A. Kollman. ‚ÄúBiomolecular Simulations: Recent Developments in Force Fields, Simulations of Enzyme Catalysis, Protein-Ligand, Protein-Protein, and Protein-Nucleic Acid Noncovalent Interactions.‚Äù Ann Rev Biophys Biomol Struct 30 (2001): 211-243
Required	Karplus, Martin and J. Andrew McCammon. ‚ÄúMolecular Dynamics Simulations of Biomolecules.‚Äù Nature Structural Biology 9 (2002): 646-652
Required	Buehler, M. J., H. Yao, B. Ji, and H. Gao. ‚ÄúCracking and Adhesion at Small Scales: Atomistic and Continuum Studies of Flaw Tolerant Nanostructures.‚Äù Modelling and Simulation in Materials Science and Engineering 14 (2006): 799-816
Required	Miller, Ronald E. and E. B. Tadmor. ‚ÄúThe Quasicontinuum Method: Overview, Applications and Current Directions.‚Äù Journal of Computer-Aided Materials Design 9 (2002): 203-239
Required	Knap, J. and M. Ortiz. ‚ÄúAn analysis of the quasicontinuum method.‚Äù Journal of the Mechanics and Physics of Solids 49 (2001): 1899-1923
Required	Heino, P., H. H√§kkinen and K. Kaski. ‚ÄúMolecular-dynamics Study of Mechanical Properties of Copper.‚Äù Europhys Lett 41 (1998): 273-278
Required	Komanduri, R., N. Chandrasekaran, and L. M. Raff. ‚ÄúMolecular Dynamics (MD) Simulation of Uniaxial Tension of Some Single-Crystal Cubic Metals at Nanolevel.‚Äù International Journal of Mechanical Sciences 43 (2001): 2237-2260
Required	Cleri, Fabrizio, Sidney Yip, Dieter Wolf, and Simon R. Phillpot. ‚ÄúAtomic-Scale Mechanism of Crack-Tip Plasticity: Dislocation Nucleation and Crack-Tip Shielding.‚Äù Phys Rev Lett 79 (1997): 1309-1312
Required	Mishin, Y. ‚ÄúStructural Stability and Lattice Defects in Copper: Ab Initio, Tight-Binding, and Embedded-Atom Calculations.‚Äù Phys Rev B 63 (2001): 1-16
Required	Buehler, Markus J., Jef Dodson, Adri C. T. van Duin, Peter Meulbroek, William A. Goddard III. ‚ÄúThe Computational Materials Design Facility (CMDF): A Powerful Framework for Multi-paradigm Multi-scale Simulations.‚Äù Mater Res Soc Symp Proc 894 (2006): 0894-LL03-03.1-03.6
