Required	Easley, David, and Jon Kleinberg. Networks, Crowds, and Markets: Reasoning about a Highly Connected World. Cambridge University Press, 2010. ISBN: 9780521195331
Required	[E] = Easley, David, and Jon Kleinberg. Networks, Crowds, and Markets: Reasoning about a Highly Connected World. Cambridge University Press, 2010. ISBN: 9780521195331
Required	Note: An online version of the above textbook is freely available on Jon Kleinberg’s homepage on Cornell University’s Department of Computer Science website
Required	[J] = Jackson, Matthew O. Social and Economic Networks. Princeton University Press, 2010. ISBN: 9780691148205
Required	[N] = Newman, M.E.J. Networks: An Introduction. Oxford University Press, 2010. ISBN: 9780199206650
Required	[S] = Shah, Devavrat. Gossip Algorithms. Now Publishers Inc., 2009. ISBN: 9781601982360
Optional	Battiston et al. (2012) DebtRank: Too Central to Fail? Financial Networks, the FED and Systemic Risk
Optional	Akbarpour et al. (2018) Just a Few Seeds More: Value of Network Information for Diffusion 
Optional	Shah and Zaman (2011) Rumors in a Network: Who’s the Culprit? 
