Required	Slocum, Alexander H. ‚ÄúDesign Is A Passionate Process.‚Äù Chapter 1 in Fundamentals of Design
Required	Kent, Adrian. ‚ÄúA Critical Look at Risk Assessments for Global Catastrophes.‚Äù Risk Analysis 24 (2004): 157-168
Required	Calogero, Francesco. ‚ÄúMight A Laboratory Experiment Destroy Planet Earth?‚Äù Interdisciplinary Science Reviews 25 (2000): 191-202
Required	Overbye, Dennis. ‚ÄúGauging a Collider‚Äôs Odds of Creating a Black Hole.‚Äù New York Times, April 15, 2008
Optional	Slocum, Alexander H. ‚ÄúCreating Ideas.‚Äù Chapter 2 in Fundamentals of Design
Optional	Newman, Dava. ‚ÄúIntroduction to Engineering,‚Äù and ‚ÄúDesign: Lighter-Than-Air (LTA) Vehicle Module.‚Äù Chapters 2 and 12 in Interactive Aerospace Engineering and Design. Dubuque, Iowa: McGraw-Hill, 2001. ISBN: 9780072351248
Optional	Belden, Jesse. ‚Äú3 Methods for Dimensional Analysis.‚Äù
Optional	White, Frank M. ‚ÄúDimensional Analysis and Similarity,‚Äù and ‚ÄúExperimental External Flow.‚Äù Chapter 5 and Section 7.6 in Fluid Mechanics. Boston, MA: McGraw-Hill, 2006. ISBN: 9780072938449
Optional	Taylor, Geoffrey. ‚ÄúThe Formation of a Blast Wave by a Very Intense Explosion II. The Atomic Explosion of 1945.‚Äù Proceedings of the Royal Society of London A 201 (March 22, 1950): 175-186
Optional	Jaffe, R. L., et al. ‚ÄúReview of Speculative ‚ÄòDisaster Scenarios‚Äô at RHIC.‚Äù Reviews of Modern Physics 72 (2000): 1125-1140. arxiv:hep-ph/9910333v3
Optional	Johnson, George. ‚ÄúPhysicists Strive to Build a Black Hole.‚Äù New York Times, September 11, 2001
Optional	Overbye, Dennis. ‚ÄúAsking a Judge to Save the World, and Maybe a Whole Lot More.‚Äù New York Times, March 29, 2008
Optional	Nizza, Mike. ‚ÄúHawking Anticipates Collider‚Äôs Start.‚Äù New York Times, September 9, 2008
Optional	Overbye, Dennis. ‚ÄúA Giant Takes On Physics‚Äô Biggest Questions.‚Äù New York Times, May 15, 2005
Optional	Dar, Arnon, A. De R√∫jula, and Ulrich Heinz. ‚ÄúWill Relativistic Heavy Ion Colliders Destroy Our Planet?‚Äù Physical Review Letters B 470 (1999): 142-148
Optional	AssociatedPress. ‚ÄúParticle Collider Fires, No Black Holes Form.‚Äù September 10, 2008. YouTube. Accessed August 3, 2009
