Required	Goodman, Joseph W. Statistical Optics. Hoboken, NJ: Wiley-Interscience, 2000. ISBN: 9780471399162
Required	Bertero, Mario, and Patrizia Boccacci. Introduction to Inverse Problems in Imaging. London, NY: Taylor & Francis, 1998. ISBN: 9780750304351
Required	Barbastathis, G., and A. Sinha. “Information Content of Volume Holographic Imaging.” Trends in Biotechnology 19, no. 10 (2001): 383-392
Required	O’Sullivan, J. A., R. E. Blahut, and D. L. Snyder. “Information-Theoretic Image Formation.” IEEE Transactions on Information Theory 44, no. 6 (1998): 2094-2123
Required	Neifeld, M. A. “Information, Resolution, and The Space-Bandwidth Product.” Optics Letters 23, no. 18 (1998): 1477-1479
Required	“Statistical solution to the two-point resolution problem” by G. Barbastathis, Proceedings of the OSA Topical Meeting on Integrated Computational Imaging Systems (ICIS; Albuquerque, NM, November 2001) pp. 33-35
Required	“Axial imaging necessitates loss of lateral shift invariance” by A. Stein, A. Sinha, and G. Barbastathis, Proceedings of the OSA Topical Meeting on Integrated Computational Imaging Systems (ICIS; Albuquerque, NM, November 2001) pp. 26-28
