Required	Suh, Nam P. “Complexity Theory Based on Axiomatic Design.” Chapter 3 in Complexity: Theory and Applications. New York: Oxford University Press, 2005. ISBN: 9780195178760
Required	Hale, Layton C. “Principles and Techniques for Desiging Precision Machines.” MIT PhD Thesis. 1999, pp. 67-82, and 174-204
Required	Pohl, Dieter W. “Some Design Criteria in Scanning Tunneling Microscopy.” IBM Journal of Research and Development 30, no. 4 (July 1986): 417
Required	Lewis, R. A., et al. “Student Scanning Tunneling Microscope.” Am. J. Phys. 59, no. 1 (January 1991): 38
Required	Binning, G., et al. “Surface Studies by Scanning Tunneling Microscopy.” Physical Review Letters 49, no. 1 (5 July 1982): 57
Required	Golovchenko, J. A. “The Tunneling Microscope: A New Look at the Atomic World.” Science (New Series) 232, no. 48-53 (4 April 1986): 4746
Required	Prepost, R. “Scanning Tunneling Microscope.” Notes for Physics 407 Advanced Laboratory, University of Wisconsin, April 26 2000, pp. 1-14
Required	Hale, Layton C. Appendix C: Contact Mechanics, in “Principles and Techniques for Desiging Precision Machines.” MIT PhD Thesis. 1999, pp. 417-426
Required	Slocum, A. “Kinematic Couplings for Precision Fixturing - Part 1: Formulation of Design Parameters.” Precision Engineering 10, no. 2 (April 1988): 86
Required	Slocum, A. “Kinematic Couplings for Precision Fixturing - Part 2: Experimental Determination of Repeatability and Stiffness.” Precision Engineering 10, no. 3 (July 1988): 115
Required	Slocum, A. “Design of Three-groove Kinematic Couplings.” Precision Engineering 14, no. 2 (April 1992): 67
Optional	_Culpepper, M. L., et al. “Design of Integrated Eccentric Mechanisms and Exact Constraint Fixtures for Micron-level Repeatability and Accuracy.” Paper accepted for publication in Precision Engineering
Optional	Mangudi, K., and M. L. Culpepper. “Active, Compliant Fixtures for Nanomanufacturing.” 2004 Annual Meeting of the American Society for Precision Engineering, Orlando, FL., October 2004, pp. 113 -116
Optional	Slocum, et al. “Flexural Mount Kinematic Couplings and Method.” U. S. Patent 5, 678, 944. Granted October 21, 1997
Optional	Culpepper, M. L., et al. “Quasi-kinematic Couplings for Low-cost Precision Alignment of High-volume Assemblies.” Transactions of the ASME 126 (May 2004): 456-463
Optional	Culpepper, M. L. “Design of Quasi-kinematic Couplings.” Precision Engineering 28 (2004): 338–357
Optional	Park, Sang-II, and C. F. Quate. “Tunneling Microscopy of Graphite in Air.” Applied Physics Letters 48, no. 2 (13 January 1986): 112-114
Optional	Hamley, I. W. “Nanostructure Fabrication Using Block Copolymers.” Nanotechnology 14 (2003): R39–R54
Optional	Bower, Chris, Wei Zhu, Sungho Jin, and Otto Zhou. “Plasma-induced Alignment of Carbon Nanotubes.” Applied Physics Letters 77, no. 6 (7 August 2000): 830-832
Optional	Kim, S., G. Barbastathis, and H. L. Tuller. “MEMS for Optical Functionality.” Journal of Electroceramics 12 (2004): 133–144
Optional	Hierold, Christofer. “From Micro- to Nanosystems: Mechanical Sensors go Nano.” Journal of Micromechanics and Microengineering 14 (2004): S1–S11
Optional	Thurn-Albrecht, T., J. Schotter, G. A. Kästle, N. Emley, T. Shibauchi, L. Krusin-Elbaum, K. Guarini, C. T. Black, M. T. Tuominen, and T. P. Russell. “Ultrahigh-Density Nanowire Arrays Grown in Self-Assembled Diblock Copolymer Templates.” Science 290 (15 December 2000): 2127-2129
Optional	Chung, Jaehyun, Kyong-Hoon Lee, Junghoon Lee, and Rodney S. Ruoff. “Toward Large-Scale Integration of Carbon Nanotubes.” Langmuir 20, no. 8 (2004): 3011-3017
Optional	DeVoe, Don L., and Albert P. Pisano. “Modeling and Optimal Design of Piezoelectric Cantilever Microactuators.” Journal of Microelectromechanical Systems 6, no. 3 (September 1997): 266-270
Optional	“Rice Refining Production of Pure Nanotube Fibers.” Pioneering fiber production methods similar to those of Kevlar(R), Zylon(R)
Optional	Roundy, Shad, Paul K. Wright, and Jan Rabaey. “A Study of Low Level Vibrations as a Power Source for Wireless Sensor Nodes.” Computer Communications 20 (2003): 1-14
Optional	Lyshevski, Marina Alexandra. “Brownian Motor Analysis and its Application to Nanosystems.” MPZ: Nanotechnology: biological systems and applications, IEEE-NANO 2002 (26 August 2002)
Optional	Gao, Wei, Robert J. Hocken, John A. Patten, John Lovingood, and Don A. Lucca. “Construction and Testing of a Nanomachining Instrument.” Precision Engineering - Journal of the International Societies for Precision Engineering and Nanotechnology 24 (2000): 320–328
Optional	Sitti, Metin, Baris Aruk, Hiroaki Shintani, and Hideki Hashimoto. “Development of a Scaled Teleoperation System for Nano Scale Interaction and Manipulation.” Proceedings of the 2001 IEEE International Conference on Robotics and Automation, Seoul, Korea, May 21-26, 2001
Optional	Barbastathis, George, Hyun Jin In, Will Arora, Tilman Buchner, and Henry I. Smith. “The Nanostructured Origami™ 3D Fabrication and Assembly Process.”
Optional	Boukallel, Mehdi, Emmanuel Piat, and Joël Abadie. “Passive Diamagnetic Levitation: Theoretical Foundations and Application to the Design of a Micro-nano Force Sensor.” Proceedings of the 2003 IEEE/RSJ International Conference on Intelligent Robots and Systems, Las Vegas, Nevada, October 2003
Optional	Gao, Wei, Takeshi Araki, Satoshi Kiyono, Yuichi Okazaki, and Masashi Yamanaka. “Precision Nano-fabrication and Evaluation of a Large Area Sinusoidal Grid Surface for a Surface Encoder.” Precision Engineering 27 (2003): 289–298
Optional	Sato, Kaiji, Kentaro Ito, Seiichi Hata, and Akira Shimokohbe. “Self-alignment of Microparts Using Liquid Surface Tension-behavior of Micropart and Alignment Characteristics.” Precision Engineering 27 (2003): 42–50
Optional	Lyshevski, Sergey Edward. “Synthesis and Analysis of Induction Nanomachines.” IEEE (2003). This paper appears in: Nanotechnology, 2003. IEEE-NANO 2003. Proc. IEEE Conference on Nanotechnology, San Francisco, CA, 2003
Optional	Sitti, Metin, and Ronald S. Fearing, “Synthetic Gecko Foot-Hair Micro/Nano-Structures for Future Wall-Climbing Robots.” Proceedings of the 2003 IEEE International Conference on Robotics and Automation, Taipei, Taiwan, September 14-19, 2003
Optional	Dubey, A., C. Mavroidis, A. Thornton, K. Nikitczuk, and M. L. Yarmush. “Viral Protein Linear (VPL) Nano-Actuators.” Nanotech 1 (2004)
