Optional	Dias, Antonio_. Designer and Client, Eight Boat Design Commissions, from Kayak to Cruiser._ Brooklin, ME: WoodenBoat Publications, 1998. ISBN 9780937822517
Optional	Herreshoff, L. Francis. Capt. Nat Herreshoff, the Wizard of Bristol. Dobbs Ferry, NY: Sheridan House, Inc, 1996. ISBN 9781574090048
Optional	———. The Common Sense of Yacht Design, Vols 1 and 2. New York, NY: The Rudder Publishing Company, 1946
Optional	Chapelle, Howard I. American Small Sailing Craft, Their Design, Development, and Construction. New York, NY: W.W. Norton & Company, Inc, 1951 ISBN: 9780393031430
Optional	Skene, Norman L. Elements of Yacht Design. New York, NY: Kennedy Bros., Inc, 1927
Optional	Stephens, W. P. Traditions and Memories of American Yachting. Camden, ME: International Marine Publishing Company, 1981
