Optional	“An Inventor’s Guide to Technology Transfer at MIT.” MIT Technology Licensing Office, May 2005
Optional	“Preserving Your Patent Rights.” MIT Technology Licensing Office, 2006
Optional	Pinker, Steven. “The Moral Instinct.” New York Times, January 13, 2008
Optional	Shockley, William. “The Invention of the Transistor - ‘An Example of Creative-Failure Methodology.’” National Bureau of Standards (May 1974): SP-388
Optional	Ghatak, A. K. “What is Light?” and “Simple Harmonic Motion, Forced Vibrations, and Origin of Refractive Index.” Ch. 2 and 7 in Ghatak, Ajoy. Optics. New York, NY: McGraw-Hill, 2009. ISBN: 9780073380483
Optional	“Year 11 Photovoltaic Engineering Module.” School of Photovoltaic and Renewable Energy Engineering, University of New South Wales
Required	“Mechanically Scanned Television,” “Electronically Scanned Television,” and “Television Spin-Offs and Redundancies.” Chapters 5-7 in Winston, Brian. Media Technology and Society: A History from the Telegraph to the Internet. New York, NY: Routledge, 1998. ISBN: 9780415142304
