Optional	Ashcroft, Neil W., and N. David Mermin. Solid State Physics. Cengage Learning, 1976. ISBN: 9780030839931
Optional	Griffiths, David J. Introduction to Quantum Mechanics. 2nd ed. Pearson Prentice Hall, 2004. ISBN: 9780131118928
Optional	Hagelstein, Peter L., Stephen D. Senturia, and Terry P. Orlando. Introductory Applied Quantum and Statistical Mechanics. Wiley-Interscience, 2004. ISBN: 9780471202769
Optional	Kittel, Charles. Introduction to Solid State Physics. 8th ed. Wiley, 2004. ISBN: 9780471415268
Optional	O’Handley, Robert C. Modern Magnetic Materials: Principles and Applications. Wiley-Interscience, 1999. ISBN: 9780471155669
Optional	Pierret, Robert F. Semiconductor Fundamentals: Volume I. 2nd ed. Prentice Hall, 1988. ISBN: 9780201122954
Optional	Saleh, Bahaa E. A., and Malvin Carl Teich. Fundamentals of Photonics. 2nd ed. Wiley-Interscience, 2007. ISBN: 9780471358329
