Optional	Techet, A. H., T. T. Truscott, and M. K. Thompson. “Integration of hands-on laboratory modules to enhance the introduction of ocean science and engineering to undergraduates.” Proceedings of IEEE/MTS Oceans/Boston 2006 Conference, September 2006
Required	Stewart, Robert. Introduction to Physical Oceanography. August 2005 version
Optional	Denny, Mark W. Air and Water: The Biology and Physics of Life’s Media. Princeton, NJ: Princeton University Press, 1993. ISBN: 9780691087344
Optional	Van Dorn, W. G. Oceanography and Seamanship. Centerville, MD: Cornell Maritime Press, 1993. ISBN: 9780870334344
Optional	Medwin H., and C. S. Clay. Fundamentals of Acoustical Oceanography. New York, NY: John Wiley and Sons, 1998
Optional	Littlefield, B., and D. Hanselman. Mastering MATLAB® 6, A Comprehensive Tutorial and Reference. Upper Saddle River, NJ: Prentice Hall, 2001
Optional	Urick, R. J. Principles of Underwater Sound. 3rd ed. New York, NY: McGraw-Hill, 1983
Optional	Knauss, J. A. Introduction to Physical Oceanography. Upper Saddle River, NJ: Prentice Hall, 1997
Optional	Open University. Ocean Circulation. San Diego, CA: Pergamon Press, 1989
