Required	[{:family=>"Arrhenius", :given=>"G."}, {:family=>"Lepland", :given=>"A."}]	["Accretion of Moon and Earth and the emergence of life"]	article-journal	["Chemical Geology"]	["2000"]
Required	[{:family=>"Zuilen", :particle=>"van"}, {:family=>"A.", :given=>"Mark"}, {:family=>"Lepland", :given=>"A."}, {:family=>"Jan Teranes", :given=>"J.Finarelli"}, {:family=>"Wahlen", :given=>"M."}, {:family=>"Arrhenius", :given=>"G."}]	["Graphite and carbonates in the 3.8 Ga old Isua Supracrustal Belt, southern West Greenland"]	article-journal	["Precambrian Research"]	["2003"]
Required	[{:family=>"Arrhenius", :given=>"O.Gustaf"}]	["Crystals and Life"]	article-journal	["Helvetica Chimica"]	["2003"]
Required	[{:family=>"Melosh", :given=>"H.J."}]	["Giant Impacts and the Thermal State of the Early Earth"]	chapter	["Origin of the Earth"]	["1990"]
Required		["Giant Impacts and the Thermal State of the Early Earth"]	chapter	["Encyclopedia of Planetary Sciences"]	["1997"]
Required	[{:family=>"Soloman", :given=>"S.C."}, {:family=>"Aharonson", :given=>"O."}, {:others=>true}]	["New Perspectives on Ancient Mars"]	article-journal	["Science"]	["2005"]
Required	[{:family=>"Hardie", :given=>"L.A."}]	["Secular variations in seawater chemistry: An explanation for the coupled secular variation in the mineralogies of marine limestones and potash evaporites over the past 600 My"]	article-journal	["Geology"]	["1996"]
Required	[{:family=>"Holland", :given=>"H.D."}]	["The geologic history of seawater"]	chapter	["The Oceans and Marine Geochemistry", "Treatise on Geochemistry"]	["2006"]
Required	[{:family=>"Lowenstein", :given=>"T.K."}, {:family=>"Timofeeff", :given=>"M.N."}, {:family=>"Brennan", :given=>"S.T."}, {:family=>"Hardie", :given=>"L.A."}, {:family=>"Demicco", :given=>"R.V."}]	["Oscillations in Phanerozoic seawater chemistry: Evidence from fluid inclusions"]	article-journal	["Science"]	["2001"]
Required		["Secular variation in seawater chemistry and the origin of calcium chloride basinal brines"]	article-journal	["Geology"]	["2003"]
Required	[{:family=>"Weiss", :given=>"Benjamin P."}, {:family=>"Vali", :given=>"Hojatollah"}, {:family=>"Baudenbacher’", :given=>"Franz J."}, {:family=>"Kirschvink", :given=>"Joseph L."}, {:family=>"Stewart", :given=>"Sarah T."}, {:family=>"Shuster", :given=>"David L."}]	["Records of an ancient Martian magnetic field in ALH84001, Elsevier Science"]	article-journal	["Earth and Planetary Science Letters"]	["2002"]
Required	[{:family=>"Weiss", :given=>"Benjamin P."}, {:family=>"Shuster", :given=>"David L."}, {:family=>"Stewart", :given=>"G.Sarah T."}]	["Temperatures on Mars from 40Ar/39Ar thermochronology of ALH84001, Elsevier Science"]	article-journal	["Earth and Planetary Science Letters"]	["2002"]
Required	[{:family=>"Stevenson", :given=>"David J."}]	["Mars’ Core and Magnetism"]	article-journal	["Nature"]	["2001-07-12"]
Required	[{:family=>"Halliday", :given=>"A.N."}]	["The Origin and Earliest History of the Earth"]	chapter	["Meteorites, Comets and Planets: Treatise on Geochemistry"]	["2006"]
Required	[{:family=>"Chambers", :given=>"J.E."}]	["Planet Formation"]	chapter	["Meteorites, Comets and Planets: Treatise on Geochemistry"]	["2006"]
Required	[{:family=>"Pearson", :given=>"Ann"}, {:family=>"Budin", :given=>"Meytal"}, {:family=>"Brocks", :given=>"Jochen J."}]	["Phylogenetic and biochemical evidence for sterol synthesis in the bacterium Gemmata obscuriglobus"]	article-journal	["PNAS"]	["2003-12-23"]
Required	[{:family=>"Behrens", :given=>"Anke"}, {:family=>"Schaeffer", :given=>"Philippe"}, {:family=>"Bernasconi", :given=>"Stefano"}, {:family=>"Albrecht", :given=>"Pierre"}]	["17(E)-13 alpha", "an unexpected tricyclic hydrocarbon in sediments"]	article-journal	["Organic Geochemistry"]	["1999"]
Required	[{:family=>"Brocks", :given=>"Jochen"}, {:family=>"Logan", :given=>"Graham"}, {:family=>"Buick", :given=>"Roger"}, {:family=>"Summons", :given=>"Roger"}]	["Archean Molecular Fossils and the Early Rise of Eukaryotes"]	article-journal	["Science"]	["1999-08-13"]
Required	[{:family=>"Walker", :given=>"Richard"}, {:family=>"Walker", :given=>"David"}]	["Does the Core Leak?"]			
Required	[{:family=>"Walker", :given=>"Dave"}]	["Core Issues, Canadian Mineralogist"]			
Required	[{:family=>"Wadhwa", :given=>"M."}, {:family=>"Srinivasan", :given=>"G."}, {:family=>"Carlson", :given=>"R.W."}]	["Time Scales of Planetesimal Differentiation"]	chapter	["Meteorites and the Early Solar System II"]	["2006"]
Required	[{:family=>"Foley", :given=>"C.N."}, {:family=>"Wadhwa", :given=>"M."}, {:family=>"Borg", :given=>"L."}, {:family=>"Janney", :given=>"P.E."}, {:family=>"Hines", :given=>"R."}, {:family=>"Grove", :given=>"T.L."}]	["The Early Differentiation History of Mars from New Constraints on the 182W-142Nd Isotope Systematics in SNC Meteorites"]	article-journal	["Geochimica Cosmochimica Acta"]	["2005"]
Required	[{:family=>"Dauphas", :given=>"N."}, {:family=>"Zuilen", :given=>"M.", :particle=>"van"}, {:family=>"Wadhwa", :given=>"M."}, {:family=>"Davis", :given=>"A.M."}, {:family=>"Marty", :given=>"S."}, {:family=>"Janney", :given=>"P.E."}]	["Clues from Fe Isotope Variations on the Origin of Early Archean BIFs from Greenland"]	article-journal	["Science"]	["2004"]
Required	[{:family=>"Bédard", :given=>"Jean H."}]	["Evidence for Regional-Scale, Pluton-Driven, High-Grade Metamorphism in Archaean Minto Block, Northern Superior Province, Canada"]	article-journal	["The Journal of Geology"]	["2003"]
Required	[{:family=>"Bédard", :given=>"Jean H."}, {:family=>"Brouillette", :given=>"Pierre"}, {:family=>"Madore", :given=>"Louis"}, {:family=>"Berclaz", :given=>"Alain"}]	["Archean cratonization and deformation in the northern Superior Province, Canada: an evaluation of plate tectonic versus verticle tectonic models, Elsevier"]	article-journal	["Precambrian Research"]	["2003"]
Required	[{:family=>"Bédard", :given=>"J.H."}]	["Erratum to Archaean cratonization and deformation in the northern Superior Province, Canada: an evaluation of plate tectonic versus vertical tectonic models", "and “Elsevier"]	article-journal	["Precambian Research", "Precambrian Research"]	["2003", "2004"]
Required	[{:family=>"Tian", :given=>"Feng"}, {:family=>"Toon", :given=>"Owen B."}, {:family=>"Pavlov", :given=>"Alexander A."}, {:family=>"Sterck", :given=>"H.", :particle=>"De"}]	["A Hydrogen-Rich Early Earth Atmosphere"]	article-journal	["Sciencexpress"]	["2005-04"]
Required	[{:family=>"Kasting", :given=>"James"}, {:family=>"Catling", :given=>"David"}]	["Evolution of a Habitable Planet"]	article-journal	["Annual Revised Astron. Astrophys"]	["2003"]
Required	[{:family=>"Canfeld", :given=>"D.E."}]	["A New Model for Proterozoic Ocean Chemistry"]	article-journal	["Nature"]	["1998-12-03"]
Required	[{:family=>"Rouxel", :given=>"Olivier J."}, {:family=>"Bekker", :given=>"Andrey"}, {:family=>"Edwards", :given=>"Katrina J."}]	["Iron Isotope Constraints on the Archean and Paleoproterozoic"]	article-journal	["Science"]	["2005-02-18"]
Required	[{:family=>"Yamaguchi", :given=>"Kosei E."}, {:family=>"Johnson", :given=>"Clark M."}, {:family=>"Beard", :given=>"Brian L."}, {:family=>"Ohmoto", :given=>"Hiroshi"}]	["Biogeochemical cycling of iron in the Archean-Paleoproterozoic Earth: Constraints from iron isotope variations in sedimentary rocks from the Kaapvaal and Pilbara Cratons"]	article-journal	["Chemical Geology"]	
Optional	[{:family=>"Walker", :given=>"Dave"}]	["Core Participation in Mantle Geochemistry: Geochemical Society Ingerson Lecture, GSA Denver 1999"]	article-journal	["Geochimica et Cosmochinica Acta"]	["2000"]
Optional	[{:family=>"Walker", :given=>"Dave"}, {:others=>true}]	["O2 volumes at high pressure from KClO4 decomposition: D as a siderophile element pump instead of a lid on the core"]	article-journal	["Geochemistry, Geophysics and Geosystems"]	["2002-11-23"]
Optional	[{:family=>"Knittle", :given=>"Elise"}, {:family=>"Jeanloz", :given=>"Raymond"}]	["Earth’s Core-Mantle Boundary: Results of Experiments at High Pressures and Temperatures"]	article-journal	["Science"]	["1991-03-22"]
Optional	[{:family=>"Hugh", :given=>"St"}, {:family=>"O’Neill", :given=>"C."}]	["Oxide-metal equilibria to 2500 degree C and 25 GPa: Implications for core formation and the light component in the Earth’s core"]	article-journal	["Journal of Geophysical Research"]	["1998-06-10"]
