Required	[{:family=>"Milgrom", :given=>"Paul"}]	["Putting Auction Theory to Work"]			["2004"]
Required	[{:family=>"Roth", :given=>"Alvin"}, {:family=>"Sotomayor", :given=>"Marilda"}]	["Two-Sided Matching: A Study in Game-Theoretic Modeling and Analysis"]			["1992"]
Optional	[{:family=>"Klemperer", :given=>"Paul"}]	["Auctions: Theory and Practice"]			["2004"]
Optional	[{:family=>"Krishna", :given=>"Vijay"}]	["Auction Theory"]			["2009"]
Optional	[{:family=>"Moulin", :given=>"Hervé"}]	["Axioms of Cooperative Decision Making"]			["1991"]
Optional	[{:family=>"Shiller", :given=>"Robert"}]	["Macro Markets: Creating Institutions for Managing Society’s Largest Economic Risks"]			["1998"]
Required	[{:family=>"Roth", :given=>"Alvin E."}]	["The Economist as Engineer: Game Theory, Experimentation, and Computation as Tools for Design Economics"]	article-journal	["Econometrica"]	["2002-07"]
Required	[{:family=>"Milgrom", :given=>"Paul"}]	["Package Auctions and Package Exchanges"]	article-journal	["Econometrica"]	["2007-07"]
Required	[{:family=>"Joskow", :given=>"Paul"}, {:family=>"Schmalensee", :given=>"Richard"}, {:family=>"Bailey", :given=>"Elizabeth"}]	["The Market for Sulfur Dioxide Emissions"]	article-journal	["American Economic Review"]	["1998-09"]
Required	[{:family=>"Che", :given=>"Yeon-Koo"}, {:family=>"Gale", :given=>"Ian"}]	["Market Versus Non-Market Assignment of Initial Ownership"]	book		["2006"]
Required	[{:family=>"Klemperer", :given=>"Paul"}]	["What Really Matters in Auction Design?"]	article-journal	["Journal of Economic Perspectives"]	["2002"]
Optional	[{:family=>"Coase", :given=>"Ronald"}]	["The Federal Communications Commission"]	article-journal	["Journal of Law and Economics"]	["1959-10"]
Optional		["The Problem of Social Cost"]	article-journal	["Journal of Law and Economics"]	["1960-10"]
Optional	[{:family=>"McMillan", :given=>"John"}]	["Selling Spectrum Rights"]	article-journal	["Journal of Economic Perspectives"]	["1994"]
Optional	[{:family=>"Montgomery", :given=>"W.David"}]	["Markets in Licenses and Efficient Pollution Control Programs"]	article-journal	["Journal of Economic Theory"]	["1972-12"]
Optional	[{:family=>"Hahn", :given=>"Robert"}]	["Market Power and Transferable Property Rights"]	article-journal	["Quarterly Journal of Economics"]	["1984-11"]
Optional	[{:family=>"Weitzman", :given=>"Martin"}]	["Is the Price System or Rationing More Effective in Getting a Commodity to Those Who Need it Most?"]	article-journal	["Bell Journal of Economics"]	["1977"]
Optional	[{:family=>"Sah", :given=>"Raaj Kumar"}]	["Queues, Rations, and Market: Comparisons of Outcomes for the Poor and the Rich"]	article-journal	["American Economic Review"]	["1987-03"]
Optional	[{:family=>"Elster", :given=>"Jon"}]	["Local Justice: How Institutions Allocate Scarce Goods and Necessary Burdens"]			["1993"]
Optional	[{:family=>"Roth", :given=>"Alvin E."}]	["Repugnance as a Constraint on Markets"]	article-journal	["Journal of Economic Perspectives"]	["2007"]
Optional	[{:family=>"Moulin", :given=>"Hervé"}]	["Priority Rules and Other Asymmetric Rationing Methods"]	article-journal	["Econometrica"]	["2000-05"]
Optional	[{:family=>"Fowlie", :given=>"Meredith"}, {:family=>"Perloff", :given=>"Jeffrey"}]	["Distributing Pollution Rights in Cap-and-Trade Programs: Are Outcomes Independent of Allocation?"]	book		["2009"]
Optional	[{:family=>"Mansur", :given=>"Erin T."}, {:family=>"White", :given=>"Matt"}]	["Market Organization and Efficiency in Electricity Markets"]	book		["2007"]
Optional	[{:family=>"Leslie", :given=>"Phillip"}, {:family=>"Sorenson", :given=>"Alan"}]	["The Welfare Effects of Ticket Resale"]	article-journal	["Also available as National Bureau of Economic Research Working Paper"]	["2009-10", "2009-11"]
Optional	[{:family=>"Fowlie", :given=>"Meredith"}, {:family=>"Holland", :given=>"Stephen"}, {:family=>"Mansur", :given=>"Erin T."}]	["What Do Emissions Markets Deliver and To Whom? Evidence from Southern California’s NOx Trading Program"]	article-journal	["National Bureau of Economic Research Working Paper"]	["2009-06"]
Required	[{:family=>"Reny", :given=>"Philip"}]	["Arrow’s Theorem and the Gibbard-Satterthwaite Theorem: A Unified Approach"]	article-journal	["Economics Letters"]	["2001-01"]
Required	[{:family=>"Klemperer", :given=>"Paul"}]	["Why Every Economist Should Learn Some Auction Theory.” Chapter 2 in Advances in Economics and Econometrics: Theory and Practice, Eighth World Congress"]			["2003"]
Required	[{:family=>"Ausubel", :given=>"Lawrence"}, {:family=>"Milgrom", :given=>"Paul"}]	["The Lovely but Lonely Vickrey Auction"]	chapter	["Chapter 1 in Combinatorial Auctions"]	["2010"]
Required	[{:family=>"Rothkopf", :given=>"Michael"}, {:family=>"Tesiberg", :given=>"Thomas"}, {:family=>"Kahn", :given=>"Edward"}]	["Why are Vickrey Auctions Rare?"]	article-journal	["Journal of Political Economy"]	["1990-02"]
Required	[{:family=>"Milgrom", :given=>"Paul"}, {:family=>"Segal", :given=>"Ilya"}]	["The Envelope Theorem for Arbitrary Choice Sets"]	article-journal	["Econometrica"]	["2002-03"]
Optional	[{:family=>"Vickrey", :given=>"William"}]	["Counterspeculation, Auctions, and Competitive Sealed Tenders"]	article-journal	["Journal of Finance"]	["1961-03"]
Optional	[{:family=>"Harris", :given=>"Milton"}, {:family=>"Townsend", :given=>"Robert"}]	["Resource Allocation under Asymmetric Information"]	article-journal	["Econometrica"]	["1981-01"]
Optional	[{:family=>"Holmström", :given=>"Bengt"}]	["Groves’ Schemes on Restricted Domains"]	article-journal	["Econometrica"]	["1979-09"]
Optional	[{:family=>"Gibbard", :given=>"Allan"}]	["Manipulation of Voting Schemes: A General Result"]	article-journal	["Econometrica"]	["1973-07"]
Optional	[{:family=>"Satterthwaite", :given=>"Mark"}]	["Strategy-Proofness and Arrow’s Conditions: Existence and Correspondence Theorems for Voting Procedures and Social Welfare Functions"]	article-journal	["Journal of Economic Theory"]	["1975-04"]
Optional	[{:family=>"Gibbard", :given=>"Allan"}]	["Manipulation of Schemes that Mix Voting with Chance"]	article-journal	["Econometrica"]	["1977-04"]
Optional	[{:family=>"Fudenberg", :given=>"Drew"}, {:family=>"Tirole", :given=>"Jean"}]	["Bayesian Games and Mechanism Design"]	chapter	["Chapter 7 in Game Theory"]	["1991"]
Optional	[{:family=>"d’Aspremont", :given=>"Claude"}, {:family=>"Gerard-Varet", :given=>"Louis-Andre"}]	["Incentives and Incomplete Information"]	article-journal	["Journal of Public Economics"]	["1979-02"]
Optional	[{:family=>"Crémer", :given=>"Jacques"}, {:family=>"McLean", :given=>"Richard"}]	["Optimal Selling Strategies under Uncertainty for a Discriminating Monopolist when Demands are Interdependent"]	article-journal	["Econometrica"]	["1985-03"]
Optional	[{:family=>"McAfee", :given=>"R.Preston"}, {:family=>"Reny", :given=>"Philip"}]	["Correlated Information and Mechanism Design"]	article-journal	["Econometrica"]	["1992-03"]
Optional	[{:family=>"Chung", :given=>"Kim-Sau"}, {:family=>"Olszewski", :given=>"Wojciech"}]	["A Non-Differentiable Approach to Revenue Equivalence"]	article-journal	["Theoretical Economics"]	["2007-12"]
Optional	[{:family=>"McLennan", :given=>"Andrew"}]	["Manipulation in Elections with Uncertain Preferences"]	article-journal	["School of Economics Discussion Paper"]	["2008"]
Required	[{:family=>"Myerson", :given=>"Roger"}]	["Optimal Auction Design"]	article-journal	["Mathematics of Operations Research"]	["1981-02"]
Required	[{:family=>"Demange", :given=>"Gabrielle"}, {:family=>"Gale", :given=>"David"}, {:family=>"Sotomayor", :given=>"Marilda"}]	["Multi-Item Auctions"]	article-journal	["Journal of Political Economy"]	["1986-08"]
Required	[{:family=>"Myerson", :given=>"Roger"}, {:family=>"Satterthwaite", :given=>"Mark"}]	["Efficient Mechanisms for Bilateral Trading"]	article-journal	["Journal of Economic Theory"]	["1983-04"]
Required	[{:family=>"Milgrom", :given=>"Paul"}, {:family=>"Weber", :given=>"Robert"}]	["A Theory of Auctions and Competitive Bidding"]	article-journal	["Econometrica"]	["1982-09"]
Required	[{:family=>"Bulow", :given=>"Jeremy"}, {:family=>"Roberts", :given=>"John"}]	["The Simple Economics of Optimal Auctions"]	article-journal	["Journal of Political Economy"]	["1989-10"]
Required	[{:family=>"McAfee", :given=>"R.Preston"}, {:family=>"McMillan", :given=>"John"}]	["Bidding Rings"]	article-journal	["American Economic Review"]	["1992-06"]
Optional	[{:family=>"Levin", :given=>"Daniel"}, {:family=>"Smith", :given=>"James L."}]	["Equilibrium in Auctions with Entry"]	article-journal	["American Economic Review"]	["1994-06"]
Optional	[{:family=>"Bulow", :given=>"Jeremy"}, {:family=>"Klemperer", :given=>"Paul"}]	["Auctions versus Negotiations"]	article-journal	["American Economic Review"]	["1996-03"]
Optional	[{:family=>"Armstrong", :given=>"Mark"}]	["Optimal Multi-Object Auctions"]	article-journal	["Review of Economic Studies"]	["2000-07"]
Optional	[{:family=>"Wilson", :given=>"Robert"}]	["Incentive Efficiency of Double Auctions"]	article-journal	["Econometrica"]	["1985-09"]
Optional	[{:family=>"McAfee", :given=>"R.Preston"}, {:family=>"McMillan", :given=>"J."}]	["Auctions and Bidding"]	article-journal	["Journal of Economic Literature"]	["1987-06"]
Optional	[{:family=>"Milgrom", :given=>"Paul"}, {:family=>"Weber", :given=>"Robert"}]	["The Value of Information in a Sealed-Bid Auction"]	article-journal	["Journal of Mathematical Economics"]	["1982-06"]
Optional	[{:family=>"Bergemann", :given=>"Dirk"}, {:family=>"Välimäki", :given=>"Juuso"}]	["The Dynamic Pivot Mechanism"]	chapter	["Cowles Foundation Discussion Paper No. 1672"]	["2008-08"]
Optional	[{:family=>"Chen", :given=>"Chia-Hui"}]	["One-to-Many Negotiation Between a Seller and Asymmetric Buyers"]	thesis		["2009-04"]
Optional	[{:family=>"Pai", :given=>"Mallesh M."}, {:family=>"Vohra", :given=>"Rakesh"}]	["Optimal Auctions with Financially Constrained Bidders"]	book		["2009-07"]
Optional	[{:family=>"Fox", :given=>"Jeremy T."}, {:family=>"Bajari", :given=>"Patrick"}]	["Measuring the Efficiency of an FCC Spectrum Auction"]	article-journal	["Also available as National Bureau of Economic Research Working Paper"]	["2009-10", "2005-10"]
Optional	[{:family=>"Segal", :given=>"Ilya"}, {:family=>"Whinston", :given=>"Michael D."}]	["An Expected-Efficient Status Quo Allows Efficient Bargaining"]	book		["2009-01"]
Optional	[{:family=>"Hafalir", :given=>"Isa"}, {:family=>"Krishna", :given=>"Vijay"}]	["Asymmetric Auctions with Resale"]	book		["2006-01"]
Optional	[{:family=>"Cheng", :given=>"Harrison"}, {:family=>"Tan", :given=>"Guofu"}]	["Auctions with Resale and Bargaining Power"]	book		["2009-01"]
Required	[{:family=>"Shapley", :given=>"Lloyd"}, {:family=>"Scarf", :given=>"Herbert"}]	["On Cores and Indivisibility"]	article-journal	["Journal of Mathematical Economics"]	["1974-03"]
Required	[{:family=>"Moulin", :given=>"Hervé"}]	["Core and Competitive Equilibrium: Multiple Goods.” Chapter 3 in Cooperative Microeconomics: A Game-Theoretic Introduction"]			["1995"]
Required	[{:family=>"Roth", :given=>"Alvin E."}, {:family=>"Postlewaite", :given=>"Andrew"}]	["Weak versus Strong Domination in a Market with Indivisible Goods"]	article-journal	["Journal of Mathematical Economics"]	["1977-08"]
Required	[{:family=>"Roth", :given=>"Alvin E."}]	["Incentive Compatibility in a Market with Indivisible Goods"]	article-journal	["Economics Letters"]	["1982"]
Required	[{:family=>"Hylland", :given=>"Aanund"}, {:family=>"Zeckhauser", :given=>"Richard"}]	["The Efficient Allocation of Individuals to Positions"]	article-journal	["Journal of Political Economy"]	["1979-04"]
Required	[{:family=>"Abdulkadiroğlu", :given=>"Atila"}, {:family=>"Sönmez", :given=>"Tayfun"}]	["House Allocation with Existing Tenants"]	article-journal	["Journal of Economic Theory"]	["1977-10"]
Required	[{:family=>"Roth", :given=>"Alvin E."}, {:family=>"Sönmez", :given=>"Tayfun"}, {:family=>"Ünver", :given=>"M.Utku"}]	["Kidney Exchange"]	article-journal	["Quarterly Journal of Economics"]	["2004-05"]
Required	[{:family=>"Gale", :given=>"David"}, {:family=>"Shapley", :given=>"Lloyd S."}]	["College Admissions and the Stability of Marriage"]	article-journal	["American Mathematical Monthly"]	["1962-01"]
Required	[{:family=>"Roth", :given=>"Alvin E."}]	["The Evolution of the Labor Market for Medical Interns and Residents: A Case Study in Game Theory"]	article-journal	["Journal of Political Economy"]	["1984-12"]
Required	[{:family=>"Niederle", :given=>"Muriel"}, {:family=>"Roth", :given=>"Alvin E."}]	["Relationship Between Wages and Presence of a Match in Medical Fellowships"]	article-journal	["Journal of the American Medical Association"]	["2003"]
Required	[{:family=>"Bulow", :given=>"Jeremy"}, {:family=>"Levin", :given=>"Jonathan"}]	["Matching and Price Competition"]	article-journal	["American Economic Review"]	["2006-06"]
Required	[{:family=>"Niederle", :given=>"Muriel"}, {:family=>"Roth", :given=>"Alvin E."}]	["Unraveling Reduces the Scope of an Entry Level Labor Market: Gastroenterology With and Without a Centralized Match"]	article-journal	["Journal of Political Economy"]	["2003-12", "2001-12"]
Optional	[{:family=>"Sönmez", :given=>"Tayfun"}]	["Manipulation via Capacities in Two-Sided Matching Markets"]	article-journal	["Journal of Economic Theory"]	["1997-11"]
Optional		["Can Pre-Arranged Matches by Avoided in Two-Sided Matching Markets?"]	article-journal	["Journal of Economic Theory"]	["1999-05"]
Optional	[{:family=>"Kelso", :given=>"Alexander S.", :suffix=>"Jr."}, {:family=>"Crawford", :given=>"Vincent P."}]	["Job Matching, Coalition Formation, and Gross Substitutes"]	article-journal	["Econometrica"]	["1982-11"]
Optional	[{:family=>"Gul", :given=>"Faruk"}, {:family=>"Stachetti", :given=>"Ennio"}]	["Walrasian Equilibrium with Gross Substitutes"]	article-journal	["Journal of Economic Theory"]	["1999-07"]
Optional	[{:family=>"Hatfield", :given=>"John"}, {:family=>"Milgrom", :given=>"Paul"}]	["Matching with Contracts"]	article-journal	["American Economic Review"]	["2005-09"]
Optional	[{:family=>"Ostrovsky", :given=>"Michael"}]	["Stability in Supply-Chain Networks"]	article-journal	["American Economic Review"]	["2008-06"]
Required	[{:family=>"Abdulkadiroğlu", :given=>"Atila"}, {:family=>"Sönmez", :given=>"Tayfun"}]	["Random Serial Dictatorship and the Core from Random Endowments in House Allocation Problems"]	article-journal	["Econometrica"]	["1998-05"]
Required	[{:family=>"Pathak", :given=>"Parag"}]	["Lotteries in Student Assignment: The Equivalence of Queueing and a Market-Based Approach"]	book		["2008-12"]
Required	[{:family=>"Bogomolnaia", :given=>"Anna"}, {:family=>"Moulin", :given=>"Hervé"}]	["A New Solution to the Random Assignment Problem"]	article-journal	["Journal of Economic Theory"]	["2001-10"]
Required	[{:family=>"Kojima", :given=>"Fuhito"}, {:family=>"Manea", :given=>"Mihai"}]	["Strategy-Proofness of the Probabilistic Serial Mechanism in Large Random Assignment Problems"]	book		["2008-09"]
Required	[{:family=>"Kojima", :given=>"Fuhito"}, {:family=>"Che", :given=>"Yeon-Koo"}]	["Asymptotic Equivalence of Probabilistic Serial and Random Priority Mechanisms"]	chapter	["Econometrica . Also available as Cowles Foundation Discussion Paper No. 1677"]	["2008-10"]
Optional	[{:family=>"Manea", :given=>"Mihai"}]	["Asymptotic Ordinal Inefficiency of Random Serial Dictatorship"]	article-journal	["Theoretical Economics"]	["2009-06"]
Optional	[{:family=>"Sönmez", :given=>"Tayfun"}, {:family=>"Ünver", :given=>"M.Utku"}]	["House Allocation with Existing Tenants: An Equivalence"]	article-journal	["Games and Economic Behavior"]	["2005-07"]
Optional	[{:family=>"Bogomolnaia", :given=>"Anna"}, {:family=>"Moulin", :given=>"Hervé"}]	["Random Matching under Dichotomous Preferences"]	article-journal	["Econometrica"]	["2004-01"]
Optional	[{:family=>"Roth", :given=>"Alvin E."}, {:family=>"Sönmez", :given=>"Tayfun"}, {:family=>"Ünver", :given=>"M.Utku"}]	["Pairwise Kidney Exchange"]	article-journal	["Journal of Economic Theory"]	["2005-12"]
Required	[{:family=>"Abdulkadiroğlu", :given=>"Atila"}, {:family=>"Sönmez", :given=>"Tayfun"}]	["School Choice: A Mechanism Design Approach"]	article-journal	["American Economic Review"]	["2003-06"]
Required	[{:family=>"Abdulkadiroğlu", :given=>"Atila"}, {:family=>"Pathak", :given=>"Parag"}, {:family=>"Roth", :given=>"Alvin E."}]	["Strategy-Proofness vs. Efficiency Matching with Indifferences: Redesigning the New York City High School Match"]	article-journal	["American Economic Review"]	["2009-12"]
Required	[{:family=>"Erdil", :given=>"Aytek"}, {:family=>"Ergin", :given=>"Haluk"}]	["What’s the Matter with Tie-Breaking? Improving Efficiency in School Choice"]	article-journal	["American Economic Review"]	["2008-06"]
Required	[{:family=>"Pathak", :given=>"Parag"}, {:family=>"Sönmez", :given=>"Tayfun"}]	["Leveling the Playing Field: Sincere and Sophisticated Players in the Boston Mechanism"]	article-journal	["American Economic Review"]	["2008-09"]
Optional	[{:family=>"Abdulkadiroğlu", :given=>"Atila"}, {:family=>"Pathak", :given=>"Parag"}, {:family=>"Roth", :given=>"Alvin E."}, {:family=>"Sönmez", :given=>"Tayfun"}]	["Changing the Boston School Choice Mechanism: Strategy-Proofness as Equal Access"]	book		["2006"]
Optional	[{:family=>"Abdulkadiroğlu", :given=>"Atila"}, {:family=>"Che", :given=>"Yeon-Koo"}, {:family=>"Yasuda", :given=>"Yosuke"}]	["Expanding ‘Choice’ in School Choice"]	article-journal	["Economic Research Initiatives at Duke (ERID) Research Paper"]	["2008-11"]
Required	[{:family=>"Edelman", :given=>"Benjamin"}, {:family=>"Ostrovsky", :given=>"Michael"}, {:family=>"Schwarz", :given=>"Michael"}]	["Internet Advertising and the Generalized Second Price Auction: Selling Billions of Dollars of Keywords"]	article-journal	["Also available as National Bureau of Economic Research Working Paper", "American Economic Review"]	["2007-03", "2005-11"]
Required	[{:family=>"Harrison", :given=>"Glenn"}]	["Theory and Misbehavior in First-Price Auctions"]	article-journal	["American Economic Review"]	["1989-09"]
Required	[{:family=>"Laffont", :given=>"Jean-Jacques"}, {:family=>"Ossard", :given=>"Hervé"}, {:family=>"Vuong", :given=>"Quang"}]	["Econometrics of First Price Auctions"]	article-journal	["Econometrica"]	["1995-07"]
Required	[{:family=>"Guerre", :given=>"Emmanuel"}, {:family=>"Perrigne", :given=>"Isabelle"}, {:family=>"Vuong", :given=>"Quang"}]	["Optimal Nonparametric Estimation of First-Price Auctions"]	article-journal	["Econometrica"]	["2000-05"]
Required	[{:family=>"Haile", :given=>"Philip"}, {:family=>"Tamer", :given=>"Elie"}]	["Inference with an Incomplete Model of English Auctions"]	article-journal	["Journal of Political Economy"]	["2003-02"]
Optional	[{:family=>"Hendricks", :given=>"Kenneth"}, {:family=>"Porter", :given=>"Robert H."}]	["An Empirical Study of an Auction with Asymmetric Information"]	article-journal	["American Economic Review"]	["1988-12"]
Optional	[{:family=>"Guerre", :given=>"Emmanuel"}, {:family=>"Perrigne", :given=>"Isabelle"}, {:family=>"Vuong", :given=>"Quang"}]	["Nonparametric Identification of Risk Aversion in First-Price Auctions Under Exclusion Restrictions"]	article-journal	["Econometrica"]	["2009-07"]
Optional	[{:family=>"Athey", :given=>"Susan"}, {:family=>"Haile", :given=>"Philip"}]	["Identification of Standard Auction Models"]	article-journal	["Econometrica"]	["2002-11"]
Optional		["Nonparametric Approaches to Auctions"]	chapter	["Chapter 60 in Handbook of Econometrics"]	["2005"]
Optional	[{:family=>"Wilson", :given=>"Robert"}]	["Auctions of Shares"]	article-journal	["Quarterly Journal of Economics"]	["1979-11"]
Optional	[{:family=>"Kremer", :given=>"Ilan"}, {:family=>"Nyborg", :given=>"Kjell"}]	["Divisible Good Auctions: The Role of Allocation Rules"]	article-journal	["Rand Journal of Economics"]	["2004"]
Optional	[{:family=>"Back", :given=>"Kerry"}, {:family=>"Zender", :given=>"Jaime F."}]	["Auctions of Divisible Goods: on the Rationale for the Treasury Experiment"]	article-journal	["Review of Financial Studies"]	["1993"]
Optional	[{:family=>"Nyborg", :given=>"Kjell"}, {:family=>"Rydqvist", :given=>"Kristian"}, {:family=>"Sundaresan", :given=>"Suresh"}]	["Bidder Behavior in Multiunit Auctions: Evidence from Swedish Treasury Auctions"]	article-journal	["Journal of Political Economy"]	["2002-04"]
Optional	[{:family=>"Malvey", :given=>"Paul F."}, {:family=>"Archibald", :given=>"Christine M."}]	["Uniform-Price Auctions: Update of the Treasury Experience"]	chapter	["Office of Market Finance, U.S"]	["1998-10"]
Optional	[{:family=>"Milgrom", :given=>"Paul"}]	["Putting Auction Theory to Work: the Simultaneous Ascending Auction"]	article-journal	["Journal of Political Economy"]	["2000-04"]
Optional	[{:family=>"Bernheim", :given=>"B.Douglas"}, {:family=>"Whinston", :given=>"Michael"}]	["Menu Auctions, Resource Allocation, and Economic Influence"]	article-journal	["Quarterly Journal of Economics"]	["1986-02"]
Optional	[{:family=>"Ausubel", :given=>"Lawrence"}]	["An Efficient Ascending-Bid Auction for Multiple Objects"]	article-journal	["American Economic Review"]	["2004-12"]
Optional	[{:family=>"Ausubel", :given=>"Lawrence"}, {:family=>"Cramton", :given=>"Peter"}]	["Demand Reduction and Inefficiency in Multi-Unit Auctions"]			["2002-07"]
Optional	[{:family=>"Ausubel", :given=>"Lawrence"}, {:family=>"Milgrom", :given=>"Paul"}]	["Ascending Auctions with Package Bidding"]	article-journal	["Working Paper"]	["2002-03"]
Optional	[{:family=>"Dasgupta", :given=>"Partha"}, {:family=>"Maskin", :given=>"Eric"}]	["Efficient Auctions"]	article-journal	["Quarterly Journal of Economics"]	["2000-05"]
Optional	[{:family=>"Jehiel", :given=>"Philippe"}, {:family=>"Moldovanu", :given=>"Benny"}]	["Efficient Design with Interdependent Valuations"]	article-journal	["Econometrica"]	["2001-09"]
Optional	[{:family=>"Hansen", :given=>"Robert G."}]	["Auctions with Contingent Payments"]	article-journal	["American Economic Review"]	["1985-09"]
Optional	[{:family=>"Maskin", :given=>"Eric"}, {:family=>"Riley", :given=>"John"}]	["Asymmetric Auctions"]	article-journal	["Review of Economic Studies"]	["2000-07"]
Optional	[{:family=>"DeMarzo", :given=>"Peter"}, {:family=>"Kremer", :given=>"Ilan"}, {:family=>"Skrzypacz", :given=>"Andrzej"}]	["Bidding with Securities: Auctions and Security Design"]	article-journal	["American Economic Review"]	["2005-09"]
Optional	[{:family=>"Krishna", :given=>"Vijay"}]	["Asymmetric English Auctions"]	article-journal	["Journal of Economic Theory"]	["2003-10"]
Optional	[{:family=>"Asker", :given=>"John"}]	["A Study of the Internal Organisation of a Bidding Cartel"]			["2009-04"]
Optional	[{:family=>"Marshall", :given=>"Robert"}, {:family=>"Marx", :given=>"Leslie"}]	["The Vulnerability of Auctions to Bidder Collusion"]	article-journal	["Quarterly Journal of Economics"]	["2009-05"]
Optional	[{:family=>"Kastl", :given=>"Jakub"}]	["Discrete Bids and Empirical Inference in Divisible Good Auctions"]	book		["2009"]
Optional	[{:family=>"Hortaçsu", :given=>"Ali"}, {:family=>"Kastl", :given=>"Jakub"}]	["Do Bidders in Canadian Treasury Bill Auctions Have Private Values?"]	book		["2008"]
Optional	[{:family=>"Ma", :given=>"Jipeng"}]	["Strategy-Proofness and Strict Core in a Market with Indivisibilities"]	article-journal	["International Journal of Game Theory"]	["1994"]
Optional	[{:family=>"Svensson", :given=>"Lars-Gunnar"}]	["Queue Allocation of Indivisible Goods"]	article-journal	["Social Choice and Welfare"]	["1994-10"]
Optional		["Strategy-Proof Allocation of Indivisible Goods"]	article-journal	["Social Choice and Welfare"]	["1999-09"]
Optional	[{:family=>"Papai", :given=>"Szilvia"}]	["Strategy-Proof Assignment by Hierarchical Exchange"]	article-journal	["Econometrica"]	["2000-11"]
Optional	[{:family=>"Sönmez", :given=>"Tayfun"}, {:family=>"Ünver", :given=>"M.Utku"}]	["House Allocation with Existing Tenants: A Characterization"]	book		["2009"]
Optional	[{:family=>"Pycia", :given=>"Marek"}, {:family=>"Ünver", :given=>"M.Utku"}]	["A Theory of House Allocation and Exchange Mechanisms"]	article-journal	["Boston College Working Papers in Economics"]	["2009-01"]
Required	[{:family=>"Jehiel", :given=>"Philippe"}, {:family=>"Moldovanu", :given=>"Benny"}, {:family=>"Stacchetti", :given=>"Ennio"}]	["How (Not) to Sell Nuclear Weapons"]	article-journal	["American Economic Review"]	["1996-09"]
Required	[{:family=>"Jehiel", :given=>"Philippe"}, {:family=>"Moldovanu", :given=>"Benny"}]	["Resale Markets and the Assignment of Property Rights"]	article-journal	["Review of Economic Studies"]	["1999-10"]
Required	[{:family=>"Halafir", :given=>"Isa"}, {:family=>"Krishna", :given=>"Vijay"}]	["Asymmetric Auctions with Resale"]	article-journal	["American Economic Review"]	["2008-03"]
Required	[{:family=>"Haile", :given=>"Philip"}]	["Auctions with Resale Markets: An Application to U.S. Forest Service Timber Sales"]	article-journal	["American Economic Review"]	["2001-06"]
Optional	[{:family=>"Gomes", :given=>"Armando"}, {:family=>"Jehiel", :given=>"Philippe"}]	["Dynamic Processes of Social and Economic Interactions: On the Persistence of Inefficiencies"]	article-journal	["Journal of Political Economy"]	["2005-06"]
Optional	[{:family=>"Garratt", :given=>"Rodney"}, {:family=>"Tröger", :given=>"Thomas"}, {:family=>"Zheng", :given=>"Charles"}]	["Collusion via Resale"]	article-journal	["Econometrica"]	["2009-07"]
Optional	[{:family=>"Garratt", :given=>"Rodney"}, {:family=>"Tröger", :given=>"Thomas"}]	["Speculation in Standard Auctions with Resale"]	article-journal	["Econometrica"]	["2006-05"]
Optional	[{:family=>"Zheng", :given=>"Charles"}]	["Optimal Auctions with Resale"]	article-journal	["Econometrica"]	["2002-11"]
Optional	[{:family=>"Bergemann", :given=>"Dirk"}, {:family=>"Välimäki", :given=>"Juuso"}]	["Dynamic Marginal Contribution Mechanisms"]	chapter	["Cowles Foundation Discussion Paper No. 1616"]	["2007-07"]
Optional	[{:family=>"Segal", :given=>"Ilya"}, {:family=>"Pavan", :given=>"Alessandro"}, {:family=>"Toikka", :given=>"Juuso"}]	["Dynamic Mechanism Design: Revenue Equivalence, Profit Maximization, and Information Disclosure"]	book		["2008-05"]
Optional	[{:family=>"Gershkov", :given=>"Alex"}, {:family=>"Moldovanu", :given=>"Benny"}]	["Learning about the Future and Dynamic Efficiency"]	article-journal	["American Economic Review"]	["2009-09"]
Optional		["Dynamic Revenue Maximization with Heterogeneous Objects: A Mechanism Design Approach"]	article-journal	["American Economic Journal: Microeconomics"]	["2009-08"]
Required	[{:family=>"Roth", :given=>"Alvin E."}, {:family=>"Rothblum", :given=>"Uriel G."}]	["Truncation Strategies in Matching Markets—In Search of Advice for Participants"]	article-journal	["Econometrica"]	["1999-01"]
Required	[{:family=>"Pathak", :given=>"Parag"}, {:family=>"Sönmez", :given=>"Tayfun"}]	["Comparing Mechanisms by their Vulnerability to Manipulation"]	book		["2009-01"]
Required	[{:family=>"Dasgupta", :given=>"Partha"}, {:family=>"Maskin", :given=>"Eric"}]	["On the Robustness of Majority Rule"]	article-journal	["Journal of the European Economic Association"]	["2008-09"]
Required	[{:family=>"Milgrom", :given=>"Paul"}]	["Simplified Mechanisms with an Application to Sponsored-Search Auctions"]	chapter	["Games and Economic Behavior . Also available as Stanford Institute for Economic Policy Research (SIEPR) Discussion Paper 08-013"]	["2008-12"]
Required		["Assignment Messages and Exchanges"]	article-journal	["American Economic Journal: Microeconomics"]	["2009-08"]
Required	[{:family=>"Esponda", :given=>"Ignacio"}]	["Behavioral Equilibrium in Economies with Adverse Selection"]	article-journal	["American Economic Review"]	["2008-09"]
Required		["Information Feedback in First Price Auctions"]	article-journal	["Rand Journal of Economics"]	["2008"]
Required	[{:family=>"Bergemann", :given=>"Dirk"}, {:family=>"Morris", :given=>"Stephen"}]	["Robust Mechanism Design"]	article-journal	["Econometrica"]	["2005-11"]
Required		["An Ascending Auction for Interdependent Values: Uniqueness and Robustness to Strategy Uncertainty"]	article-journal	["American Economic Review"]	["2007-05"]
Optional	[{:family=>"Wilson", :given=>"Robert B."}]	["Efficient and Competitive Rationing"]	article-journal	["Econometrica"]	["1989-01"]
Optional	[{:family=>"McAfee", :given=>"R.Preston"}]	["Coarse Matching"]	article-journal	["Econometrica"]	["2002-09"]
Optional	[{:family=>"Roth", :given=>"Alvin E."}, {:family=>"Sönmez", :given=>"Tayfun"}, {:family=>"Ünver", :given=>"M.Utku"}]	["Efficient Kidney Exchange: Coincidence of Wants in Markets with Compatibility-Based Preferences"]	article-journal	["American Economic Review"]	["2007-06"]
Optional	[{:family=>"Budish", :given=>"Eric"}]	["The Combinatorial Assignment Problem: Approximate Competitive Equilibrium from Equal Incomes"]	book		["2009-10"]
Optional	[{:family=>"Chung", :given=>"Kim-Sau"}, {:family=>"Ely", :given=>"Jeffrey C."}]	["Foundations of Dominant Strategy Mechanisms"]	article-journal	["Review of Economic Studies"]	["2007-04"]
Optional	[{:family=>"Roth", :given=>"Alvin E."}, {:family=>"Ockenfels", :given=>"Axel"}]	["Last-Minute Bidding and the Rules for Ending Second-Price Auctions: Evidence from eBay and Amazon Auctions on the Internet"]	article-journal	["American Economic Review"]	["2002-09", "2000-06"]
Optional	[{:family=>"Ely", :given=>"Jeffrey C."}, {:family=>"Hossain", :given=>"Tanjim"}]	["Sniping and Squatting in Auction Markets"]	article-journal	["American Economic Journal: Microeconomics"]	["2009-08"]
Optional	[{:family=>"Chapman", :given=>"James T.E."}, {:family=>"McAdams", :given=>"David"}, {:family=>"Paarsch", :given=>"Harry"}]	["Bounding Best-Response Violations in Discriminatory Auctions with Private Values"]	book		["2006-07"]
Required	[{:family=>"Roth", :given=>"Alvin E."}, {:family=>"Peranson", :given=>"Elliot"}]	["The Redesign of the Matching Market for American Physicians: Some Engineering Aspects of Economic Design"]	article-journal	["American Economic Review"]	["1999-09"]
Required	[{:family=>"Kojima", :given=>"Fuhito"}, {:family=>"Pathak", :given=>"Parag"}]	["Incentives and Stability in Large Two-Sided Matching Markets"]	article-journal	["American Economic Review"]	["2009-06"]
Required	[{:family=>"Kojima", :given=>"Fuhito"}, {:family=>"Pathak", :given=>"Parag"}, {:family=>"Roth", :given=>"Alvin E."}]	["Stability and Incentives in Matching with Couples"]	book		["2009"]
Required	[{:family=>"Roberts", :given=>"Donald John"}, {:family=>"Postlewaite", :given=>"Andrew"}]	["The Incentives for Price-Taking Behavior in Large Exchange Economies"]	article-journal	["Econometrica"]	["1976-01"]
Required	[{:family=>"Rustichini", :given=>"Aldo"}, {:family=>"Satterthwaite", :given=>"Mark A."}, {:family=>"Williams", :given=>"Steven R."}]	["Convergence to Efficiency in a Simple Market with Incomplete Information"]	article-journal	["Econometrica"]	["1994-09"]
Required	[{:family=>"Satterthwaite", :given=>"Mark A."}, {:family=>"Williams", :given=>"Steven R."}]	["The Optimality of a Simple Market Mechanism"]	article-journal	["Econometrica"]	["2002-09"]
Required	[{:family=>"Satterthwaite", :given=>"Mark A."}]	["Strategy-Proofness and Markets"]	article-journal	["Social Choice and Welfare"]	["2001"]
Optional	[{:family=>"Gresik", :given=>"Thomas"}, {:family=>"Satterthwaite", :given=>"Mark A."}]	["The Rate of Which a Simple Market Becomes Efficient as the Number of Traders Increases: An Asymptotic Result for Optimal Trading Mechanisms"]	article-journal	["Journal of Economic Theory"]	["1989-06", "1985-01"]
Optional	[{:family=>"Pesendorfer", :given=>"Wolfgang"}, {:family=>"Swinkels", :given=>"Jeroen"}]	["The Loser’s Curse and Information Aggregation in Common Value Auctions"]	article-journal	["Econometrica"]	["1997-11"]
Optional		["Efficiency and Information Aggregation in Auctions"]	article-journal	["American Economic Review"]	["2000-06"]
Optional	[{:family=>"Wilson", :given=>"Robert B."}]	["A Bidding Model of Perfect Competition"]	article-journal	["Review of Economic Studies"]	["1977-10"]
Optional	[{:family=>"Milgrom", :given=>"Paul"}]	["A Convergence Theorem for Competitive Bidding with Differential Information"]	article-journal	["Econometrica"]	["1979-05"]
Optional	[{:family=>"Swinkels", :given=>"Jeroen"}]	["Efficiency of Large Private Value Auctions"]	article-journal	["Econometrica"]	["2001-01"]
Optional	[{:family=>"Perry", :given=>"Motty"}, {:family=>"Reny", :given=>"Philip J."}]	["Toward a Strategic Foundation for Rational Expectations Equilibrium"]	article-journal	["Econometrica"]	["2006-09"]
Optional	[{:family=>"Wilson", :given=>"Robert B."}]	["Incentive Efficiency of Double Auctions"]	article-journal	["Econometrica"]	["1985-09"]
Optional	[{:family=>"Cripps", :given=>"Martin"}, {:family=>"Swinkels", :given=>"Jeroen"}]	["Efficiency of Large Double Auctions"]	article-journal	["Econometrica"]	["2006-01"]
Optional	[{:family=>"Fudenberg", :given=>"Drew"}, {:family=>"Mobius", :given=>"Markus"}, {:family=>"Szeidl", :given=>"Adam"}]	["Existence of Equilibrium in Large Double Auctions"]	article-journal	["Journal of Economic Theory"]	["2007-03"]
Optional	[{:family=>"McLean", :given=>"Richard"}, {:family=>"Postlewaite", :given=>"Andrew"}]	["Informational Size and Incentive Compatibility"]	article-journal	["Econometrica"]	["2002-11"]
Optional	[{:family=>"Jackson", :given=>"Matthew"}, {:family=>"Kremer", :given=>"Ilan"}]	["The Relevance of a Choice of Auction Format in a Competitive Environment"]	article-journal	["Also available as Division of the Humanities and Social Sciences Working Paper No. 1190", "Review of Economic Studies"]	["2004-01"]
Required	[{:family=>"Casella", :given=>"Alessandra"}]	["Storable Votes"]	article-journal	["Games and Economic Behavior"]	["2005-05"]
Required	[{:family=>"Jackson", :given=>"Matthew"}, {:family=>"Sonnenschein", :given=>"Hugo"}]	["Overcoming Incentive Constraints by Linking Decisions"]	article-journal	["Econometrica"]	["2007-01"]
Optional	[{:family=>"Börgers", :given=>"Tilman"}]	["Costly Voting"]	article-journal	["American Economic Review"]	["2004-03"]
Optional	[{:family=>"Börgers", :given=>"Tilman"}, {:family=>"Postl", :given=>"Peter"}]	["Efficient Compromising"]	article-journal	["Journal of Economic Theory"]	["2009-09"]
Optional	[{:family=>"Hortalla-Vallve", :given=>"Rafael"}]	["Qualitative Voting"]	article-journal	["Economics Series Working Papers"]	["2007"]
Optional	[{:family=>"Segal", :given=>"Ilya"}]	["Communication in Economic Mechanisms.” Chapter 6 in Advances in Economics and Econometrics: Theory and Applications, Ninth World Congress"]			["2006"]
Optional		["The Communication Requirements of Social Choice Rules and Supporting Budget Sets"]	article-journal	["Journal of Economic Theory"]	["2007-09"]
Optional	[{:family=>"Nisan", :given=>"Noam"}, {:family=>"Segal", :given=>"Ilya"}]	["The Communication Requirements of Efficient Allocations and Supporting Prices"]	article-journal	["Journal of Economic Theory"]	["2006-07"]
Optional	[{:family=>"Segal", :given=>"Ilya"}]	["Nash Implementation with Little Communication"]	article-journal	["Theoretical Economics"]	["2010-03"]
Required	[{:family=>"Athanasoulis", :given=>"Stefano"}, {:family=>"Shiller", :given=>"Robert"}]	["World Income Components: Measuring and Exploiting Risk Sharing Opportunities"]	article-journal	["American Economic Review"]	["2001-09"]
Required		["The Significance of the Market Portfolio"]	article-journal	["Review of Financial Studies"]	["2000"]
Required	[{:family=>"Acharya", :given=>"Viral"}, {:family=>"Bisin", :given=>"Alberto"}]	["Centralized versus Over the Counter Markets"]			["2009-05"]
Optional	[{:family=>"Cabrales", :given=>"Antonio"}, {:family=>"Calvo-Armengol", :given=>"Antoni"}, {:family=>"Jackson", :given=>"Matthew"}]	["La Crema: Fire Insurance in a Village Economy of Modern Day Europe"]	article-journal	["Journal of Political Economy"]	["2003"]
Optional	[{:family=>"Dekel", :given=>"Eddie"}, {:family=>"Jackson", :given=>"Matthew"}, {:family=>"Wolinsky", :given=>"Asher"}]	["Vote Buying: General Elections"]	article-journal	["Journal of Political Economy"]	["2008-04"]
Optional	[{:family=>"Pycia", :given=>"Marek"}]	["Many-to-One Matching without Substitutability"]	chapter	["Industrial Performance Center (IPC) Working Paper No. 05-008"]	["2005-11"]
Optional	[{:family=>"Yenmez", :given=>"M.Bumin"}]	["Incentive Compatible Market Design with an Application to Matching with Wages"]	book		["2009-11"]
Optional	[{:family=>"Lee", :given=>"Soohyung"}]	["Marriage and Online Mate-Search Services: Evidence from South Korea"]	book		["2009-10"]
