Required	Larsen, R., and M. Marx. Introduction to Mathematical Statistics and Its Applications. 4th ed. Upper Saddle River, NJ: Pearson Prentice Hall, 2005. ISBN: 9780131867932
Optional	DeGroot, M., and M. Schervish. Probability and Statistics. 3rd ed. Reading, MA: Addison-Wesley, 2001. ISBN: 9780201524888
Optional	Lindgren, B. Statistical Theory. 4th ed. New York, NY: Chapman and Hall, 1993. ISBN: 9780412041815
Optional	Ekeland, I. The Broken Dice and Other Mathematical Tales of Chance. Chicago, IL: University of Chicago Press, 1996. ISBN: 9780226199924
Optional	Huff, D., and I. Geis. How to Lie With Statistics. New York, NY: W.W. Norton, 1993. ISBN: 9780393310726
Optional	Statistics on the Table: The History of Statistical Concepts and Methods. Cambridge, MA: Harvard University Press, 2002. ISBN: 9780674009790
Optional	Taleb, N. Fooled by Randomness: The Hidden Role of Chance in Life and in the Markets. 2nd ed. New York, NY: Random House, 2008. ISBN: 9781400067930
