Required	Kundu, P. K., and I. M. Cohen. Fluid Mechanics. 3rd ed. New York, NY: Elsevier Academic Press, 2004. ISBN: 9780121782535
Required	Cushman-Roisin, B. Introduction to Geophysical Fluid Dynamics. New York, NY: Prentice Hall, 1994. ISBN: 9780133533019
Optional	Gill, A. E. Atmosphere-Ocean Dynamics. San Diego, CA: Academic Press, 1982. ISBN: 9780122835223
Optional	Tritton, D. J. Physical Fluid Dynamics. New York, NY: Oxford University Press, USA; 2 edition, 1988. ISBN: 9780198544937
Optional	Holton, J. R. An Introduction to Dynamic Meteorology. San Diego, CA: Academic Press, 1992. ISBN: 9780123543554
