Optional	Kundu, P. K. Fluid Mechanics. 3rd ed. San Diego, CA: Academic Press, 2004. ISBN: 9780121782535
Optional	Yih, C. Fluid Mechanics: A Concise Introduction to the Theory. Ann Arbor, MI: West River Press, 1988. ISBN: 9780960219001
Optional	Pedlosky, J. Geophysical Fluid Dynamics. 2nd ed. New York, NY: Springer Verlag, 1992. ISBN: 9780387963877
Optional	Jeffreys, H. Cartesian Tensors. New York, NY: Cambridge University Press, 1931. ISBN: 9780521091916
Optional	Lighthill, James. Waves in Fluids. New York, NY: Cambridge University Press, 2001. ISBN: 9780521010450
Optional	Whitham, G. B. Linear and Nonlinear Waves. New York, NY: Wiley-Interscience, 1999. ISBN: 9780471359425
