Required	Wunsch, Carl.  Discrete Inverse and State Estimation Problems: With Geophysical Fluid Applications. Cambridge, UK: Cambridge University Press, 2006.  ISBN: 9780521854245
Required	Wunsch, Carl. The Ocean Circulation Inverse Problem. Cambridge, UK: Cambridge University Press, 1996. ISBN: 9780521480901
Required	Priestley, M. B. Spectral Analysis and Time Series. Combined ed. London, UK: Academic Press, 1981. ISBN: 9780125649018
Optional	Menke, William. Geophysical Data Analysis: Discrete Inverse Theory. 2nd ed. New York, NY: Academic Press, 1989. ISBN: 9780124909212
Optional	Daley, Roger. Atmospheric Data Analysis. Cambridge, UK: Cambridge University Press, 1991. ISBN: 9780521382151
Optional	Bracewell, R. N. The Fourier Transform and its Applications. 3rd ed. New York, NY: McGraw-Hill, 1999. ISBN: 9780073039381
Optional	Percival, D. B., and A. T. Walden. Spectral Analysis for Physical Applications: Multitaper and Conventional Univariate Techniques. Cambridge, UK: Cambridge University Press, 1993, pp. 83. ISBN: 9780521355322
