Required	Gibbons, Robert. Game Theory for Applied Economists. Princeton University Press, 1992. ISBN: 9780691003955
Optional	Dutta, Prajit. Strategies and Games: Theory and Practice. MIT Press, 1999. ISBN: 9780262041690
Optional	Watson, Joel. Strategy: An Introduction to Game Theory. W.W. Norton & Company, 2007. ISBN: 9780393929348
Optional	Kreps, David. A Course in Microeconomic Theory. Princeton University Press, 1990. ISBN: 9780691042640
Optional	Fudenberg, Drew, and Jean Tirole. Game Theory. MIT Press, 1991. ISBN: 9780262061414
Optional	Osborne, Martin, and Ariel Rubinstein.  A Course in Game Theory. MIT Press, 1994. ISBN: 9780262650403
Optional	Dixit, Avinash, and Susan Sekeath. Games of Strategy. W.W. Norton & Company, 2009. ISBN: 9780393931129
