Required	Tirole, Jean. The Theory of Industrial Organization. MIT Press, 1988. ISBN: 9780262200714
Required	Shapiro, Carl. “Optimal Pricing of Experience Goods.” Bell Journal of Economics 14, no. 2 (1983): 497–507
Required	Chevalier, Judith A., and Austan Goolsbee. “Are Durable Goods Consumers Forward-Looking? Evidence from College Textbooks.” Quarterly Journal of Economics 124, no. 4 (2009): 1853–84
Required	Bresnahan, Timothy F. “Competition and Collusion in the American Automobile Industry: The 1955 Price War.”  Journal of Industrial Economics 35, no. 4 (1987): 457–82
Required	Ellison, Glenn. “A Model of Add-on Pricing.” Quarterly Journal of Economics 120, no. 2 (2005): 585–637
Required	Porter, Robert H. “A Study of Cartel Stability: The Joint Economic Committee, 1880–1886.” Bell Journal of Economics 14, no. 2 (1983): 301–14
Required	Ellison, Glenn. “Theories of Cartel Stability and the Joint Executive Committee.”  RAND Journal of Economics 25, no. 1 (1994): 37–57
Required	Maskin, Eric, and Jean Tirole. “A Theory of Dynamic Oligopoly II: Price Competition, Kinked Demand Curves, and Edgeworth Cycles.”  Econometrica 56, no. 3 (1988): 571–99
Required	Noel, Michael D. “Edgeworth Price Cycles: Evidence from the Toronto Retail Gasoline Market.” Journal of Industrial Economics 55, no. 1 (2007): 69–92
Required	Stahl, Dale O. “Oligopolistic Pricing with Heterogeneous Consumer Search.” International Journal of Industrial Organization 14, no. 2 (1996): 243–68
Required	Wolinsky, Asher. “Product Differentiation with Imperfect Information.” Review of Economic Studies 51, no. 1 (1984): 53–61
Required	Sorensen, Alan T. “Equilibrium Price Dispersion in Retail Markets for Prescription Drugs.”  Journal of Political Economy 108, no. 4 (2000): 833–50
Required	Ellison, Glenn, and Sara Fisher Ellison. “Search, Obfuscation, and Price Elasticities on the Internet.” Econometrica 77, no. 2 (2009): 427–52
Required	Rochet, Jean-Charles, and Jean Tirole. “Two-Sided Markets: A Progress Report.” RAND Journal of Economics 37, no. 3 (2006): 645–67
Required	Bresnahan, Timothy F., and Peter C. Reiss. “Entry and Competition in Concentrated Markets.”  Journal of Political Economy 99, no. 5 (1991): 977–1009
Required	Berry, Steven T., and Joel Waldfogel. “Free Entry and Social Inefficiency in Radio Broadcasting.”  RAND Journal of Economics 30, no. 3 (1999): 397–420
Required	Chevalier, Judith A. “Capital Structure and Product-Market Competition: Empirical Evidence from the Supermarket Industry.”  American Economic Review 85, no. 3 (1995): 415–35
Required	Ellison, Glenn, and Sara Fisher Ellison. “Strategic Entry Deterrence and the Behavior of Pharmaceutical Incumbents Prior to Patent Expiration.” American Economic Journal: Microeconomics 3, no. 1 (2011): 1–36
Required	Fudenberg, Drew, and Jean Tirole. “A ‘Signal-Jamming’ Theory of Predation.” RAND Journal of Economics 17, no. 3 (1986): 366–76
Required	Genesove, David, and Wallace P. Mullin. “Predation and its Internal Rate of Return: The Sugar Industry, 1887–1914.” RAND Journal of Economics 37, no. 1 (2006): 47–69. [NBER Working Paper No. 6032, 1997.]
Required	Klemperer, Paul. “Auction Theory: A Guide to the Literature.” Journal of Economic Surveys 13, no. 3 (1999): 227–86
Required	Hendricks, Kenneth, and Robert H. Porter. “An Empirical Study of an Auction with Asymmetric Information.” American Economic Review 78, no. 5 (1988): 865–83
Required	Kagel, John H., Ronald M. Harstad, et al. “Information Impact and Allocation Rules in Auctions with Affiliated Private Values: A Laboratory Study.” Econometrica 55, no. 6 (1987): 1275–304
Required	Lucking-Reiley, David. “Using Field Experiments to Test Equivalence Between Auction Formats: Magic on the Internet.” American Economic Review 89, no. 5 (1999): 1063–80
Required	Einav, Liran, Theresa Kuchler, et al. “Learning from Seller Experiments in Online Markets.” NBER Working Paper No. 17385, 2011
Required	Ellison, Glenn. “Bounded Rationality in Industrial Organization.” Chapter 5 in Advances in Economics and Econometrics: Theory and Applications, Ninth World Congress. Vol. 2. Edited by Richard Blundell, Whitney K. Newey, and Torsten Persson. Cambridge University Press, 2006. ISBN: 9780521692090
Required	DellaVigna, Stefano, and Ulrike Malmendier. “Contract Design and Self-Control: Theory and Evidence.” Quarterly Journal of Economics 119, no. 2 (2004): 353–402
Required	Heidhues, Paul, and Botond Kőszegi. “Competition and Price Variation when Consumers are Loss Averse.” American Economic Review 98, no. 4 (2008): 1245–68
Required	Grubb, Michael D. “Selling to Overconfident Consumers.” American Economic Review 99, no. 5 (2009): 1770–807
Required	Milyo, Jeffrey, and Joel Waldfogel. “The Effect of Price Advertising on Prices: Evidence in the Wake of 44 Liquormart.” American Economic Review 89, no. 5 (1999): 1081–96
Required	Shapiro, Jesse M. “A ‘Memory-Jamming’ Theory of Advertising.” University of Chicago; National Bureau of Economic Research (NBER), 2006
Required	Edelman, Benjamin, Michael Ostrovsky, et al. “Internet Advertising and the Generalized Second-Price Auction: Selling Billions of Dollars Worth of Keywords.” American Economic Review 97, no. 1 (2007): 242–59
Required	Athey, Susan, and Glenn Ellison. “Position Auctions with Consumer Search.” Quarterly Journal of Economics 126, no. 3 (2011): 1213–70
Required	Rayo, Luis, and Ilya Segal. “Optimal Information Disclosure.” Journal of Political Economy 118, no. 5 (2010): 949–87
Required	Lewis, Randall A., and David H. Reiley. “Does Retail Advertising Work? Measuring the Effects of Advertising on Sales via a Controlled Experiment on Yahoo!” 2008
Required	Kremer, Michael. “Patent Buyouts: A Mechanism for Encouraging Innovation.” Quarterly Journal of Economics 113, no. 4 (1998): 1137–67
Required	Ellison, Glenn, and Drew Fudenberg. “Rules of Thumb for Social Learning.” Journal of Political Economy 101, no. 4 (1993): 612–43
Optional	Spence, A. Michael. “Monopoly, Quality, and Regulation.” Bell Journal of Economics 6, no. 2 (1975): 417–29
Optional	Bergemann, Dirk, and Juuso Välimäki. “Dynamic Pricing of New Experience Goods.”  Journal of Political Economy 114, no. 4 (2006): 713–43
Optional	Gul, Faruk, Hugo F. Sonnenschein, et al. “Foundations of Dynamic Monopoly and the Coase Conjecture.” Journal of Economic Theory 39, no. 1 (1986): 155–90
Optional	Fuchs, William, and Andrzej Skrzypacz. “Bargaining with Arrival of New Traders.” American Economic Review 100, no. 3 (2010): 802–36
Optional	Calzolari, Giacomo, and Alessandro Pavan. “Monopoly with Resale.” RAND Journal of Economics 37, no. 2 (2006): 362–75
Optional	Segal, Ilya. “Optimal Pricing Mechanisms with Unknown Demand.” American Economic Review 93, no. 3 (2003): 509–29
Optional	Chevalier, Judith A., Anil K. Kashyap, et al. “Why Don’t Prices Rise During Periods of Peak Demand? Evidence from Scanner Data.” American Economic Review 93, no. 1 (2003): 15–37
Optional	Gentzkow, Matthew, and Jesse M. Shapiro. “What Drives Media Slant? Evidence from U.S. Daily Newspapers.” Econometrica 78, no. 1 (2010): 35–71
Optional	Deneckere, Raymond J., and R. Preston McAfee. “Damaged Goods.” Journal of Economics & Management Strategy 5, no. 2 (1996): 149–74
Optional	Maskin, Eric, and John Riley. “Monopoly with Incomplete Information.” RAND Journal of Economics 15, no. 2 (1984): 171–96
Optional	McAfee, R. Preston, John McMillan, et al. “Multiproduct Monopoly, Commodity Bundling, and Correlation of Values.” Quarterly Journal of Economics 104, no. 2 (1989): 371–83
Optional	Aguirre, Iñaki, Simon Cowan, et al. “Multiproduct Price Discrimination and Demand Curvature.” American Economic Review 100, no. 4 (2010): 1601–15
Optional	Sibley, David S., and Padmanabhan Srinagesh. “Multiproduct Nonlinear Pricing with Multiple Taste Characteristics.” RAND Journal of Economics 28, no. 4 (1997): 684–707
Optional	Rochet, Jean-Charles, and Lars Stole. “Nonlinear Pricing with Random Participation.” Review of Economic Studies 69, no. 1 (2002): 277–311
Optional	Fudenberg, Drew, and J. Miguel Villas-Boas. “Behavior-Based Price Discrimination and Customer Recognition.” Chapter 7 in Economics and Information Systems. Vol 1. Edited by Terrence Hendershott. Emerald Group Publishing Limited, 2006. ISBN: 9780444517715
Optional	Fudenberg, Drew, and Jean Tirole. “Upgrades, Tradeins, and Buybacks.” RAND Journal of Economics 29, no. 2 (1998): 235–58
Optional	Armstrong, Mark. “Recent Developments in the Economics of Price Discrimination.” Chapter 4 in Advances in Economics and Econometrics: Theory and Applications, Ninth World Congress. Vol. 2. Edited by Richard Blundell, Whitney K. Newey, and Torsten Persson. Cambridge University Press, 2006. ISBN: 9780521692090
Optional	Courty, Pascal, and Hao Li. “Sequential Screening.” Review of Economic Studies 67, no. 4 (2000): 697–717
Optional	Borenstein, Severin, and Nancy L. Rose. “Competition and Price Dispersion in the U.S. Airline Industry.” Journal of Political Economy 102, no. 4 (1994): 653–83. [NBER Working Paper No. 3785, 1995]
Optional	Shepard, Andrea. “Price Discrimination and Retail Configuration.” Journal of Political Economy 99, no. 1 (1991): 30–53
Optional	Graddy, Kathryn. “Testing for Imperfect Competition at the Fulton Fish Market.” RAND Journal of Economics 26, no. 1 (1995): 75–92
Optional	Leslie, Phillip. “Price Discrimination in Broadway Theater.” RAND Journal of Economics 35, no. 3 (2004): 520–41
Optional	Morton, Fiona Scott, Florian Zettelmeyer, et al. “Consumer Information and Discrimination: Does the Internet Affect the Pricing of New Cars to Women and Minorities.” Quantitative Marketing and Economics 1, no. 1 (2003): 65–92
Optional	Chu, Chenguan Sean, Phillip Leslie, et al. “Bundle-Size Pricing as an Approximation to Mixed Bundling.” American Economic Review 101, no. 1 (2011): 263–303
Optional	Fisher, Franklin M. “Games Economists Play: A Noncooperative View.” RAND Journal of Economics 20, no. 1 (1989): 113–24
Optional	Perloff, Jeffrey M., and Steven C. Salop. “Equilibrium with Product Differentiation.” Review of Economic Studies 52, no. 1 (1985), 107–20
Optional	Shaked, Avner, and John Sutton. “Relaxing Price Competition Through Product Differentiation.” Review of Economic Studies 49, no. 1 (1982): 3–13
Optional	Klemperer, Paul. “The Competitiveness of Markets with Switching Costs.” RAND Journal of Economics 18, no. 1 (1987): 138–50
Optional	Klemperer, Paul D., and Margaret A. Meyer. “Supply Function Equilibria in Oligopoly Under Uncertainty.” Econometrica 57, no. 6 (1989): 1243–77
Optional	Bergemann, Dirk, and Juuso Välimäki. “Learning and Strategic Pricing."Econometrica 64, no. 5 (1996): 1125–49
Optional	Dubé, Jean-Pierre H., Günter J. Hitsch, et al. “Do Switching Costs Make Markets Less Competitive?” Journal of Marketing Research 46, no. 4 (2009): 435–45
Optional	Stole, Lars A. “Price Discrimination and Competition.” Chapter 34 in Handbook of Industrial Organization. Vol. 3. Edited by Mark Armstrong and Robert H. Porter. North Holland, 2007. ISBN: 9780444824356
Optional	Holmes, Thomas J. “The Effects of Third-Degree Discrimination in Oligopoly.”  American Economic Review 79, no. 1 (1989): 244–50
Optional	Corts, Kenneth S. “Third-Degree Price Discrimination in Oligopoly: All-Out Competition and Strategic Commitment.” RAND Journal of Economics 29, no. 2 (1998): 306–23
Optional	Fudenberg, Drew, and Jean Tirole. “Customer Poaching and Brand Switching.” RAND Journal of Economics 31, no. 4 (2000): 634–57
Optional	Armstrong, Mark, and John Vickers. “Competitive Nonlinear Pricing and Bundling.” Review of Economic Studies 77, no. 1 (2010): 30–60
Optional	Rotemberg, Julio J., and Garth Saloner. “A Supergame-Theoretic Model of Price Wars during Booms.” American Economic Review 76, no. 3 (1986): 390–407
Optional	Green, Edward J., and Robert H. Porter. “Noncooperative Collusion Under Imperfect Price Information.” Econometrica 52, no. 1 (1984): 87–100
Optional	Bagwell, Kyle, and Susan Athey. “Optimal Collusion with Private Information.” RAND Journal of Economics 32, no. 3 (2001): 428–65
Optional	Harrington, Jr., Joseph E. “Cartel Price Dynamics in the Presence of an Antitrust Authority.” RAND Journal of Economics 35, no. 4 (2004): 651–73. [John Hopkins Department of Economics Working Paper No. 487, 2003]
Optional	Harrington, Joseph E., and Andrzej Skrzypacz. “Private Monitoring and Communication in Cartels: Explaining Recent Collusive Practices.” American Economic Review 101, no. 6 (2011): 2425–49
Optional	McCutcheon, Barbara. “Do Meetings in Smoke-Filled Rooms Facilitate Collusion?” Journal of Political Economy 105, no. 2 (1997): 330–50
Optional	Genesove, David, and Wallace P. Mullin. “Rules, Communication, and Collusion: Narrative Evidence from the Sugar Institute Case.” American Economic Review 91, no. 3 (2001): 379–98. [NBER Working Paper No. 8145, 2001]
Optional	Wang, Zhongmin. “(Mixed) Strategy in Oligopoly Pricing: Evidence from Gasoline Price Cycles Before and Under a Timing Regulation.” Journal of Political Economy 117, no. 6 (2009): 987–1030
Optional	Rey, Patrick, and Jean Tirole. “Cooperation vs. Collusion: How Essentiality Shapes Co-opetition.”  Working Papers, 2013
Optional	Diamond, Peter A. “A Model of Price Adjustment.” Journal of Economic Theory 3, no. 2 (1971): 156–68
Optional	Varian, Hal R. “A Model of Sales.”  American Economic Review 70, no. 4 (1980): 651–9
Optional	Anderson, Simon P., and Régis Renault. “Pricing, Product Diversity, and Search Costs: A Bertrand-Chamberlin-Diamond Model.” RAND Journal of Economics 30, no. 4 (1999): 719–35
Optional	McAfee, R. Preston. “Multiproduct Equilibrium Price Dispersion.” Journal of Economic Theory 67, no. 1 (1995): 83–105
Optional	Baye, Michael R., and John Morgan. “Information Gatekeepers on the Internet and the Competitiveness of Homogeneous Product Markets.” American Economic Review 91, no. 3 (2001): 454–74
Optional	Sorensen, Alan T. “An Empirical Model of Heterogeneous Consumer Search for Retail Prescription Drugs.” NBER Working Paper No. 8548, 2001
Optional	Genesove, David. “Search at Wholesale Auto Auctions.” Quarterly Journal of Economics 110, no. 1 (1995): 23–49
Optional	Hong, Han, and Matthew Shum. “Using Price Distributions to Estimate Search Costs.” RAND Journal of Economics 37, no. 2 (2006): 257–75
Optional	Ellison, Glenn, and Alexander Wolitzky. “A Search Cost Model of Obfuscation.” RAND Journal of Economics 43, no. 3 (2012): 417–41
Optional	Wilson, Chris M. “Ordered Search and Equilibrium Obfuscation.” International Journal of Industrial Organization 28, no. 5 (2010): 496–506
Optional	Ellison, Glenn, and Sara Fisher Ellison. “Match Quality, Search, and the Internet Market for Used Books.”  2013
Optional	De Los Santos, Babur, Ali Hortacsu, et al. “Testing Models of Consumer Search Using Data on Web Browsing and Purchasing Behavior.” American Economic Review 102, no. 6 (2012): 2955–80
Optional	Dinerstein, Michael, Liran Einav, et al. “Consumer Price Search and Platform Design in Internet Commerce.”  2013
Optional	Farrell, Joseph, and Garth Saloner. “Standardization, Compatibility, and Innovation.” RAND Journal of Economics 16, no. 1 (1985): 70–83
Optional	Katz, Michael L., and Carl Shapiro. “Technology Adoption in the Presence of Network Externalities.” Journal of Political Economy 94, no. 4 (1986): 822–41
Optional	Fudenberg, Drew, and Jean Tirole. “Pricing Under the Threat of Entry by Sole Supplier of a Network Good.” Journal of Industrial Economics 48, no. 4 (2000): 373–90
Optional	Ellison, Glenn, and Drew Fudenberg. “The Neo-Luddite’s Lament: Excessive Upgrades in the Software Industry.”  RAND Journal of Economics 31, no. 2 (2000): 253–72
Optional	Rochet, Jean-Charles, and Jean Tirole. “Platform Competition in Two-Sided Markets.” Journal of the European Economic Association 1, no. 4 (2003): 990–1029
Optional	Armstrong, Mark. “Competition in Two-Sided Markets.” RAND Journal of Economics 37, no. 3 (2006): 668–91
Optional	Ellison, Glenn, Drew Fudenberg, et al. “Competing Auctions.”  Journal of the European Economic Association 2, no. 1 (2004): 30–66
Optional	Lerner, Josh, and Jean Tirole. “A Model of Forum Shopping.” American Economic Review 96, no. 4 (2006): 1091–113
Optional	Rysman, Mark. “Competition Between Networks: A Study of the Market for Yellow Pages.” Review of Economic Studies 71, no. 2 (2004): 483–512
Optional	Chandra, Ambarish, and Allan Collard-Wexler. “Mergers in Two-Sided Markets: An Application to the Canadian Newspaper Industry.” Journal of Economics & Management Strategy 18, no. 4 (2009): 1045–70
Optional	Fan, Ying. “Ownership Consolidation and Product Characteristics: A Study of the U.S. Daily Newspaper Market.” American Economic Review 103, no. 5 (2013): 1598–628
Optional	Jeziorski, Przemyslaw. “Effects of Mergers in Two-Sided Markets: Examination of U.S. Radio Industry.” University of California, Berkeley - Haas School of Business, 2012
Optional	Lee, Robin S. “Vertical Integration and Exclusivity in Platform and Two-Sided Markets.” American Economic Review 103, no. 7 (2013): 2960–3000
Optional	Sutton, John. “An Introductory Overview.” Chapter 1 in Sunk Costs and Market Structure: Price Competition, Advertising, and the Evolution of Concentration. MIT Press, 1991. ISBN: 9780262193054
Optional	———. “The Analytical Framework I: Exogenous Sunk Costs.” Chapter 2 in Sunk Costs and Market Structure: Price Competition, Advertising, and the Evolution of Concentration. MIT Press, 1991. ISBN: 9780262193054
Optional	Jovanovic, Boyan. “Selection and the Evolution of Industry.”  Econometrica 50, no. 3 (1982): 649–70
Optional	Dunne, Timothy, Mark J. Roberts, et al. “Patterns of Firm Entry and Exit in U. S. Manufacturing Industries.”  RAND Journal of Economics 19, no. 4 (1988): 495–515
Optional	Golder, Peter N., and Gerard J. Tellis. “Pioneer Advantage: Marketing Logic or Marketing Legend?” Journal of Marketing Research 30, no. 2 (1993): 158–70
Optional	Bronnenberg, Bart J., Sanjay K. Dhar, et al. “Brand History, Geography, and the Persistence of Brand Shares.”  Journal of Political Economy 117, no. 1 (2009): 87–115
Optional	Bronnenberg, Bart J., Jean-Pierre H. Dubé, et al. “The Evolution of Brand Preferences: Evidence from Consumer Migration.” American Economic Review 102, no. 6 (2012): 2472–508
Optional	Schmalensee, Richard. “Entry Deterrence in the Ready-to-eat Breakfast Cereal Industry.” Bell Journal of Economics 9, no. 2 (1978): 305–27
Optional	Judd, Kenneth L. “Credible Spatial Preemption.” RAND Journal of Economics 16, no. 2 (1985): 153–66
Optional	Ordover, Janusz A., and Garth Saloner. “Predation, Monopolization and Antitrust.” Chapter 9 in Handbook of Industrial Organization. Vol. 3. Edited by Mark Armstrong, and Robert H. Porter. North Holland, 2007. ISBN: 9780444824356
Optional	Milgrom, Paul, and John Roberts. “Limit Pricing and Entry Under Incomplete Information: An Equilibrium Analysis.”  Econometrica 50, no. 2 (1982): 443–60
Optional	Milgrom, Paul. “Predation, Reputation, and Entry Deterrence.” Journal of Economic Theory 27, no. 2 (1982): 280–312
Optional	Ellison, Glenn, and Susan Athey. “Dynamics of Open Source Movements.” CESifo Working Paper Series No. 3215, 2010
Optional	Krishna, Vijay. Auction Theory. 2nd ed. Academic Press, 2009. ISBN: 9780123745071
Optional	McAfee, R. Preston, and John McMillan. “Auctions and Bidding.”  Journal of Economic Literature 25, no. 2 (1987): 699–738
Optional	Milgrom, Paul. “Auctions and Bidding: A Primer.” Journal of Economic Perspectives 3, no. 3 (1989): 3–22
Optional	Said, Maher. “Auctions with Dynamic Populations: Efficiency and Revenue Maximization.” Journal of Economic Theory 147, no. 6 (2012): 2419–38
Optional	Gomes, Renato. “Mechanism Design in Two-Sided Markets: Auctioning Users.”  2009
Optional	Athey, Susan, and Jonathan Levin. “Information and Competition in U.S. Forest Service Timber Auctions.” NBER Working Paper No. 7185, 1999
Optional	Cramton, Peter. “Spectrum Auction Design.” Review of Industrial Organization 42, no. 2 (2013): 161–90
Optional	Bulow, Jeremy, Jonathan Levin, et al. “Winning Play in Spectrum Auctions.” NBER Working Paper No. 14765, 2009
Optional	Eivan, Liran, Chiara Farronato, et al. “Sales Mechanisms in Online Auctions: What Happened to Internet Auctions?”  NBER Working Paper No. 19021, 2013
Optional	Rubinstein, Ariel. “On Price Recognition and Computational Complexity in a Monopolistic Model.” Journal of Political Economy 101, no. 3 (1993): 473–84
Optional	Van Zandt, Timothy. “Real Time Decentralized Information Processing as a Model of Organizations with Boundedly Rational Agents.” Review of Economic Studies 66, no. 3 (1999): 633–58
Optional	DellaVigna, Stefano, and Ulrike Malmendier. “Paying Not to Go to the Gym.” American Economic Review 96, no. 3 (2006): 694–719
Optional	Lee, Young Han, and Ulrike Malmendier. “The Bidder’s Curse.” NBER Working Paper no. 13699, 2007
Optional	Gabaix, Xavier, and David Laibson. “Shrouded Attributes, Consumer Myopia, and Information Suppression in Competitive Markets.” Quarterly Journal of Economics 121, no. 2 (2006): 505–40
Optional	Heidhues, Paul, and Botond Koszegi. “Exploiting Naivete about Self Control in the Credit Market.” American Economic Review 100, no. 5 (2010): 2279–303
Optional	Kamenica, Emir. “Contextual Inference in Markets: On the Informational Content of Product Lines.” American Economic Review 98, no. 5 (2008): 2127–49
Optional	Spiegler, Ran. “The Market for Quacks.” Review of Economics Studies 73, no. 4 (2006): 1113-31
Optional	Sobel, Joel. “A Model of Declining Standards.” International Economic Review 41, no. 2 (2000): 295–303
Optional	Ellison, Glenn. “Evolving Standards for Academic Publishing: A q-r Theory.”  Journal of Political Economy 110, no. 5 (2002): 994–1034
Optional	Baye, Michael R., and John Morgan. “Price Dispersion in the Lab and on the Internet: Theory and Evidence.” RAND Journal of Economics 35 (2004): 449–66
Optional	Eliaz, Kfir, and Ran Spiegler. “Consideration Sets and Competitive Marketing.” Review of Economic Studies 78, no. 1 (2011): 235–62
Optional	Piccione, Michele, and Ran Spiegler. “Price Competition under Limited Comparability.” Quarterly Journal of Economics 127, no. 1 (2012): 97–135
Optional	Borenstein, Severin. “To What Electricity Price Do Consumers Respond? Residential Demand Elasticity Under Increasing-Block Pricing.”  2009
Optional	Armstrong, Mark, and Yongmin Chen. “Discount Pricing.” 2012
Optional	Butters, Gerard R. “Equilibrium Distribution of Sales and Advertising Prices.” Review of Economic Studies 44, no. 3 (1977): 465-91
Optional	Becker, Gary S., and Kevin M. Murphy. “A Simple Theory of Advertising as a Good or Bad.” Quarterly Journal of Economics 108, no. 4 (1993): 941-64
Optional	Milgrom, Paul, and John Roberts. “Price and Advertising Signals of Product Quality.” Journal of Political Economy 94, no. 4 (1986): 796–821
Optional	Ackerberg, Daniel A. “Empirically Distinguishing Informative and Prestige Effects of Advertising.” RAND Journal of Economics 32, no. 2 (2001): 316–33
Optional	Lauga, Dominique Olie. “Persuasive Advertising with Sophisticated but Impressionable Consumers.”  2010
Optional	Lewis, Randall A., Justin M. Rao, et al. “Here, There, and Everywhere: Correlated Online Behaviors Can Lead to Overestimates of the Effects of Advertising.” WWW Proceedings of the 20th international conference on World Wide Web, 2011
Optional	Abraham, Ittai, Susan Athey, et al. “Peaches, Lemons, and Cookies: Designing Auction Markets with Dispersed Information.” 2013
Optional	Athey, Susan, and Denis Nekipelov. “A Structural Model of Sponsored Search Advertising Auctions.” 2011
Optional	Bergemann, Dirk, and Alessandro Bonatti. “Selling Cookies.”  Cowles Foundation Discussion Paper no. 1920, 2013
Optional	Bessen, James, and Eric Maskin. “Sequential Innovation, Patents, and Imitation.” RAND Journal of Economics 40, no. 4 (2009): 611–35
Optional	Green, Jerry R., and Suzanne Scotchmer. “On the Division of Profit in Sequential Innovation.” RAND Journal of Economics 26, no. 1 (1995): 20–33
Optional	Hopenhayn, Hugo A., and Matthew F. Mitchell. “Innovation Variety and Patent Breadth.” RAND Journal of Economics 32, no. 1 (2001): 152–66
Optional	Pakes, Ariel. “Patents as Options: Some Estimates of the Value of Holding European Patent Stocks.” Econometrica 54, no. 4 (1986): 755–84
Optional	Jaffe, Adam B., Manuel Trajtenberg, et al. “Geographic Localization of Knowledge Spillovers as Evidenced by Patent Citations.” Quarterly Journal of Economics 108, no. 3 (1993): 577–98
Optional	Lerner, Josh. “Where Does State Street Lead? A First Look at Finance Patents, 1971 to 2000.” Journal of Finance57, no. 2 (2002): 901–30
Optional	Rogers, Everett M., and F. Floyd Shoemaker. Communication of Innovations: A Cross-Cultural Approach. Free Press, 1971
Optional	Griliches, Zvi. “Hybrid Corn: An Exploration in the Economics of Technological Change.” Econometrica 25, no. 4 (1957): 501–22
Optional	Saloner, Garth, and Andrea Shepard. “Adoption of Technologies with Network Effects: An Empirical Examination of the Adoption of Automated Teller Machines.” RAND Journal of Economics 26, no. 3 (1995): 479–501
Optional	Lerner, Joshua, and Jean Tirole. “Efficient Patent Pools.” American Economic Review 94, no. 3 (2004): 691–711
