Required	Stokey, Nancy L., and Robert E. Lucas, Jr., with Edward C. Prescott. Recursive Methods in Economic Dynamics. Cambridge, MA: Harvard University Press, 1989. ISBN: 9780674750968
Required	Acemoglu, Daron. Introduction to Modern Economic Growth. Princeton, NJ: Princeton University Press, 2008. ISBN: 9780691132921
Optional	Chiang, Alpha C. Elements of Dynamic Optimization. Long Grove, IL: Waveland Press, 1999. ISBN: 9781577660965
Optional	Luenberger, David. Optimization by Vector Space Methods. New York, NY: Wiley-Interscience, 1997. ISBN: 9780471181170. First published in 1969 by John Wiley and Sons, Inc
Optional	Kamien, Morton I., and Nancy L. Schwartz. Dynamic Optimization: The Calculus of Variations and Optimal Control in Economics and Management. 2nd ed. San Diego, CA: Elsevier, 1991. ISBN: 9780444016096
