Required	Acemoglu, D. Introduction to Modern Economic Growth. Cambridge, MA: Massachusetts Institute of Technology, 2007
Required	Barro, R. J., and X. Sala-i-Martin. Economic Growth. New York, NY: McGraw-Hill, 1995. ISBN: 0070036977
Required	Atkeson, A., V. V. Chari, and P. Kehoe. “Taxing Capital Income: A Bad Idea.” Federal Reserve Bank of Minneapolis Quarterly Review 23, no. 3 (Summer 1999): 3-17
Required	Lucas, R. E., Jr. “Asset Prices in an Exchange Economy.” Econometrica 46 (1978): 1429-1445
Required	Barro, R. J. “Are Government Bonds Net Wealth?” Journal of Political Economy 82 (1974): 1095-1117
Required	———. “On the Determination of the Public Debt.” Journal of Political Economy 87 (1979): 940-71
Required	Blanchard, O. “Debt, Deficits and Finite Horizons.” Journal of Political Economy 93 (1985): 223-247
Required	Aghion, P., and P. Howitt. “A Model of Growth through Creative Destruction.” Econometrica 60 (1992), 323-351
Required	Barro, R. J., and X. Sala-i-Martin. Economic Growth, 1995, chapters 6-7
Required	Romer, P. M. “Endogenous Technological Change.” Journal of Political Economy 98 (1990): 71-102
Optional	Barro, R. Determinants of Economic Growth: A Cross-Country Empirical Study. Cambridge, MA: MIT Press, 1997. ISBN: 0262024217
Optional	Hall, R., and C. Jones. “Why Do Some Countries Produce So Much More Output than Others?” Quarterly Journal of Economics 114 (1999): 83-116
Optional	Jones, C. “On the Evolution of the World Income Distribution.” Journal of Economic Perspectives 11 (1997): 19-36
Optional	Klenow, P., and A. Rodríguez-Clare. “The Neoclassical Revival in Growth Economics: Has It Gone Too Far?” Chapter 2 in NBER Macroeconomics Annual 1997. Edited by Ben S. Bernanke and Julio Rotemberg. Cambridge, MA: MIT Press, 1997. ISBN: 026252242X
Optional	Klenow, P., and M. Bils. “Does Schooling Cause Growth?” American Economic Review 90 (2000): 1160-1183
Optional	Mankiw, N. G., D. Romer, and D. Weil. “A Contribution to the Empirics of Economic Growth.” Quarterly Journal of Economics 107 (1992): 401-437
Optional	Solow, R. M. “A Contribution to the Theory of Economic Growth.” Quarterly Journal of Economics 70 (1956): 65-94
Optional	———. Growth Theory: An Exposition. 2nd ed. New York, NY: Oxford University Press, 2000. ISBN: 0195109031
Optional	Blanchard, O., and S. Fischer. Lectures on Macroeconomics. Cambridge, MA: MIT Press, 1989. chapter 3. ISBN: 0262022834
Optional	Cass, D. “Optimum Growth in an Aggregative Model of Capital Accumulation: A Turnpike Theorem.” Econometrica 34 (1966): 833-850
Optional	Lucas, R. E., Jr. “Why Doesn’t Capital Flow from Rich to Poor Countries?” American Economic Review 80 (1990): 92-96
Optional	Ramsey, F. P. “A Mathematical Theory of Saving.” Economic Journal 38 (1928): 543-559
Optional	Skiba, A. K. “Optimal Growth with a Convex-Concave Production Function.” Econometrica 46 (1978): 527-539
Optional	Abel, A., and O. Blanchard. “An Intertemporal Equilibrium Model of Saving and Investment.” Econometrica 51 (1983): 675-692
Optional	Barro, R. J., and X. Sala-i-Martin. Economic Growth, chapter 3 and appendix to chapter 3
Optional	Barro, R. “Ramsey Meets Laibson in the Neoclassical Growth Model.” Quarterly Journal of Economics 114 (1999): 1125-1152
Optional	Baxter, M., and R. King. “Fiscal Policy in General Equilibrium.” American Economic Review 78 (1988): 315-334
Optional	Blanchard, O., and S. Fischer. Lectures on Macroeconomics. Cambridge, MA: MIT Press, 1989, chapter 3, sections 5.1-5.2, sections 10.1, and 11.3. ISBN: 0262022834
Optional	Chamley, C. “Optimal Taxation of Capital Income in General Equilibrium with Infinite Lives.” Econometrica 54 (1986): 607-622
Optional	Chari, V. V., and P. Kehoe. “Optimal Fiscal and Monetary Policy.” National Bureau of Economic Research Working Paper no. 6891, 1999, pp. 1-119
Optional	Diamond, P. “National Debt in a Neoclassical Growth Model.” American Economic Review 55 (1965): 1126-1150
Optional	Kydland, F., and E. C. Prescott. “Time to Build and Aggregate Fluctuations.” Econometrica 50 (1982): 1345-1370
Optional	Lucas, R. E, Jr., and N. L. Stokey. “Optimal Fiscal and Monetary Policy in an Economy without Capital.” Journal of Monetary Economics 12 (1983): 55-93
Optional	Modigliani, F. “Life Cycle, Individual Thrift, and the Wealth of Nations.” American Economic Review 76 (1986): 297-313
Optional	Samuelson, P. A. “An Exact Consumption Loan Model of Interest with and without the Social Contrivance of Money.” Journal of Political Economy 1958 (1958): 467-482
Optional	Sidrausky, M. “Rational Choice and Patterns of Growth in a Monetary Economy.” American Economic Review 77 (1967): 534-544
Optional	Aghion, P., P. Howitt, M. Brant-Collett, and C. Garcia-Peñalosa. Endogenous Growth Theory. Cambridge, MA: MIT Press, 1998, chapter 10. ISBN: 0262011662
Optional	Barro, R. J. “Government Spending in a Simple Model of Endogenous Growth.” Journal of Political Economy 98 (1990): S103-S125
Optional	Caballero, R., and A. Jaffe. “How High Are the Giants Shoulders?” In NBER Macroeconomics Annual 1993. Edited by Olivier Blanchard and Stanley Fischer. Cambridge, MA: MIT Press, 1993. ISBN: 0262023644
Optional	Lucas, R. E., Jr. “Making a Miracle.” Econometrica 61 (1993): 251-272
Optional	———. “On the Mechanics of Economic Development.” Journal of Monetary Economics 22 (1988): 3-42
Optional	Jones, L. and R. Manuelli. “A Convex Model of Equilibrium Growth.” Journal of Political Economy 98 (1990): 1008-1038
Optional	Rebelo, S. “Long-Run Policy Analysis and Growth.” Journal of Political Economy 99 (1991): 500-521
Optional	Romer, P. M. “Increasing Returns and Long-Run Growth.” Journal of Political Economy 94 (1986): S1002-S1037
Optional	Young, A. “Invention and Bounded Learning by Doing.” Journal of Political Economy 101 (1993): 443-472
Optional	Acemoglu, D. “Directed Technical Change.” Review of Economic Studies 69 (2001): 781-810
Optional	Aghion, P., P. Howitt, M. Brant-Collett, and C. Garcia-Peñalosa. Endogenous Growth Theory. Cambridge, MA: MIT Press, 1998, chapters 1-3. ISBN: 0262011662
Optional	Barro, R., and X. Sala-i-Martin. “Public Finance in Models of Economic Growth.” Review of Economic Studies 59 (1992): 645-662
Optional	Brezis, E., P. R. Krugman, and D. Tsiddon. “Leapfrogging in International Competition: A Theory of Cycles in National Technological Leadership.” American Economic Review 83 (1993): 1211-1219
Optional	Grossman, G. M. and E. Helpman. “Quality Ladders in the Theory of Economic Growth.” Review of Economic Studies 58 (1991): 43-61
Optional	Jones, C. “R&D-Based Models of Economic Growth.” Journal of Political Economy 103 (1995): 759-784
Optional	Parente, S. L., and E. C. Prescott. “Barriers to Technology Adoption and Development.” Journal of Political Economy 102 (1994): 298-321
