Required	Blanchard, O., and S. Fischer. Lectures on Macroeconomics. Cambridge, MA: MIT Press, 1989. ISBN: 9780262022835
Required	Obstfeld, M., and K. Rogoff. Foundations of International Macroeconomics. Cambridge, MA: MIT Press, 1996. ISBN: 9780262150477
Required	Woodford, M. Interest and Prices: Foundations of a Theory of Monetary Policy. Princeton, NJ: Princeton University Press, 2003. ISBN: 9780691010496
Required	Stock, J., and M. Watson. “Business Cycle Fluctuations in U.S. Macroeconomic Time Series.” Chapter 1 in Handbook of Macroeconomics. Vol 1A. Edited by J. Taylor and M. Woodford. New York, NY: Elsevier, 1999. ISBN: 9780444501561
Required	King, R., and S. Rebelo. “Resuscitating Real Business Cycles.” Chapter 14 in Handbook of Macroeconomics. Vol. 1B. Edited by J. Taylor and M. Woodford. New York, NY: Elsevier, 1999, pp. 927-1007. ISBN: 9780444501578
Required	Obstfeld, M., and K. Rogoff. “The Intertemporal Approach to the Current Account.” Chapter 34 in Handbook of International Economics. Vol. 3. Edited by G. Grossman and K. Rogoff. New York, NY: Elsevier, 1997, pp. 1731-1799. ISBN: 9780444828644
Required	Blanchard, O. “Why Does Money Affect Output? A Survey.” In Handbook of Monetary Economics. Vol 2. Edited by B. Friedman and F. Hahn. New York, NY: Elsevier, 1990, pp. 779-835. ISBN: 9780444880260
Required	Clarida, R., J. Gali, and M. Gertler. “The Science of Monetary Policy: A New Keynesian Perspective.” Journal of Economic Literature 37 (December 1999): 1661-1707
Required	Galí, J., J. López-Salido, and J. Vallés. “Understanding the Effects of Government Spending on Consumption.” Journal of the European Economic Association 5, no. 1 (March 2007): 227-270
Optional	Blanchard, O. “What Do We Know About Macroeconomics that Fisher and Wicksell Did Not?” Quarterly Journal of Economics 115, no. 4 (November 2000): 1375-1410
Optional	Woodford, M. “Revolution and Evolution in Twentieth-Century Macroeconomics.” June 1999. Paper presented at Frontiers of the Mind in the Twenty-First Century, U.S. Library of Congress, Washington, DC, June 1999
Optional	Chari, V. V. “Modern Macroeconomics in Practice: How Theory is Shaping Policy.” Journal of Economic Perspectives 20, no. 4 (2006): 3-28
Optional	Mankiw, N. G. “The Macroeconomist as Scientist and Engineer.” Journal of Economic Perspectives 20, no. 4 (2006): 29-46
Optional	Cochrane, J. “Time Series for Macroeconomics and Finance.” mimeo University of Chicago, 2005, pp. 1-65
Optional	Blanchard, O., and D. Quah. “The Dynamic Effects of Aggregate Demand and Aggregate Supply Disturbances.’’ American Economic Review 79, no. 4 (1989): 654-673
Optional	Christiano, L., M. Eichenbaum, and C. Evans. “Monetary Policy Shocks: What have we Learned and to What End?” Handbook of Macroeconomics. Vol. 1A. Edited by J. Taylor and M. Woodford. New York, NY: Elsevier, 1999, pp. 65-148. ISBN: 9780444501561
Optional	Aguiar, M., and G. Gopinath. “Emerging Market Business Cycles,” and “The Cycle is the Trend.” Journal of Political Economy 115, no. 1 (2007): 69-102
Optional	Campbell, J. “Inspecting the Mechanism: An Analytical Approach to the Stochastic Growth Model.” Journal of Monetary Economics 33, no. 3 (June 1994): 463-506
Optional	Uhlig, H. “A Toolkit for Analyzing Nonlinear Dynamic Stochastic Models Easily.” mimeo University of Tilburg, 1997
Optional	Prescott, E. C. “Theory Ahead of Business Cycle Measurement.” Federal Reserve Bank of Minneapolis Quarterly Review 10, no. 4 (Fall 1986): 9-22
Optional	Rebelo, S. “Real Business Cycle Models: Past, Present and Future.” National Bureau of Economic Research Working Paper No. 11401, June 2005
Optional	Gali, J., and P. Rabanal. “Technology Shocks and Aggregate Fluctuations: How Well does the RBC Model Fit Postwar U.S. Data?” In NBER Macroeconomics Annual 2004. Edited by M. Gertler and K. Rogoff. Cambridge, MA: MIT Press, pp. 225-318. ISBN: 9780262572293
Optional	Basu, S., J. Fernald., and M. Kimball. “Are Technology Improvements Contractionary?” Federal Reserve Bank of Chicago, WP-2004-20
Optional	Aghion, P., and P. Howitt. “Growth and Cycles.” Chapter 8 in Endogenous Growth Theory. Cambridge, MA: MIT Press, 1998. ISBN: 9780262011662
Optional	Shleifer, A. “Implementation Cycles.” Journal of Political Economy 94, no. 6 (December 1986): 1163-1190
Optional	Shiller, R. Irrational Exuberance. Princeton, NJ: Princeton University Press, 2000. ISBN: 9780691050621
Optional	Blanchard, O., C. Rhee, and L. Summers. “The Stock Market, Profit, and Investment.” Quarterly Journal of Economics 108, no. 1 (February 1993): 115-136
Optional	Blanchard, O. “Current Account Deficits in Rich Countries.” mimeo MIT Department of Economics Working Paper No. 07-06, February 2007
Optional	Dornbusch, R., F. Sturzenegger, H. Wolf, S. Fischer, and R. Barro. “Extreme Inflation: Dynamics and Stabilization.” Brookings Papers on Economic Activity 1990, no. 2 (1990): 1-84
Optional	Dhyne, E., L. Álvarez, H. Le Bihan, G. Veronese, D. Dias, J. Hoffmann, N. Jonker, P. Lünnemann, F. Rumler, and J. Vilmunen. “Price Changes in the Euro area and the United States: Some Facts from Individual Consumer Price Data.” The Journal of Economic Perspectives 20, no. 2 (2006): 171-192
Optional	King, R. “The New IS-LM model: Language, Logic, and Limits.” Federal Reserve Bank of Richmond Economic Quarterly 86, no. 3 (Summer 2000): 45-103
Optional	Blanchard, O., and J. Gali. “Real Wage Rigidities and the New Keynesian Model.” mimeo MIT, February 2006
Optional	Beaudry, P., and F. Portier. “Stock Prices, News, and Economic Fluctuations.” mimeo University of British Columbia, March 2004
Optional	Lorenzoni, G. “A Theory of Demand Shocks.” mimeo MIT, November 2006
Optional	Smets, F., and R. Wouters. “Comparing Shocks and Frictions in US and Euro Area Business Cycles: A Bayesian DSGE Approach.” Center for Economic Policy Research Discussion Paper No. 4750 (November 2004): 1-26
Optional	Gali, J. “New Perspectives on Monetary Policy, Inflation, and the Business Cycle.” National Bureau of Economic Research Working Paper No. 8767, February 2002: 1-52
Optional	King, M. “What has Inflation Targeting Achieved?” In The Inflation-Targeting Debate. Edited by B. Bernanke and M. Woodford. Chicago, IL: University of Chicago Press, 2005. ISBN: 9780226044712
Optional	Bernanke, B., V. Reinhart, and B. Sack. “Monetary Policy Alternatives at the Zero Bound. An empirical assessment.” Finance and Economics Discussion Series 2004-48. Washington, DC: Divisions of Research and Statistics and Monetary Affairs, Federal Reserve Board, 2004
Optional	Svensson, L. “Escaping from a Liquidity Trap and Deflation: The Foolproof Way and Others.” National Bureau of Economic Research Working Paper No. 10195 (December 2003): 1-24
Optional	Chari, V. V., and P. Kehoe. “Optimal Fiscal and Monetary Policy.” Federal Reserve Bank of Minneapolis Staff Report 251 (July 1998)
Optional	Baxter, M., and R. King. “Fiscal Policy in General Equilibrium.” American Economic Review 83, no. 3 (June 1993): 315-334
Optional	Blanchard, O., and R. Perotti. “An Empirical Characterization of the Dynamic Effects of Government Spending and Taxes on Output.” Quarterly Journal of Economics 117, no. 4 (2002): 1329-1368
Optional	Giavazzi, F., and M. Pagano. “Non-Keynesian Effects of Fiscal Policy Changes: International Evidence and the Swedish Experience.” National Bureau of Economic Research Working Paper No. 5332 (October 1996): 1-50
