Required	Card, David, J. Heining, et al. “Workplace Heterogeneity and the Rise of West German Wage Inequality.” The Quarterly Journal of Economics 128, no. 3 (2013): 967–1015
Required	DiNardo, John, Nicole Fortin, et al. “Labor Market Institutions and the Distribution of Wages, 1973–1992: A Semiparametric Approach. " Econometrica 64, no. 5 (1996): 1001–044
Required	Firpo, Sergio, Nicole M. Fortin, et al. “Unconditional Quantile Regressions.” Econometrica 77, no. 3 (2009): 953–73
Required	Acemoglu, Daron, and David Autor. “Skills, Tasks and Technologies: Implications for Employment and Earnings.” In Handbook of Labor Economics. Vol. 4b. Edited by Orley Ashenfelter and David Card. North Holland, 2010, pp. 1043–171. ISBN: 9780444534521
Required	Atkinson, Anthony B, Thomas Piketty, et al. “Top Incomes in the Long Run of History.” Journal of Economic Literature 49, no. 1 (2011): 3–71
Required	Autor, David H. “Skills, Education, and the Rise of Earnings Inequality among the ‘Other 99 Percent.’” Science 344, no. 6186 (2014): 843–51
Required	Beaudry, Paul, David A. Green, et al. “The Declining Fortunes of the Young Since 2000.” American Economic Review 104, no. 5 (2014): 381–86
Required	Boserup, Simon Halphen, Wojciech Kopczuk, et al. “Stability and Persistence of Intergenerational Wealth Formation: Evidence from Danish Wealth Records of Three Generations.”  Columbia University Working Paper, 2014
Required	Chetty, Raj, Nathaniel Hendren, et al. “Is the United States Still a Land of Opportunity? Recent Trends in Intergenerational Mobility.”  American Economic Review 104, no. 5 (2014): 141–47
Required	———. “Where is the Land of Opportunity? The Geography of Intergenerational Mobility in the United States.” The Quarterly Journal of Economics 129, no. 4 (2014): 1553–623
Required	Acemoglu, Daron. “Good Jobs versus Bad Jobs.” Journal of Labor Economics 19, no. 1 (2001): 1–21
Required	Autor, David H., David Dorn, et al. “Trade Adjustment: Worker-level Evidence.” The Quarterly Journal of Economics 129, no. 4 (2014): 1799–860
Required	Autor, David H, Nicole Maestas, et al. “Does Delay Cause Decay? The Effect of Administrative Decision Time on the Labor Force Participation and Earnings of Disability.” NBER Working Paper 20840, 2015
Required	Crepon, Bruno, Esther Duo, et al. “Do Labor Market Policies have Displacement Effects? Evidence from a Clustered Randomized Experiment.” The Quarterly Journal of Economics 128, no. 2 (2013): 531–80
Required	Davis, Steven J., and Till von Wachter. “Recessions and the Costs of Job Loss.” Brookings Papers on Economic Activity, no. 2 (2011): 1–72
Required	Jacobson, Louis. S., Robert J. LaLonde, et al. “Earnings Losses of Displaced Workers Revisited.” American Economic Review 83, no. 4 (1993): 685–709
Required	Jarosch, Gregor. “Searching for Job Security and the Consequences of Job Loss.”  University of Chicago Working Paper, 2014
Required	Kroft, Kory, Fabian Lange, et al. “Duration Dependence and Labor Market Conditions: Evidence from a Field Experiment.” The Quarterly Journal of Economics 128, no. 3 (2013): 1123–67
Required	Lalive, Rafael, Camille Landais, et al. “Market Externalities of Large Unemployment Insurance Extension Programs.” University of Lausanne Working Paper, 2013
Required	Oreopoulos, Philip, Till Von Wachter, et al. “The Short-term and Long-term Career Effects of Graduating in a Recession.” American Economic Journal: Applied Economics 4, no. 1 (2012): 1–29
Required	Sullivan, Daniel, and Till von Wachter. “Job Displacement and Mortality: An Analysis Using Administrative Data.” The Quarterly Journal of Economics 124, no. 3 (2009): 1265–306
Required	Schmieder, Johannes F., Stefan Bender, et al. “The Causal Effect of Unemployment Duration on Wages: Evidence from Unemployment Insurance Extensions.”  UCLA Working Paper, 2014
Required	Acemoglu, Daron. “Technical Change, Inequality and the Labor Market.” Journal of Economic Literature 40, no. 1 (2002): 7–72
Required	Goldin, Claudia, and Lawrence Katz. “The Race between Education and Technology: The Evolution of U.S. Educational Wage Differentials, 1890 to 2005.” National Bureau of Economic Research Working Paper No. 12984, 2007
Required	Katz, Lawrence F., and Kevin M. Murphy. “Changes in Relative Wages, 1963–1987: Supply and Demand Factors.” The Quarterly Journal of Economics 107, no. 1 (1992): 35–78
Required	Card, David, and Thomas Lemieux. “Can Falling Supply Explain the Rising Return to College for Younger Men? A Cohort-based Analysis.” The Quarterly Journal of Economics 116, no. 2 (2001): 705–46
Required	Carneiro, Pedro, and Sokbae Lee. “Trends in Quality-Adjusted Skill Premia in the United States, 1960–2000.” American Economic Review 101, no. 6 (2011): 2309–49
Required	Leuven, Edwin, Hessel Oosterbeek, et al. “Explaining International Differences in Male Skill Wage Differentials by Differences in Demand and Supply of Skill.” The Economic Journal 114, no. 495 (2004): 466–86
Required	Akerman, Anders, Ingvil Gaarder, et al. “The Skill Complementarity of Broadband Internet.” NBER Working Paper No. 20826, 2015
Required	Dittmar, Jeremiah E. “Information Technology and Economic Change: The Impact of the Printing Press.” The Quarterly Journal of Economics 126, no. 3 (2011): 1133–72
Required	Hanlon, W. Walker. “Necessity Is the Mother of Invention: Input Supplies and Directed Technical Change.” Econometrica 83, no. 1 (2015): 67–100. (Forthcoming)
Required	Krusell, Per, Lee Ohanian, et al. “Capital-skill Complementarity and Inequality.” Econometrica 68, no. 5 (2000): 1029–053
Required	Lewis, Ethan G. “Immigration, Skill Mix, and Capital-skill Complementarity.” The Quarterly Journal of Economics 126, no. 2 (2011): 1029–069
Required	Autor, David H., Frank Levy, et al. “The Skill Content of Recent Technological Change: An Empirical Exploration.” The Quarterly Journal of Economics 118, no. 4 (2003): 1279–333
Required	Gathmann, Christina, and Uta Schonberg. “How General is Human Capital? A Task-based Approach.” Journal of Labor Economics 28, no. 1 (2010): 1–49
Required	Goos, Maarten, Alan Manning, et al. “Explaining Job Polarization: Routine-biased Technological Change and Offshoring.” American Economic Review 104, no. 8 (2014): 2509–26
Required	Hsieh, Chang-Tai, Erik Hurst, et al. “The Allocation of Talent and U.S. Economic Growth.”  Stanford University Working Paper, NBER Wroking Paper No. 18693, 2013
Required	Bartel, Ann P., Casey Ichniowski, et al. “How Does Information Technology Affect Productivity? Plant-level Comparisons of Product Innovation, Process Improvement and Worker Skills.” The Quarterly Journal of Economics 122, no. 4 (2007): 1721–58
Required	Bartling, Björn, Ernst Fehr, et al. “Screening, Competition, and Job Design: Economic Origins of Good Jobs.” American Economic Review 102, no. 2 (2012): 834–64
Required	Becker, Gary S., and Kevin M. Murphy. “The Division of Labor, Coordination Costs and Knowledge.” The Quarterly Journal of Economics 107, no. 4 (1992): 1137–60
Required	Dessein, Wouter, and Tanos Santos. “Adaptive Organizations.” Journal of Political Economy 114, no. 5 (2006): 956–95
Required	Pallais, Amanda. “Inefficient Hiring in Entry-level Labor Markets.” American Economic Review 104, no. 11 (2014): 3565–99
Required	Rosen, Sherwin. “The Economics of Superstars.” American Economic Review 71, no. 5 (1981): 845–58
Required	Tervio, Markö. “The Difference that CEOs Make: An Assignment Model Approach.” American Economic Review 98, no. 3 (2008): 642–68
Required	———. “Superstars and Mediocrities: Market Failure in the Discovery of Talent.” Review of Economic Studies 76, no. 2 (2009): 829–50
Required	Eaton, Jonathan, and Samuel Kortum. “Technology, Geography and Trade.” Econometrica 70, no. 5 (2002): 1741–79
Required	———. “Putting Ricardo to Work.” Journal of Economic Perspectives 26, no. 2 (2012): 65–90
Required	Autor, By David H, David Dorn, et al. “The China Syndrome : Local Labor Market Effects of Import Competition in the United States.” American Economic Review 103, no. 6 (2013): 2121–68
Required	Becker, Sascha O., Karolina Ekholm, et al. “Offshoring and the Onshore Composition of Tasks and Skills.” Journal of International Economics 90, no. 1 (2013): 91–106
Required	Dix-Carneiro, Rafael, and Brian Kovak. “Trade Reform and Regional Dynamics: Evidence From 25 Years of Brazilian Matched Employer-employee Data. " Carnegie Mellon Working Paper, NBER Working Paper No. 20908, 2014
Required	Goldberg, Pinelopi Koujianou. “Introduction.” In Trade and Inequality. Edward Elgar Publications, 2015, pp. 1–27. ISBN: 9781783479474
Required	Grossman, Gene, and Estaban Rossi-Hansberg. “Trading Tasks: A Simple Theory of Outsourcing.” American Economic Review 98, no. 5 (2008): 1978–97
Required	Hsieh, Chag-Tai, and Keong T. Woo. “The Impact of Outsourcing to China on Hong Kong’s Labor Market.” American Economic Review 95, no. 5 (2005): 1673–87
Required	Hummels, David, Rasmus Jørgensen, et al. “The Wage Effects of Offshoring: Evidence from Danish Matched Worker-firm Data.”  American Economic Review 104, no. 6 (2014): 1597–629
Required	Lee, David S., and Alexandre Mas. “Long-run Impacts of Unions on Firms: New Evidence from Financial Markets, 1961–1999.” The Quarterly Journal of Economics 127, no. 1 (2012): 333–78
Required	Mas, Alexandre. “Labour Unrest and the Quality of Production: Evidence from the Construction Equipment Resale Market.” Review of Economic Studies 75, no. 1 (2008): 229–58
Required	Schmitz, James A. Jr. “What Determines Productivity? Lessons from the Dramatic Recovery of the U.S. and Canadian Iron Ore Industries Following their Early 1980s Crisis.” Journal of Political Economy 113, no. 3 (2005): 582–625
Required	Autor, David H., David Figlio, et al. “The Fragile-Y Effect: Family Environment and the Gender Gap in Behavioral and Educational Outcomes.” MIT Working Paper, 2015
Required	Bailey, Martha J., and Susan M Dynarski. “Inequality in Post-secondary Education.” In Whither Opportunity?: Rising Inequality, Schools, and Children’s Life Chances. Edited by Greg J. Duncan and Richard J. Murnane. Russell Sage Foundation, 2011. ISBN: 9780871543721
Required	Bertrand, Marianne, and Jessica Pan. “The Trouble with Boys: Social Inuences and the Gender Gap in Disruptive Behavior.” American Economic Journal: Applied Economics 5, no. 1 (2013): 32–64
Required	Goldin, Claudia, Lawrence F. Katz, et al. “The Homecoming of American College Women: The Reversal of the College Gender Gap.” Journal of Economic Perspectives 20, no. 4 (2006): 133–56
Required	Ramey, Garey, and Valerie A Ramey. “The Rug Rat Race.” Brookings Papers on Economic Activity, no. 1 (2010): 129–76
Required	Abramitzky, Ran, Leah Boustan, et al. “Europe’s Tired, Poor, Huddled Masses: Self-selection and Economic Outcomes in the Age of Mass Migration.” American Economic Review 102, no. 5 (2012): 1832–56
Required	Borjas, George. “Self-selection and the Earnings of Immigrants.” American Economic Review 77, no. 4 (1987): 531–53
Required	Roy, Andrew. “Some Thoughts on the Distribution of Earnings.” Oxford Economic Papers New Series 3, no. 2 (1951): 135–46
Required	Abramitzky, Ran. “The Effect of Redistribution on Migration: Evidence from the Israeli Kibbutz.” Journal of Public Economics 93, no. 3–4 (2009): 498–511
Required	Chandra, Amitabh, and Douglas Staiger. “Productivity Spillovers in Health Care: Evidence from the Treatment of Heart Attacks.” Journal of Political Economy 115, no. 1 (2007): 103–40
Required	Brown, Charles. “Equalizing Differences in the Labor Market.” The Quarterly Journal of Economics 94, no. 1 (1980): 113–34
Required	Rosen, Sherwin. “The Theory of Equalizing Differences.” Chapter 12 in Handbook of Labor Economics. Vol. 1. Edited by Orley Ashenfelter and Richard Layard. North Holland, 1987, pp. 641–92. ISBN: 9780444878564
Required	Goldin, Claudia. “Richard T. Ely Lecture: The Quiet Revolution that Transformed Women’s Employment, Education, and Family.” American Economic Review Papers and Proceedings 96, no. 2 (2006): 1–21
Required	———. “A Grand Gender Convergence: Its Last Chapter.” American Economic Review 104, no. 4 (2014): 1091–119
Required	Goldin, Claudia, and Lawrence Katz. Forthcoming. “The Most Egalitarian Profession: Pharmacy and the Evolution of a Family-friendly Occupation.” Journal of Labor Economics, NBER Working Paper No. 18410, 2012
Required	Mulligan, Casey, and Yona Rubinstein. “Selection, Investment, and Women’s Relative Wages over Time.” The Quarterly Journal of Economics 123, no. 3 (2008): 1061–110
Required	Aghion, Philippe, Mathias Dewatripont, et al. “Academic Freedom, Private-sector Focus, and the Process of Innovation.” RAND Journal of Economics 39, no. 3 (2008): 617–35
Required	Borjas, George, and Kirk Doran. “The Collapse of the Soviet Union and the Productivity of American Mathematicians.” The Quarterly Journal of Economics 127, no. 3 (2012): 1143–203
Required	Stern, Scott. “Do Scientists Pay to be Scientists?” Management Science 50, no. 6 (2004): 835–53
Required	Aigner, Dennis, and Glen Cain. “Statistical Theories of Discrimination in Labor Markets.” Industrial and Labor Relations Review 30, no. 2 (1977): 175–87
Required	Phelps, Edmund. “The Statistical Theory of Racism and Sexism.” American Economic Review 62, no. 4 (1972): 659–61
Required	Goldin, Claudia, and Cecilia Rouse. “Orchestrating Impartiality: The Impact of ‘Blind’ Auditions on Female Musicians.” American Economic Review 90, no. 4 (2000): 715–41
Required	Neal, Derek, and William Johnson. “The Role of Pre-market Factors in Black-white Wage Differences.” Journal of Political Economy 104, no. 5 (1996): 869–95
Required	Altonji, Joseph, and Charles Pierret. “Employer Learning and Statistical Discrimination.” The Quarterly Journal of Economics 116, no. 1 (2001): 313–50
Required	Coate, Stephen, and Glenn Loury. “Will Affirmative Action Eliminate Negative Stereotypes?” American Economic Review 83, no. 5 (1993): 1220–40
Required	Farber, Henry, and Robert Gibbons. “Learning and Wage Dynamics.” The Quarterly Journal of Economics 111, no. 4 (1996): 1007–47
Required	Rose, Nancy. “Labor Rent Sharing and Regulation: Evidence from the Trucking Industry.” Journal of Political Economy 95, no. 6 (1987): 1146–78
Required	Van Reenen, John. “The Creation and Capture of Rents: Wages and Innovaiton in a Panel of U.K. Companies.” The Quarterly Journal of Economics 111, no. 1 (1996): 195–226
Required	Bertrand, Marianne, and Antoinette Schoar. “Managing with Style: The Effect of Managers on Firm Policies.” The Quarterly Journal of Economics 118, no. 4 (2003): 1169–208
Required	Bloom, Nicholas, and John Van Reenen. “Measuring and Explaining Management Practices Across Firms and Countries.” The Quarterly Journal of Economics 122, no. 4 (2007): 1351–408
Required	Haider, Steven, and Gary Solon. “Life-cycle Variation in the Association Between Current and Lifetime Earnings.”  American Economic Review 96, no. 4 (2006): 1308–20
Required	Solon, Gary. “Intergenerational Income Mobility in the United States.”  American Economic Review 82, no. 3 (1992): 393–408
Required	Black, Sandra, Paul Devereux, et al. “Why the Apple doesn’t Fall Far: Understanding Intergenerational Transmission of Human Capital.” American Economic Review 95, no. 1 (2005): 437–49
Required	Chetty, R., Nathaniel Hendren, et al. “Where is the Land of Opportunity? The Geography of Intergenerational Mobility in the United States.” The Quarterly Journal of Economics 129, no. 4 (2014): 1553–623
Required	Sacerdote, Bruce. “How Large are the Effects from Changes in Family Environment? A Study of Korean American Adoptees.” The Quarterly Journal of Economics 122, no. 1 (2007): 119–57
Required	Bharadwaj, Prashant, Katrine Loken, et al. “Early Life Health Interventions and Academic Achievement.” American Economic Review 103, no. 5 (2013): 1862–91
Required	Black, Sandra, Paul Devereux, et al. “From the Cradle to the Labor Market? The Effect of Birth Weight on Adult Outcomes.” The Quarterly Journal of Economics 122, no. 1 (2007): 409–39
Required	Doyle, Joseph. “Child Protection and Child Outcomes: Measuring the Effects of Foster Care.” American Economic Review 97, no. 5 (2007): 1583–610
Required	Autor, David H., Lawrence F. Katz, et al. “Rising Wage Inequality: The Role of Composition and Prices.” NBER Working Paper No. 11628, 2005
Required	Barth, Erling, Alex Bryson, et al. “It’s Where You Work: Increases in Earnings Dispersion across Establishments and Individuals in the U.S.” NBER Working Paper No. 20447, 2014
Required	Firpo, Sergio, Nicole M. Fortin, and Thomas Lemieux. “Decomposition Methods in Economics.” In Handbook of Labor Economics. Vol. 4A. Edited by Orley Ashenfelter and David Card. North Holland, 2010, pp. 1–102. ISBN: 9780444534507
Required	Firpo, Sergio, Nicole M. Fortin, et al. “Occupational Tasks and Changes in the Wage Structure.” IZA Discussion Paper No. 5542, 2011
Required	Hakanson, Christina, Erik Lindqvist, et al. “Firms and Skills: The Evolution of Worker Sorting.”  Stockholm School of Economics Working Paper, 2013
Required	Juhn, Chinhui, Kevin M. Murphy and Brooks Pierce. “Wage Inequality and the Rise in Returns to Skill.” Journal of Political Economy 101, no. 3 (1993): 410–42
Required	Kline, Patrick. “Oaxaca-blinder as a Reweighting Estimator.” American Economic Review Papers & Proceedings 101, no. 3 (2011): 532–7
Required	Lemieux, Thomas. “Increased Residual Wage Inequality: Composition Effects, Noisy Data, or Rising Demand for Skill?” American Economic Review 96, no. 3 (2006): 461–98
Required	Autor, David H., Lawrence F. Katz, et al. “The Polarization of the U.S. Labor Market.” American Economic Review Papers and Proceedings 96, no. 2 (2006): 189–94
Required	———. “Trends in U.S. Wage Inequality: Revising the Revisionists.” The Review of Economics and Statistics 90, no. 2 (2008): 300–23
Required	Bakija, Jon, Adam Cole, et al. “Jobs and Income Growth of Top Earners and the Causes of Changing Income Inequality: Evidence from U.S. Tax Return Data.”  U.S. Department of the Treasury Working Paper, 2012
Required	Bivens, Josh, Elise Gould, et al. “Raising America’s Pay: Why It’s Our Central Economic Policy Challenge.” Economic Policy Institute Brieng Paper No. 378, 2014
Required	Corak, Miles. “Income Inequality, Equality of Opportunity, and Intergenerational Mobility.” The Journal of Economic Perspectives 27, no. 3 (2013): 79–102
Required	Dustmann, Christian, Bernd Fitzenberger, et al. “From Sick Man of Europe to Economic Superstar: Germany’s Resurgent Economy.” The Journal of Economic Perspectives 28, no. 1 (2014): 167–88
Required	Dustmann, Christian, Johannes Ludsteck, et al. “Revisiting the German Wage Structure.” The Quarterly Journal of Economics 124, no. 2 (2009): 843–81
Required	Ellwood, David. “The Sputtering Labor Force of the Twenty-first Century: Can Social Policy Help?” In The Roaring Nineties: Can Full Employment be Sustained? Edited by Alan B. Krueger and Robert M. Solow. Russell Sage Foundation, 2002. ISBN: 9780871548177
Required	Goldin, Claudia, and Lawrence Katz. “The Origins of Technology-skill Complementarity.” The Quarterly Journal of Economics 113, no. 3 (1998): 693–732
Required	Gottschalk, Peter, and Robert Moffitt. “The Growth of Earnings Instability in the U.S. Labor Market.”  Brookings Papers on Economic Activity 25, no. 2 (1994): 217–72
Required	Hounshell, David A. From the American System to Mass Production, 1800–1932: The Development of Manufacturing Technology in the United States (Studies in Industry and Society). The John Hopkins University Press, 1984. ISBN: 9780801829758
Required	Katz, Lawrence F., and David H. Autor. “Changes in the Wage Structure and Earnings Inequality.” In Handbook of Labor Economics. Vol. 3A. Edited by Orley Ashenfelter and David Card. North Holland, 1999. ISBN: 9780444501875
Required	Kopczuk, Wojciech, Emmanuel Saez, et al. “Earnings Inequality and Mobility in the United States: Evidence from Social Security Data since 1937.” The Quarterly Journal of Economics 125, no. 1 (2010): 91–128
Required	OECD. OECD Skills Outlook 2013: First Results from the Survey of Adult Skills. Organization for Economic Cooperation and Development, 2013. ISBN: 9789264203983
Required	Acemoglu, Daron, David Autor, et al. “Women, War, and Wages: The Effect of Female Labor Supply on the Wage Structure at Midcentury.” Journal of Political Economy 112, no. 3 (2004): 497–551
Required	Beaudry, Paul, David A. Green, et al. “The Great Reversal in the Demand for Skill and Cognitive Tasks.”  University of British Columbia Working Paper, NBER Working Paper No. 18901, 2013
Required	Blau, Francine D., and Lawrence M. Kahn. “International Differences in Male Wage Inequality: Institutions versus Market Forces.” Journal of Political Economy 104, no. 4 (1996): 791–837
Required	———. “Do Cognitive Test Scores Explain Higher U.S. Wage Inequality?” The Review of Economics and Statistics 87, no. 1 (2005): 184–93
Required	Castex, Gonzalo, and Evgenia Dechter. “The Changing Roles of Education and Ability in Wage Determination.” Journal of Labor Economics 32, no. 4 (2014): 685–710
Required	Goldin, Claudia, and Lawrence Katz. The Race between Education and Technology. Belknap Press, 2008. ISBN: 9780674028678
Required	Hamermesh, Daniel S. “Changing Inequality in the Markets for Workplace Amenities.” The Quarterly Journal of Economics 114, no. 4 (1999): 1085–123
Required	Lindley, Joanne, and Stephen Machin. “Rising Wage Inequality and Postgraduate Education.” IZA Discussion Paper No. 5981, 2011
Required	Pierce, Brooks. “Compensation Inequality.” The Quarterly Journal of Economics 116, no. 4 (2001): 1493–525
Required	———. “Recent Trends in Compensation Inequality.” In Labor in the New Economy. Edited by K. Abraham, M. Harper, and J. Spletzer. University of Chicago Press, 2010, pp. 63–98. ISBN: 9780226001432
Required	Beaudry, Paul, Mark Doms, et al. “Should the Personal Computer Be Considered a Technological Revolution? Evidence from U.S. Metropolitan Areas.” Journal of Political Economy 118, no. 5 (2010): 988–1036
Required	Machin, Stephen, and John Van Reenen. “Technology and Changes in Skill Structure: Evidence from Seven OECD Countries.” The Quarterly Journal of Economics 113, no. 4 (1998): 1215–44
Required	Michaels, Guy, Ashwini Natraj, et al. “Has ICT Polarized Skill Demand? Evidence from Eleven Countries over 25 Years.” The Review of Economics and Statistics 96, no. 1 (2014): 60–77
Required	Nordhaus, William D. “Two Centuries of Productivity Growth in Computing.”  The Journal of Economic History 67, no. 1 (2001): 128–59
Required	Acemoglu, Daron. “Directed Technical Change.” Review of Economic Studies 69, no. 4 (2002): 781–809
Required	Acemoglu, Daron, and David Autor. “What Does Human Capital Do? A Review of Goldin and Katz’s The Race between Education and Technology.” Journal of Economic Literature 50, no. 2 (2012): 426–63
Required	Adermon, Adrian, and Magnus Gustavsson. “Job Polarization and Task-biased Technological Change: Evidence from Sweden, 1975–2005.” The Scandinavian Journal of Economics 117, no. 3 (2015): 878–917. (Forthcoming)
Required	Autor, David H. “The ‘Task Approach’ to Labor Markets: An Overview.” Journal for Labour Market Research 46, no. 3 (2013): 185–99
Required	Autor, David, and David Dorn. “The Growth of Low Skill Service Jobs and the Polarization of the U.S. Labor Market.” American Economic Review 103, no. 5 (2013): 1553–97
Required	Coelli, Michael, and Jeff Borland. “Job Polarisation and Earnings Inequality in Australia.”  University of Melbourne Working Paper, 2015
Required	Goos, Maarten, and Alan Manning. “Lousy and Lovely Jobs: The Rising Polarization of Work in Britain.” The Review of Economics and Statistics 89, no. 1 (2007): 118–33
Required	Heckman, James J., and Jose Scheinkman. “The Importance of Bundling in a Gorman-lancaster Model of Earnings.” Review of Economic Studies 54, no. 2 (1987): 243–55
Required	Katz, Lawrence F., and Robert A. Margo. “Technical Change and the Relative Demand for Skilled Labor: The United States in Historical Perspective.” In Human Capital in History: The American Record. Edited by Leah Platt Boustan, Carola Frydman, and Robert A. Margo. University of Chicago Press, 2014, pp. 15–57
Required	Lindley, Joanne, and Stephen Machin. “Spatial Changes in Labour Market Inequality.” Journal of Urban Economics 79 (2014): 121–38
Required	Bloom, Nicholas, Erik Brynjolfsson, et al. “Management in America.”  Center for Economic Studies Working Paper No. CES 13–01, 2013
Required	Bloom, Nicholas, Mirko Draca, et al. “Trade Induced Technical Change? The Impact of Chinese Imports on Innovation, IT, and Productivity.” NBER Working Paper No. 16717, 2011
Required	Bloom, Nick, and John Van Reenen. “Measuring and Explaining Management Practices across Firms and Countries.” The Quarterly Journal of Economics 122, no. 4 (2007): 1351–408
Required	Bloom, Nick, Rafaella Sadun, et al. “Americans do IT Better: U.S. Multinationals and the Productivity Miracle.” American Economic Review 102, no. 1 (2012): 167–201
Required	Bresnahan, Timothy F., Erik Brynolfsson, et al. “Information Technology, Workplace Organization and the Demand for Skilled Labor: Firm-level Evidence.” The Quarterly Journal of Economics 117, no. 1 (2002): 339–76
Required	Gabaix, Xavier, and Augustin Landier. “Why has CEO Pay Increased so Much?” The Quarterly Journal of Economics 123, no. 1 (2008): 49–100
Required	Garicano, Luis, and Esteban Rossi-hansberg. “Knowledge-based Hierarchies: Using Organizations to Understand the Economy.” NBER Working Paper No. 20607, 2014
Required	Lemieux, Thomas, Bentley MacLeod, et al. “Performance Pay and Wage Inequality.” The Quarterly Journal of Economics 124, no. 1 (2009): 1–49
Required	Philippon, Thomas, and Ariell Reshef. “Wages and Human Capital in the U.S. Finance Industry: 1909–2006.” The Quarterly Journal of Economics 127, no. 4 (2012): 1551–609
Required	Taylor, Frederick W. The Principles of Scientific Management. Harper and Brothers, 1911
Required	Thesmar, David, and Mathias Thoenig. “Creative Destruction and Firm Organizational Choice.” The Quarterly Journal of Economics 115, no. 4 (2000): 1201–37
Required	Acemoglu, Daron, David Dorn, et al. “Import Competition and the Great U.S. Employment Sag of the 2000s.” NBER Working Paper No. 20395, 2014
Required	Berman, Eli, John Bound, et al. “Implications of Skill-biased Technological Change: International Evidence.” The Quarterly Journal of Economics 113, no. 4 (1998): 1245–79
Required	Blinder, Alan S., and Alan B. Krueger. “Alternative Measures of Offshorability: A Survey Approach.” NBER Working Paper No. 15287, 2009
Required	Costinot, Arnaud. “An Elementary Theory of Comparative Advantage.” Econometrica 77, no. 4 (2009): 1165–92
Required	Dix-Carneiro, Rafael, and Brian K Kovak. “Trade Liberalization and the Skill Premium: A Local Labor Markets Approach.” American Economic Review 105, no. 5 (2015): 551–7
Required	Feenstra, Robert C., and Gordon H. Hanson. “Foreign Direct Investment and Relative Wages: Evidence from Mexico’s Maquiladoras.” Journal of International Economics 42, no. 3–4 (1997): 371–93
Required	Hanson, Gordon. “The Rise of Middle Kingdoms: Emerging Economies in Global Trade.” The Journal of Economic Perspectives 26, no. 2 (2012): 41–64
Required	Haskel, Jonathan E., Robert Z. Lawrence, et al. “Globalization and U.S. Wages: Modifying Classic Theory to Explain Recent Facts.” The Journal of Economic Perspectives 26, no. 2 (2012): 119–40
Required	Kovak, Brian K. “Regional Effects of Trade Reform: What is the Correct Measure of Liberalization?” American Economic Review 103, no. 5 (2013): 1960–76
Required	Lileeva, Alla, and Daniel Trefler. “Improved Access to Foreign Markets Raises Productivity. . . For Some Plants.” The Quarterly Journal of Economics 125, no. 3 (2010): 1051–099
Required	Melitz, Mark, and Daniel Trefler. “Gains from Trade when Firms Matter.” The Journal of Economic Perspectives 26, no. 2 (2012): 91–118
Required	Pierce, Justin R., and Peter K. Schott. “The Surprisingly Swift Decline of U.S. Manufacturing Employment.” CESIFO Working Paper No. 4563, 2014
Required	Topolova, Petia. “Factor Immobility and Regional Impacts of Trade Liberalization: Evidence on Poverty from India.” American Economic Journal: Applied Economics 2, no. 4 (2010): 1–41
Required	Utar, Hale. “Workers Beneath the Floodgates: The Impact of Removing Trade Quotas for China on Danish Workers.” Bielefeld Working Papers in Economics and Management No. 12–2014, 2014
Required	———. “When the Floodgates Open: ‘Northern’ Firms’ Response to Removal of Trade Quotas on Chinese Goods.” American Economic Journal: Applied Economics 6, no. 4 (2014): 226–50
Required	Autor, David H., Alan Manning, et al. “The Contribution of the Minimum Wage to U.S. Wage Inequality over Three Decades: A Reassessment.”  MIT Working Paper, 2015
Required	DiNardo, John, and David S. Lee. “Economic Impacts of New Unionization on Private Sector Employers: 1984–2001.” The Quarterly Journal of Economics 119, no. 4 (2004): 1383–441
Required	Frandsen, Brigham R. “Why Unions Still Matter: The Effects of Unionization on the Distribution of Employee Earnings.” MIT Working Paper, 2012
Required	Freeman, Richard R., and James L. Medoff. What do Unions Do? Basic Books, 1984. ISBN: 9780465091331
Required	Greenwood, Jeremy, and D. Weiss. “Mining Surplus: Modeling James A. Schmitz’s Link Between Competition and Productivity.” NBER Working Paper No. 19556, 2013
Required	Kahn, Lawrence. “Wage Inequality, Collective Bargaining, and Relative Employment from 1985 to 1994: Evidence from 15 OECD Countries.” The Review of Economics and Statistics 82, no. 4 (2000): 564–79
Required	Krueger, Alan B., and Alexandre Mas. “Strikes, Scabs, and Tread Separations: Labor Strife and the Production of Defective Bridgestone / Firestone Tires.”  Journal of Political Economy 112, no. 2 (2004): 253–89
Required	Lee, David. “Wage Inequality in the U.S. During the 1980’s: Rising Dispersion or Falling Minimum Wage.” The Quarterly Journal of Economics 114, no. 4 (1999): 941–1024
Required	Mas, Alexandre. “Pay, Reference Points, and Police Performance.” The Quarterly Journal of Economics 121, no. 3 (2006): 783–821
Required	Matsa, David A. “Capital Structure as a Strategic Variable: Evidence from Collective Bargaining.” The Journal of Finance 65, no. 3 (2010): 1197–232
Required	Autor, David, and Melanie Wasserman. “Wayward Sons: The Emerging Gender Gap in Education and Labor Markets.”  Third Way, 2013
Required	Buchmann, Claudia, and Thomas A. DiPrete. “The Growing Female Advantage in College Completion: The Role of Family Background and Academic Achievement.” American Sociological Review 71 (2006): 515–41
Required	Charles, Kerwin Kofi, and Ming Ching Luoh. “Male Incarceration, the Marriage Market and Female Outcomes.” The Review of Economics and Statistics 92, no. 3 (2010): 614–27
Required	Clampet-Lundquist, Susan, Jeffrey R Kling, et al. “Moving Teenagers out of High-risk Neighborhoods: How Girls Fare Better than Boys.”  American Journal of Sociology 116, no. 4 (2011): 1154–89
Required	Corak, Miles, Lori Curtis, et al. “Economic Mobility, Family Background, and the Well-being of Children in the United States and Canada.” IZA Discussion Paper No. 4814, 2010
Required	Duncan, Greg J., and Richard J. Murnane, eds. Whither Opportunity?: Rising Inequality, Schools, and Children’s Life Chances. Russell Sage Foundation, 2011. ISBN: 9780871543721
Required	Jacob, Brian L., and Tamara Linkow Wilder. “Educational Expectations and Attainment.” In Whither Opportunity?: Rising Inequality, Schools, and Children’s Life Chances. Edited by Greg J. Duncan and Richard J. Murnane. Russell Sage Foundation, 2011. ISBN: 9780871543721
Required	Juhn, Chinhui, Kevin M. Murphy, et al. “Current Unemployment, Historically Contemplated.” Brookings Papers on Economic Activity 2002, no. 1 (2002): 79–116
Required	McLanahan, Sara. “Diverging Destinies: How Children Are Faring under the Second Demographic Transition.” Demography 41, no. 4 (2004): 607–27
Required	Murray, Charles. Coming Apart: The State of White America, 1960–2010. Crown Forum, 2012
Required	Phillips, Meredith. “Parenting, Time Use, and Disparities in Academic Outcomes.” In Whither Opportunity?: Rising Inequality, Schools, and Children’s Life Chances. Edited by Greg J. Duncan and Richard J. Murnane. Russell Sage Foundation, 2011. ISBN: 9780871543721
Required	Prevoo, Tyas, and Bas ter Weel. “The Effect of Family Disruption on Children’s Personality Development: Evidence from British Longitudinal Data.”  IZA Discussion Paper No. 8217, 2014
Required	Reardon, Sean F. “The Widening Academic Achievement Gap Between the Rich and the Poor: New Evidence and Possible Explanations.” In Whither Opportunity?: Rising Inequality, Schools, and Children’s Life Chances. Edited by Greg J. Duncan and Richard J. Murnane. Russell Sage Foundation, 2011. ISBN: 9780871543721
Required	Rege, Mari, Kjetil Telle, et al. “Parental Job Loss and Children’s School Performance.” Review of Economic Studies 78, no. 4 (2011): 1462–89
Required	Smock, Pamela J., Wendy D. Manning, et al. “‘Everything’s There Except Money’: How Money Shapes Decisions to Marry among Cohabitors.” Journal of Marriage and Family 67, no. 3 (2005): 680–96
Required	Abramitzky, Ran, Leah Boustan, et al. “A Nation of Immigrants: Assimilation and Economic Outcomes in the Age of Mass Migration.” Journal of Political Economy 122, no. 3 (2014): 467–506
Required	Borjas, George. “Assimilation, Changes in Cohort Quality, and the Earnings of Immigrants.” Journal of Labor Economics 3, no. 4 (1985): 463–89
Required	Borjas, George. “The Economic Analysis of Immigration.” Chapter 28 in Handbook of Labor Economics. Vol. 3, Part 1. Edited by Orley Ashenfelter and David Card. North Holland, 1999, pp. 1697–760. ISBN: 9780444501875
Required	Chiswick, Barry. “The Effect of Americanization on the Earnings of Foreign-born Men.” Journal of Political Economy 86, no. 5 (1978): 897–921
Required	French, Eric, and Christopher Taber. “Identification of Models of the Labor Market.” Chapter 6 in In Handbook of Labor Economics. Vol. 4A. Edited by Orley Ashenfelter and David Card. North Holland, 2010, pp. 537–617. ISBN: 9780444534507
Required	Heckman, James, and Bo Honoré. “The Empirical Content of the Roy Model.” Econometrica 58, no. 5 (1990): 1121–49
Required	Neal, Derek, and Sherwin Rosen. “Theories of the Distribution of Earnings.” Chapter 7 in Handbook of Income Distribution. Vol. 1. Edited by Anthony Atkinson and François Bourguignon. North Holland, 2000, pp. 379–427. ISBN: 9780444816313
Required	Borjas, George. “The Wage Structure and the Sorting of Workers into the Public Sector.” Chapter 3 in For the People: Can We Fix Public Service? Edited by John Donahue and Joseph Nye. Brookings Institution Press and Visions of Governance in the 21st Century, 2003, pp. 29–54. ISBN: 9780815718970
Required	Dahl, Gordon. “Mobility and the Return to Education: Testing a Roy Model with Multiple Markets.” Econometrica 70, no. 6 (2002): 2367–420
Required	Kirkeboen, Lars, Edwin Leuven, et al. “Field of Study, Earnings, and Self-selection.” NBER Working Paper No. 20816, 2014
Required	Rothschild, Casey, and Florian Scheuer. “Redistributive Taxation in the Roy Model.” The Quarterly Journal of Economics 128, no. 2 (2013): 623–68
Required	Willis, Robert, and Sherwin Rosen. “Education and Self-selection.” Journal of Political Economy 87, no. 5 (1979): S7–36
Required	Fishback, Price, and Shawn Kantor. “Did Workers Pay for the Passage of Workers’ Compensation Laws?” The Quarterly Journal of Economics 110, no. 3 (1995): 713–42
Required	Friedman, Milton, and Simon Kuznets. Income from Independent Professional Practice. National Bureau of Economic Research, 1945. ISBN: 9780870140440
Required	Gruber, Jonathan. “The Incidence of Mandated Maternity Benefits.” American Economic Review 84, no. 3 (1994): 622–41
Required	———. “The Incidence of Payroll Taxation: Evidence from Chile.” Journal of Labor Economics 15, no. S3 (1997): S72–101
Required	Gruber, Jonathan, and Alan Krueger. “The Incidence of Mandated Employer-provided Insurance: Lessons from Workers’ Compensation Insurance.” In Tax Policy and the Economy. Vol. 5. Edited by David Bradford. MIT Press, 1991, pp. 111–43. ISBN: 9780262521581
Required	Lucas, Robert. “Hedonic Wage Equations and Psychic Wages in the Returns to Schooling.” American Economic Review 67, no. 4 (1977): 549–58
Required	Murphy, Kevin, and Robert Topel. “Unemployment, Risk, and Earnings: Testing for Equalizing Differences in the Labor Market.” Chapter 5 in Unemployment and the Structure of Labor Markets. Edited by Kevin Lang and Jonathan Leonard. Blackwell Publisher, 1987, pp. 103–40. ISBN: 9780814405253
Required	Rosen, Sherwin. “Hedonic Prices and Implicit Markets: Product Differentiation in Pure Competition.” Journal of Political Economy 82, no. 1 (1974): 34–55
Required	Summers, Lawrence. “Some Simple Economics of Mandated Benefits.” American Economic Review Papers and Proceedings 79, no. 2 (1989): 177–83
Required	Bertrand, Marianne. “New Perspectives on Gender.” Chapter 17 in Handbook of Labor Economics. Vol. 4B. Edited by Orley Ashenfelter and David Card. North Holland, 2010, pp. 1545–92. ISBN: 9780444534521
Required	Bertrand, Marianne, Claudia Goldin, et al. “Dynamics of the Gender Gap among Young Professionals in the Corporate and Financial Sectors.” American Economic Journal: Applied Economics 2, no. 3 (2010): 228–55
Required	Goldin, Claudia. Understanding the Gender Gap: An Economic History of American Women. Oxford University Press, 1990. ISBN: 9780195050776
Required	Wright, Gavin. “Understanding the Gender Gap: A Review Article.” Journal of Economic Literature 29, no. 3 (1991): 1153–63
Required	Freeman, Richard. “Supply and Salary Adjustments to the Changing Science Manpower Market: Physics, 1948–1975.”  American Economic Review 65, no. 1 (1975): 27–39
Required	———. “A Cobweb Model of the Supply and Starting Salary of New Engineers.” Industrial Labor Relations Review 29, no. 2 (1976): 236–48
Required	Freeman, Richard, Tanwin Chang, and Hanley Chang. “Supporting ’the Best and Brightest’ in Science and Engineering: NSF Graduate Research Fellowships.” In Science and Engineering Careers in the United States: An Analysis of Markets and Employment. Edited by Richard Freeman and Daniel Goroff. University of Chicago Press, 2009. ISBN: 9780226261898
Required	Freeman, Richard, and John Van Reenen. “What if Congress Doubled R&D Spending on the Physical Sciences.” In Innovation Policy and the Economy. Vol. 9. Edited by Josh Lerner and Scott Stern. University of Chicago Press, 2009, pp. 1–38. ISBN: 9780226400716
Required	Goosbee, Austan. “Does Government R&D Policy Mainly Benefit Scientists and Engineers?” American Economic Review Papers and Proceedings 88, no. 2 (1998): 298–302
Required	Romer, Paul. “Should the Government Subsidize Supply or Demand in the Market for Scientists and Engineers.” In Innovation Policy and the Economy. Vol. 1. Edited by Adam Jaffe, Josh Lerner, and Scott Stern. MIT Press, 2001, pp. 221–52. ISBN: 9780262600415
Required	Stephan, Paula. How Economics Shapes Science. Harvard University Press, 2012. ISBN: 9780674049710
Required	Altonji, Joseph, and Rebecca Blank. “Race and Gender in the Labor Market.” Chapter 48 in Handbook of Labor Economics. Vol. 3C. Edited by Orley Ashenfelter and David Card. North Holland, 1999, pp. 3143–259. ISBN: 9780444501899
Required	Anwar, Shamena, Patrick Bayer, et al. “The Impact of Jury Race in Criminal Trials.” The Quarterly Journal of Economics 127, no. 2 (2012): 1017–055
Required	Arrow, Kenneth. “The Theory of Discrimination.” In Discrimination in Labor Markets. Edited by Orley Ashenfelter and Albert Rees. Princeton University Press, 1973, pp. 3–33
Required	Autor, David, and David Scarborough. “Does Job Testing Harm Minority Workers? Evidence from Retail Establishments.” The Quarterly Journal of Economics 123, no. 1 (2008): 219–77
Required	Becker, Gary. The Economics of Discrimination. The University of Chicago Press, 1957
Required	Bertrand, Marianne, and Sendhil Mullainathan. “Are Emily and Greg more Employable than Latisha and Jamal? A Field Experiment on Labor Market Discrimination.” American Economic Review 94, no. 4 (2004): 991–1013
Required	Black, Dan. “Discrimination in an Equilibrium Search Model.” Journal of Labor Economics 13, no. 2 (1995): 309–34
Required	Borjas, George, and Stephen Bronars. “Consumer Discrimination and Self-employment.” Journal of Political Economy 97, no. 3 (1989): 581–605
Required	Chandra, Amitabh, and Douglas Staiger. “Identifying Provider Prejudice in Healthcare.” NBER Working Paper No. 16832, 2010
Required	Charles, Kerwin, and Jonathan Guryan. “Prejudice and Wages: An Empirical Assessment of Becker’s The Economics of Discrimination.” Journal of Political Economy 116, no. 5 (2008): 773–809
Required	Chay, Kenneth. “The Impact of Federal Civil Rights Policy on Black Economic Progress: Evidence from the Equal Employment Opportunity Act of 1972.” Industrial and Labor Relations Review 51, no. 4 (1998): 608–32
Required	Fryer, Roland, and Glenn Loury. “Affirmative Action and its Mythology.” The Journal of Economic Perspectives 19, no. 3 (2005): 147–62
Required	Goldberg, Matthew. “Discrimination, Nepotism, and Long-run Wage Differentials.” The Quarterly Journal of Economics 97, no. 2 (1982): 307–19
Required	Goldberger, Arthur. “Reverse Regression and Salary Discrimination.” The Journal of Human Resources 19, no. 3 (1984): 293–318
Required	Heckman, James, and Brook Payner. “Determining the Impact of Federal Antidiscrimination Policy on the Economic Status of Blacks: A Case Study of South Carolina.” American Economic Review 79, no. 1 (1989): 138–77
Required	Holzer, Harry, and David Neumark. “Assessing Affirmative Action.” Journal of Economic Literature 38, no. 3 (2000): 483–568
Required	Lang, Kevin, Michael Manove, et al. “Racial Discrimination in Labor Markets With Posted Wage Offers.” American Economic Review 95, no. 4 (2005): 1327–40
Required	Leonard, Jonathan. “The Impact of Affirmative Action on Employment.” Journal of Labor Economics 2, no. 4 (1984): 439–63
Required	List, John. “The Nature and Extent of Discrimination in the Marketplace: Evidence from the Field.” The Quarterly Journal of Economics 119, no. 1 (2004): 49–89
Required	Lundberg, Shelly, and Richard Startz. “Private Discrimination and Social Intervention in Competitive Labor Markets.” American Economic Review 73, no. 3 (1983): 340–7
Required	McCrary, Justin. “The Effect of Court-ordered Hiring Quotas on the Composition and Quality of Policy.” American Economic Review 97, no. 1 (2007): 318–53
Required	Neal, Derek. “The Measured Black-white Wage Gap Among Women is too Small.” Journal of Political Economy 112, no. S1 (2004): S1–28
Required	Riach, Peter, and Judith Rich. “Field Experiments of Discrimination in the Market Place.” The Economic Journal 112, no. 483 (2002): F480–518
Required	Abowd, John, and Thomas Lemieux. “The Effects of Product Market Competition on Collective Bargaining Agreements: The Case of Foreign Competition in Canada.” The Quarterly Journal of Economics 108, no. 4 (1993): 983–1014
Required	Black, Sandra, and Philip Strahan. “The Division of the Spoils: Rent-sharing and Discrimintation in a Regulated Industry.” American Economic Review 91, no. 4 (2001): 914–31
Required	Bloom, Nicholas, and John Van Reenen. “Human Resource Management and Productivity.” Chapter 19 in Handbook of Labor Economics. Vol. 4B. Edited by Orley Ashenfelter and David Card. North Holland, 2010, pp. 1697–768. ISBN: 9780444534521
Required	Bloom, Nicholas, Benn Eifert, et al. “Does Management Matter? Evidence from India.” The Quarterly Journal of Economics 128, no. 1 (2013): 1–51. (Forthcoming)
Required	Becker, Gary, and Nigel Tomes. “An Equilibrium Theory of the Distribution of Income and Intergenerational Mobility.” Journal of Political Economy 87, no. 6 (1979): 1153–89
Required	Björklund, Anders, Mikael Lindahl, et al. “The Origins of Intergenerational Associations: Lessons from Swedish Adoption Data.” The Quarterly Journal of Economics 121, no. 3 (2006): 999–1028
Required	Black, Sandra, and Paul J. Devereux. “Recent Developments in Intergenerational Mobility.” Chapter 16 in Handbook of Labor Economics. Vol. 4B. Edited by Orley Ashenfelter and David Card. North Holland, 2010, pp. 1487–541. ISBN: 9780444534521
Required	Bowles, Samuel, and Herbert Gintis. “The Inheritance of Inequality.” The Journal of Economic Perspectives 16, no. 3 (2002): 3–30
Required	Chetty, Raj, Nathaniel Hendren, et al. “Is the United States Still a Land of Opportunity? Recent Trends in Intergenerational Mobility.”  American Economic Review Papers and Proceedings 104, no. 5 (2014): 141–7
Required	Clark, Gregory. The Son Also Rises: Surnames and the History of Social Mobility. Princeton University Press, 2014
Required	Gelber, Alexander, and Adam Isen. “Children’s Schooling and Parents’ Investment in Children: Evidence from the Head Start Impact Study.” Journal of Public Economics 101 (2013): 25–38
Required	Long, Jason, and Joseph Ferrie. “Intergenerational Mobility in Britain and the United States Since 1850.” American Economic Review 103, no. 4 (2013): 1109–37
Required	Loury, Glenn. “Intergenerational Transfers and the Distribution of Earnings.” Econometrica 49, no. 4 (1981): 843–67
Required	Mazumder, Bhashkar. “Fortunate Sons: New Estimates of Intergenerational Mobility in the United States Using Social Security Earnings Data.” The Review of Economics and Statistics 87, no. 2 (2005): 235–55
Required	Mulligan, Casey. “Galton Versus the Human Capital Approach to Inheritance.” Journal of Political Economy 107, no. S6 (1999): S184–224
Required	Piketty, Thomas. “Theories of Persistent Inequality and Intergenerational Mobility.” Chapter 8 in Handbook of Income Distribution. Vol. 1. Edited by Anthony Atkinson and François Bourguignon. North Holland, 2000, pp. 429–76. ISBN: 9780444816313
Required	Solon, Gary. “Intergenerational Mobility in the Labor Market.” Chapter 29 in Handbook of Labor Economics. Vol. 3A. Edited by Orley Ashenfelter and David Card. North Holland, 1999. ISBN: 9780444501875
Required	Solon, Gary. “Cross-country Differences in Intergenerational Earnings Mobility.” The Journal of Economic Perspectives 16, no. 3 (2002): 59–66
Required	Almond, Douglas. “Is the 1918 Influenza Pandemic Over? Long-term Effects of in Utero Influenza Exposure in the Post-1940 U.S. Population.” Journal of Political Economy 114, no. 4 (2006): 672–712
Required	Almond, Douglas, and Janet Currie. “Killing Me Softly: The Fetal Origins Hypothesis.” The Journal of Economic Perspectives 25, no. 3 (2011): 153–72
Required	———. “Human Capital Development Before Age Five.” Chapter 15 in Handbook of Labor Economics. Vol. 4B. Edited by Orley Ashenfelter and David Card. North Holland, 2010, pp. 1487–541. ISBN: 9780444534521
Required	Almond, Douglas, Joseph Doyle, et al. “Estimating Marginal Returns to Medical Care: Evidence from at-risk Newborns.” The Quarterly Journal of Economics 125, no. 2 (2010): 591–634
Required	Behrman, Jere, and Mark Rosenweig. “Returns to Birthweight.” The Review of Economics and Statistics 86, no. 2 (2004): 586–601
Required	Case, Anne, and Christina Paxson. “Causes and Consequences of Early Life Health.” Demography 47, no. 1 (2010): S65–85
Required	Chay, Kenneth, Jonathan Guryan, et al. “Birth Cohort and the Black-white Achievement Gap: The Roles of Access and Health Soon After Birth.” NBER Working Paper No. 15078, 2009
Required	Currie, Janet, and Duncan Thomas. “Does Head Start Make a Difference?” American Economic Review 85, no. 3 (1995): 341–64
Required	Deming, David. “Early Childhood Intervention and Life-cycle Skill Development.” American Economic Journal: Applied Economics 1, no. 3 (2009): 111–34
Required	Heckman, James. “The Economics, Technology, and Neuroscience of Human Capability Formation.” Proceedings of the National Academy of Sciences 104, no. 33 (2007): 13250–55
Required	Ludwig, Jens, and Douglas Miller. “Does Head Start Improve Children’s Life Chances? Evidence from a Regression Discontinuity Design.” The Quarterly Journal of Economics 122, no. 1 (2007): 159–208
Required	Royer, Heather. “Separated at Girth: U.S. Twin Estimates of the Effects of Birth Weight.” American Economic Journal: Applied Economics 1, no. 1 (2009): 49–85
Required	Smith, James. “The Impact of Childhood Health on Adult Labor Market Outcomes.” The Review of Economics and Statistics 91, no. 3 (2009): 478–89
