Required	Panton, Ronald L. Incompressible Flow. 4th ed. Wiley, 2013. ISBN: 9781118013434.
Required	Kundu, Pijush K., and Ira M. Cohen. Fluid Mechanics. 6th ed. Academic Press, 2015. ISBN: 9780124059351.
Required	Fay, James A. Introduction to Fluid Mechanics. MIT Press, 1994. ISBN: 9780262061650.
Required	Panton, Ronald L. Incompressible Flow. 4th ed. Wiley, 2013. ISBN: 9781118013434.
Required	Panton, Ronald L. Incompressible Flow. 4th ed. Wiley, 2013. ISBN: 9781118013434.
Optional	Eggers, Jens, and Emmanuel Villermaux. ‚ÄúPhysics of Liquid Jets.‚Äù Reports on Progress in Physics 71, no. 3 (2008): 036601.
Optional	Prof. John Bush‚Äôs Website. Professor John Bush has many images of surface tension related phenomena, including water striders walking, jumping, and playing on the water‚Äôs surface.
Optional	Woodward, Ian. ‚ÄúPlant Science: Tall Storeys.‚Äù Nature 428, no. 6985 (2004): 807‚Äì08.
Optional	Thoroddsen, S. T., and K. Takehara. ‚ÄúThe Coalescence Cascade of a Drop.‚Äù Physics of Fluids 12, no. 6 (2000): 1265‚Äì67.
Optional	Anderson Jr., John D. ‚ÄúLudwig Prandtl‚Äôs Boundary Layer.‚Äù (PDF) Physics Today 58, no. 12 (2005): 42‚Äì48.
Optional	Avila, Kerstin, David Moxey, et al. ‚ÄúThe Onset of Turbulence in Pipe Flow.‚Äù Science 333, no. 6039 (2011): 192‚Äì96.
Optional	Zeidan, F. Y., and Dilip Jain. ‚ÄúApplication of Hydrodynamic Thrust Bearings in Submersible Pumps.‚Äù Paper presented at the ESP Workshop held in Houston, TX, April 26‚Äì28, 2000.
Optional	McHugh, Jim. ‚ÄúAlbert Kingsbury ‚Äì His Life and Times.‚Äù (PDF) Sound & Vibration. October 2003.
Optional	Bird, R. Byron, Robert C. Armstrong, and Ole Hassager. Dynamics of Polymeric Liquids, Fluid Mechanics. Vol. 1. Wiley-Interscience, 1987. ISBN: 9780471802457.
Optional	Newman, John Nicholas. ‚ÄúHydrodynamic Pressure Forces.‚Äù Section 4.12 in Marine Hydrodynamics. MIT Press, 1977. ISBN: 9780262140263.
Optional	Astarita, Gianni, and Michael E. Mackay. ‚ÄúThe Generalized Engineering Bernoulli Equation (GEBE) and the First and Second Laws of Thermodynamics for Viscoelastic Fluids.‚Äù Journal of Rheology 40, no. 3 (1996): 335‚Äì46.
Optional	Kundu, Pijush K., and Ira M. Cohen. Fluid Mechanics. 6th ed. Academic Press, 2015. ISBN: 9780124059351.
Optional	Tritton, D. J. Physical Fluid Dynamics. Springer, 2013. ISBN: 9780442301323.
Optional	Schlichting, H., and K. Gersten. Boundary Layer Theory. Springer, 2000. ISBN: 9783540662709.
Optional	Homsy, G. M., ed. Multimedia Fluid Mechanics. 2nd ed. Cengage Learning, 2011. ISBN: 9780521721691.
Optional	Panton, Ronald L. Incompressible Flow. 4th ed. Wiley, 2013. ISBN: 9781118013434.
Optional	Matthews, Jermey N. A. ‚ÄúLow-drag Suit Propels Swimmers.‚Äù Physics Today 61, no. 8 (2008).
Optional	Pope, Stephen B. Turbulent Flows. Cambridge University Press, 2000, pp. 24‚Äì32. ISBN: 9780521591256.
Optional	Vincenti, Walter G. ‚ÄúControl-volume Analysis: A Difference in Thinking Between Engineering and Physics.‚Äù Technology and Culture 23, no. 2 (1982): 145‚Äì74.
