Required	Small, Kenneth, and Erik T. Verhoef. The Economics of Urban Transportation. New York, NY: Routledge, 2007. ISBN: 9780415285155.
Required	Gomez-Ibanez, Jose, William B. Tye, and Clifford Winston, eds. Essays in Transportation Economics and Policy: A Handbook in Honor of John R. Meyer. Washington, DC: Brookings Institution Press, 1999. ISBN: 9780815731818.
Required	Cascetta, Ennio. Transportation Systems Analysis: Models and Applications. 2nd ed. New York, NY: Springer, forthcoming in 2009. ISBN: 9780387758565.
Required	Meyer, Michael, and Eric Miller. Urban Transportation Planning. New York, NY: McGraw-Hill, 2000. ISBN: 9780072423327.
Required	Guo, Zhan, and Nigel H. M. Wilson. “Assessment of the Transfer Penalty for Transit Trips: A GIS-Based Disaggregate Modeling Approach.” Transportation Research Record 1872 (2004): 10-18.
Required	Meersman, Hilde, and Eddy Van de Voorde. “Dynamic Ports Within a Globalised World.” In 17th International ITF/OECD Symposium on Transport Economics and Policy: Benefitting from Globalisation: Transport Sector Contribution and Policy Challenges. Paris, France: OECD Publishing, 2008, pp. 321-346. ISBN: 9789282101681.
Required	Van de Voorde, Eddy. “What Future the Maritime Sector?” Research in Transportation Economics 13 (2005): 253-277.
Required	Bowman, J. L., Gopinath, D., and Moshe Ben-Akiva. “Estimating the Probability Distribution of a Travel Demand Forecast.” Working Paper, Department of Civil and Environmental Engineering, Massachusetts Institute of Technology, 2002.
Required	Lam, T. C., and Kenneth Small. “The Value of Time and Reliability: Measurement from a Value Pricing Experiment.” Transportation Research Part E 37, no. 3 (2001): 231-251.
Required	Smith, Barry, et al. “Yield Management at American Airlines.” Interfaces 22, no. 1 (1992): 8-31.
Required	Barnhart, Cynthia, et al. “Applications of Operations Research in the Air Transport Industry.” Transportation Science 37, no. 4 (2003): 368-391.
Required	Boyd, E. Andrew, and Royce Kallesen. “The Science of Revenue Management when Passengers Purchase the Lowest Available Fare.” Journal of Revenue and Pricing Management 3, no. 2 (2004): 171-177.
Required	Wachs, Martin. “Improving Efficiency and Equity in Transportation Finance.” Washington, DC: The Brookings Institution, 2003.
Required	“Surface Transportation: Many Factors Affect Investment Decisions.” Washington, DC: U.S. General Accounting Office, 2004.
Required	“Cities on the Move: A World Bank Urban Transport Strategy Review.” Washington, DC: World Bank Publications, 2002, pp. 5-77. ISBN: 9780821351482.
Required	Srinivasan, Karthik K., P. V. Lakshmi Bhargav, Gitakrishnan Ramadurai, Vidhya Muthuram, and Sumeeta Srinivasan. “Determinants of Changes in Mobility and Travel Patterns in Developing Countries: Case Study of Chennai, India.” Transportation Research Record 2038 (2008): 42-52.
Required	Murphy, Sean. “Big Dig Pushes Bottlenecks Outward.” Boston Globe, November 16, 2008.
Optional	Heaver, T., Hilde Meersman, and Eddy Van de Voorde. “Co-operation and Competition in Internal Container Transport.” Maritime Policy and Management 28, no. 3 (2001): 293-305.
Optional	Meersman, Hilde. “Port Investments in an Uncertain Environment.” Research in Transportation Economics 13, no. 1 (2005): 279-298.
Optional	Meersman, Hilde, and Eddy Van de Voorde. “Competition and Ownership: Transferability of Experiences from Maritime Transport to Land-Based Modes.” Chapter 15 in Competition and Ownership in Land Passenger Transport: Selected papers from the 9th International Conference. New York, NY: Elsevier Science, 2007. ISBN: 9780080450957.
Optional	Ben-Akiva, M., D. Bolduc, and M. Bradley. “Estimation of Travel Choice Models with Randomly Distributed Value of Time.” Transportation Research Record 1413 (1993): 88-97.
Optional	Gopinath, D. A., and Moshe Ben-Akiva. “Estimation of Randomly Distributed Value of Time.” Working Paper, Department of Civil and Environmental Engineering, Massachusetts Institute of Technology, 1997.
Optional	Kriger, David, Suzette Shiu, and Sasha Naylor. “National Cooperative Highway Research Program Synthesis 364: Estimating Toll Road Demand and Revenue.” Washington, DC: Transportation Research Board, 2006.
Optional	Nicholson, Walter, and Christopher Snyder. Microeconomic Theory: Basic Principles and Extensions. 10th ed. New York, NY: South-Western College Publishing, 2007. ISBN: 9780324421620. Read Parts I, II, and IV.
Optional	Larsen, Richard, and Morris Marx. An Introduction to Mathematical Statistics and its Applications. 4th ed. Upper Saddle River, NJ: Prentice Hall, 2005. ISBN: 9780131867932. Read Chapters 1-6 and 11.
Optional	DeGroot, Morris, and Mark Schervish. Probability and Statistics. 3rd ed. Boston, MA: Addison Wesley, 2006. ISBN: 9781428813809.
Optional	Pindyck, Robert, and Daniel Rubinfeld. Econometric Models and Economic Forecasts. 4th ed. New York, NY: McGraw-Hill, 1997. ISBN: 9780079132925.
Optional	Greene, William. Econometric Analysis. 5th ed. Upper Saddle River, NJ: Prentice Hall, 2002. ISBN: 9780130661890. Read Chapters 1, 2, and 6.
