Required	Horowitz, Ellis, Sartaj Sahni, and Sanguthevar Rajasekaran. Computer Algorithms / C++. Summit, NJ: Silicon Press, 2007. ISBN: 9780929306421.
Required	Cormen, Thomas, Charles Leiserson, Ronald Rivest, and Clifford Stein. Introduction to Algorithms. 2nd ed. Cambridge, MA: MIT Press, 2001. ISBN: 9780262032933.
Required	Horstmann, Cay. Big Java. 4th ed. New York, NY: Wiley, 2009. ISBN: 9780470509487.
Required	Syverson, Bryan, and Joel Murach. Murach’s SQL Server 2005 for Developers. Fresno, CA: Murach & Associates, 2006.
Required	Fisher, Maydene, Jon Ellis, and Jonathan Bruce. JDBC API Tutorial and Reference. 3rd ed. Upper Saddle River, NJ: Prentice Hall, 2003. ISBN: 9780321173843.
Required	Newell, C. Application of Queuing Theory. New York, NY: Springer, 1982. ISBN: 9780412245008.
Required	Press, William, Saul Teukolsky, William Vetterling, and Brian Flannery. Numerical Recipes: The Art of Scientific Computing. 3rd ed. New York, NY: Cambridge University Press, 2007. ISBN: 9780521880688.
Required	Sheffi, Yosef. Urban Transportation Networks: Equilibrium Analysis with Mathematical Programming Methods. Upper Saddle River, NJ: Prentice Hall, 1985. ISBN: 9780139397295.
Required	Kocur, George, and Chris Hendrickson. “Design of Local Bus Service with Demand Equilibration.” Transportation Science 16, no. 2 (1982)
