Required	McConnell, Steve. Rapid Development: Taming Wild Software Schedules. Microsoft Press, 1996. ISBN: 9781556159008.
Required	Fowler, Martin. UML Distilled: A Brief Guide to the Standard Object Modeling Language. 3rd ed. Addison-Wesley, 2003. ISBN: 9780321193681.
Required	Bowman, Judith S., Sandra L. Emerson, and Marcy Darnovsky. The Practical SQL Handbook: Using SQL Variants. 4th ed. Addison-Wesley, 2001. ISBN: 9780201703092.
Required	Syverson, Bryan. Murach’s SQL for SQL Server. Murach, 2002. ISBN: 9781890774165.
Required	McFarland, David S. Dreamweaver 8: The Missing Manual. O’Reilly, 2005. ISBN: 9780596100568.
Required	Anderson, Ross. Security Engineering: A Guide to Building Dependable Distributed Systems. John Wiley & Sons, 2001. ISBN: 9780471389224.
Required	Green, James H. The Irwin Handbook of Telecommunications. 5th ed. McGraw-Hill, 2005. ISBN: 9780071452229.
