Required	Porter, M.E. Competitive Advantage: Creating and Sustaining Superior Performance. New York, NY: The Free Press, 1985. ISBN: 0-02-925090-0.
Required	Porter, M.E. ‚ÄúStrategy and the Internet.‚Äù Harvard Business Review (March 2001).
Required	Porter, M.E., and V.E. Millar. ‚ÄúHow Information Gives You Competitive Advantage.‚Äù Harvard Business Review (July 1985).
Required	Macomber, J.D. ‚ÄúIT Strategy for Construction Companies: A Pragmatist‚Äôs Vision.‚Äù
Required	Stalk, G., P. Evans, and L.E. Shulman. ‚ÄúCompeting on Capabilities: The New Rules of Corporate Strategy.‚Äù Harvard Business Review, no. 92209 (March-April 1992): 57-68.
Required	Kahn, G. ‚ÄúMade to Measure: Invisible Supplier Has Penney‚Äôs Shirts All Buttoned Up,‚Äù and ‚ÄúFrom Hong Kong, It Tracks Sales, Restocks Shelves and Ships Shirts Straight to the Store.‚Äù The Wall Street Journal (September 11, 2003).
Required	Kim, W.C., and R. Mauborgne. ‚ÄúKnowing a Winning Business Idea When You See One.‚Äù Harvard Business Review (September-October 2000): 130-137.
Required	Kim, W.C., and R. Mauborgne. ‚ÄúHow to Tell a Flyer From a Failure‚Äù, ‚ÄúNow Name a Price That‚Äôs Hard to Refuse‚Äù and ‚ÄúAre You Sure the World is Ready for You?, New Business Ideas: Part I, II and III.‚Äù Financial Times (January 2001).
Required	Sahlman, W.A. ‚ÄúHow to Write a Great Business Plan.‚Äù Harvard Business Review (July-August 1997): 100-108.
Required	Macomber, J.D. ‚ÄúUS Construction Demographics: Some Relevant Statistics to Consider.‚Äù
Required	Macomber, J.D. ‚ÄúYes, the Internet Changes Everything.‚Äù Construction Business Review, Millennium Edition (December 1999).
Required	Macomber, J.D. ‚ÄúFollow the Money:  What Really Drives Technology Innovation in Construction.‚Äù 2003 ASCE Construction Research Congress .
Required	Narayanan, V.G., and A. Raman. ‚ÄúAligning Incentives for Supply Chain Efficiency.‚Äù Harvard Business School Note 9-600-110.
Required	Cachon, G.P., and M.A. Lariviere. ‚ÄúTurning the Supply Chain into Revenue Chain.‚Äù Harvard Business Review (March 2001): 2-3.
Required	Peers, M. ‚ÄúBlockbuster‚Äôs New Pitch: Why Not Buy That Movie?‚Äù The Wall Street Journal (November 1, 2002).
Required	Orwall, B., M. Peers, and A. Zimmerman. ‚ÄúDVD Gains on Tape, but Economics Have Hollywood Studios in a Tizzy.‚Äù The Wall Street Journal (February 5, 2002).
Required	Narayanan, V.G., and A. Raman. ‚ÄúAligning Incentives for Supply Chain Efficiency.‚Äù Harvard Business School Note 9-600-110.
Required	Brandenburger, A., and B. Nalebuff. ‚ÄúThe Right Game: Use Game Theory to Shape Strategy.‚Äù Harvard Business Review (July-August 1995): 57-71.
Required	Gompers, P.A., and C.M. Conneely. ‚ÄúA Note on Franchising.‚Äù Harvard Business School Note 297-108.
Required	Hansen, M.T., and T.H. Davenport. ‚ÄúKnowledge Management at Andersen Consulting.‚Äù Harvard Business School Note 9-499-032.
Required	Hansen, M.T., N. Nohria, and T. Tierney. ‚ÄúWhat‚Äôs Your Strategy for Managing Knowledge?‚Äù Harvard Business Review (March 1999).
Required	Rayport, J.F., and J.J. Sviokla. ‚ÄúExploiting the Virtual Value Chain.‚Äù Harvard Business Review (November 1995).
Required	Diamant-Berger, A., and A. Ovans. ‚ÄúE-Procurement at Schlumberger.‚Äù Harvard Business Review (May 2000).
Required	Applegate, L. ‚ÄúEmerging E-Business Models: Lessons from the Field.‚Äù HBS Teaching Note (2001).
Required	Porter, M.E. ‚ÄúStrategy and the Internet.‚Äù Harvard Business Review (March 2001).
