Optional	 Introduction to Derivative-Free Optimization (by Conn, Scheinberg, and Vicente)
Optional	Sigmund and Maute’s “Topology Optimization Approaches.” 
Optional	Chris’s blog post on Engineering Trade-Offs in Automatic Differentiation
Optional	Chris Rackauckas’s discussion post on AD limitations
Optional	Convex Optimization by Boyd and Vandenberghe
Optional	Calculus on Computational Graphs
Optional	Columbia University’s Course Notes on Computational Graphs, and Backpropagation (PDF)
Optional	“Adjoint Sensitivity Analysis for Differential-Algebraic Equations: The Adjoint DAE System and Its Numerical Solution”
Optional	Chris’s amazing DifferentialEquations.jl software suite
