Required	Lebl, Jiri. Basic Analysis I: Introduction to Real Analysis, Volume 1. CreateSpace Independent Publishing Platform, 2018. ISBN: 9781718862401.
Required	Thomson, Brian S., Judith B. Bruckner, and Andrew M. Bruckner. Elementary Real Analysis. CreateSpace Independent Publishing Platform, 2008. ISBN: 9781434841612. 
Required	Rudin, Walter. Principles of Mathematical Analysis. McGraw Hill, 1976. ISBN: 9780070542358.
Optional	Lebl, Jiri. Basic Analysis I: Introduction to Real Analysis, Volume 1. CreateSpace Independent Publishing Platform, 2018. ISBN: 9781718862401.
Optional	Thomson, Brian S., Judith B. Bruckner, and Andrew M. Bruckner. Elementary Real Analysis. CreateSpace Independent Publishing Platform, 2008. ISBN: 9781434841612.
Optional	Rudin, Walter. Principles of Mathematical Analysis. McGraw Hill, 1976. ISBN: 9780070542358.
