Required	Salsburg, D. The Lady Tasting Tea: How Statistics Revolutionized Science in the Twentieth Century. New York, NY: W. H. Freeman and Company, 2001. ISBN: 9780716741060.
Required	Gordis, L. Epidemiology. 3rd ed. Philadelphia, PA: W.B. Saunders, 2004. ISBN: 9780721603261.
Required	Schork, M. A., and R. D. Remington. Statistics with Applications to the Biological and Health Sciences. 3rd ed. Upper Saddle River, NJ: Prentice-Hall, 2000. ISBN: 9780130223272.
Required	The Lady Tasting Tea: How Statistics Revolutionized Science in the Twentieth Century, by David Salsburg.
Required	Gordis, L. Epidemiology. 3rd ed. Philadelphia, PA: W.B. Saunders, 2004. ISBN: 9780721603261.
Required	Schork, M. A., and R. D. Remington. Statistics with Applications to the Biological and Health Sciences. 3rd ed. Upper Saddle River, NJ: Prentice-Hall, 2000. ISBN: 9780130223272.
Required	Hecht, S. S., et al. “Metabolites of a Tobacco-specific Lung Carcinogen in the Urine of Elementary School-aged Children.” Cancer Epidemiology, Biomarkers & Prevention 10 (November 2001): 1109–1116.
Required	Hunt, P. A., et al. “Bisphenol A Exposure Causes Meiotic Aneuploidy in the Female Mouse.” Current Biology 13 (April 1, 2003): 546–553.
Required	Proctor, R. N. “Tobacco and the global lung cancer epidemic.” Nature Reviews Cancer 1 (October 2001): 82-86.
Required	Wogan, G. N., et al. “Environmental and chemical carcinogenesis.” Seminars in Cancer Biology 14 (2004): 473–486.
