Required	Hull, John. Options, Futures, and Other Derivatives. Prentice Hall, 1997. ISBN: 9780138874988
Required	Baxter, Martin, and Andrew Rennie. Financial Calculus: An Introduction to Derivative Pricing. Cambridge University Press, 1996. ISBN: 9780521552899
Required	Wilmott, Paul, Sam Howison, and Jeff Dewynne. The Mathematics of Financial Derivatives: A Student Introduction. Cambridge University Press, 1995. ISBN: 9780521497893
Required	Grinold, Richard C., and Ronald N. Kahn. Active Portfolio Management: Quantitative Theory and Applications. Probus Pubulication Company, 1995. ISBN: 9781557388247
Required	Fabozzi, Frank J., Sergio M. Focardi, and Petter N. Kolm. Financial Modeling of the Equity Market: From CAPM to Cointegration. Wiley, 2006. ISBN: 9780471699002
Required	Tsay, Ruey S. Analysis of Financial Time Series. Wiley-Interscience, 2001. ISBN: 9780471415442
