Optional	Awodey, Steve. Category Theory. Oxford University Press, 2010. ISBN: 9780199237180
Required	Spivak, David I. Category Theory for Scientists, 2013
Optional	Baez, John C., and Mike Stay. “Physics, Topology, Logic, and Computation: A Rosetta Stone.” March 2, 2009
Optional	Gromov, Misha. “In a Search for a Structure, Part 1: On Entropy.”  July 10, 2012
Optional	Weinstein, Alan. “Groupoids Unifying Internal and External Symmetry: A Tour through Some Examples.” Notices of the American Mathematical Society 43 (1996): 744–52
