Required	Dill, K., and S. Bromberg. Molecular Driving Forces. New York, NY: Routledge, 2002. ISBN: 9780815320517
Optional	Hill, T. L. An Introduction to Statistical Thermodynamics. New York, NY: Dover, 1987. ISBN: 9780486652429
Optional	van Holde, K. E., W. C. Johnson, and P. S. Ho. Principles of Physical Biochemistry. Upper Saddle River, NJ: Prentice Hall, 1998. ISBN: 9780137204595
Optional	Eisenberg, D., and D. Crothers. Physical Chemistry with Applications to the Life Sciences. Menlo Park, CA: Benjamin/Cummings, 1979. ISBN: 9780805324020
Optional	Kittel, C., and H. Kroemer. Thermal Physics. 2nd ed. New York, NY: W.H. Freeman, 1980. ISBN: 9780716710882
Optional	McQuarrie, D. A. Statistical Mechanics. New York: Harper Collins, 1976
Optional	Atkins, P. W. Physical Chemistry. San Francisco: W. H. Freeman, 1997
