Optional	Schlick, T. Molecular Modeling and Simulation: An Interdisciplinary Guide. New York, NY: Springer, 2002. ISBN: 9780387954042
Optional	Allen, M. P., and D. J. Tildesley. Computer Simulation of Liquids. New York, NY: Oxford University Press, 1989. ISBN: 9780198556459
Optional	Trefethen, L. N., and D. Bau, III. Numerical Linear Algebra. Philadelphia, PA: SIAM, 1997. ISBN: 9780898713619
Optional	Branden, C.-I., and J. Tooze. Introduction to Protein Structure. 2nd ed. New York, NY: Routledge, 1999. ISBN: 9780815323051
Optional	Bertero, M., and P. Boccacci. Introduction to Inverse Problems in Imaging. New York, NY: Taylor & Francis, 1998. ISBN: 9780750304399
