Required	Gardner, Martin. “The Ars Magna of Ramon Lull.” In Logic Machines, Diagrams and Boolean Algebra. Dover, 1968, pp. 1–27. ISBN: 9780486218939
Required	Channell, David. “The Mechanical World View: The Clockwork Universe.” In The Vital Machine: A Study of Technology and Organic Life. Oxford University Press, 1991, pp. 11–36. ISBN: 9780195060409
Required	Descartes, René. Discourses 1, 2, 4, and 5 in Discourse on the Method of Properly Conducting One’s Reason and of Seeking the Truth in the Sciences. Translated from the French by F. E. Sutcliffe. Penguin Books, 1968, pp. 27–44 and 53–76
Required	Pascal, Blaise. “The Wager.” In Pensées. Translated with an Introduction by A. J. Krailsheimer. Penguin Books, 1995, pp. 149–55. ISBN: 9780140441710
Required	Swift, Jonathan. “A Voyage to Laputa.” In Gulliver’s Travels. Penguin Books, 1967, pp. 223–31. ISBN: 9780140430226
Required	Eglash, Ron. “Bamana Sand Divination: Recursion in Ethnomathematics.” American Anthropologist 99, no. 1 (1997): 112–22
Required	Eglash, Ron. “Ron Eglash on African Fractals.” Recorded at TedGlobal 2007, June 2007. TED: Ideas Worth Spreading. Accessed June 12, 2012
Required	Daston, Lorraine. “Enlightenment Calculations.” Critical Inquiry 21, no. 1 (1994): 182–202
Required	Babbage, Charles. “Difference Engine No. 1 and Of the Analytical Engine.” In Charles Babbage on the Principles and Development of the Calculator and Other Seminal Writings. Edited by Philip Morrison and Emily Morrison. Dover Publications, 1984, pp. 33–72. ISBN: 9780486246918
Required	Schaffer, Simon. “Babbage’s Intelligence: Calculating Engines and the Factory System.” Critical Inquiry 21, no. 1 (1994): 203–27
Required	Augusta, Ada. “Countess of Lovelace.” In Charles Babbage on the Principles and Development of the Calculator and Other Seminal Writings. Edited by Philip Morrison and Emily Morrison. Notes by the Translator on L. F. Menabrea’s Sketch of the Analytical Engine. Invented by Charles Babbage, 1842. Dover Publications, 1984, pp. 245–52 and 284. ISBN: 9780486246918
Required	Winter, Alison. “A Calculus of Suffering: Ada Lovelace and the Bodily Constraints on Women’s Knowledge in Early Victorian England.” In Science Incarnate: Historical Embodiments of Natural Knowledge. Edited by Christopher Lawrence and Steven Shapin. University of Chicago Press, 1998, pp. 202–39. ISBN: 9780226470146
Required	Bush, Vannevar. “As We May Think.” The Atlantic Monthly 176, no. 1 (1945): 101–8. Online: http://www.theatlantic.com/magazine/archive/1945/07/as-we-may-think/3881/
Required	Wiener, Norbert. “Introduction,” “Newtonian and Bergsonian Time,” and “Computing Machines and the Nervous System.” In Cybernetics: Or Control and Communication in the Animal and the Machine. 2nd ed. MIT Press, 1965, pp. 1–44 and 116–32. ISBN: 9780262730099
Required	Edwards, Paul. ““We Defend Every Place”: Building the Cold War World” and “Why Build Computers? The Military Role in Computer Research.” In The Closed World: Computers and the Politics of Discourse in Cold War America. MIT Press, 1996, pp. 1–30 and 43–73. ISBN: 9780262050517
Required	Galison, Peter. “The Ontology of the Enemy: Norbert Weiner and the Cybernetic Vision.” Critical Inquiry 21, no. 1 (1994): 228–66
Required	Hayles, N. Katherine. “Liberal Subjectivity Imperiled: Norbert Wiener and Cybernetic Anxiety.” In How We Became Posthuman: Virtual Bodies in Cybernetics, Literature, and Informatics. University of Chicago Press, 1999, pp. 84–112. ISBN: 9780226321462
Required	Pickering, Andrew. The Cybernetic Brain: Sketches of Another Future. University of Chicago Press, 2011. ISBN: 9780226667898
Required	Golumbia, David. “The Cultural Functions of Computation.” In The Cultural Logic of Computation. Harvard University Press, 2009, pp. 1–27. ISBN: 9780674032927
Required	Haraway, Donna. “A Cyborg Manifesto: Science, Technology, and Socialist-Feminism in the Late Twentieth Century.” In Simians, Cyborgs, and Women: The Reinvention of Nature. Routledge, 1990, pp. 149–82. ISBN: 9780415903875
Required	Turing, Alan. “Computing Machinery and Intelligence.” Mind 59, no. 236 (1950): 433–60. Online: http://www.abelard.org/turpap/turpap.htm
Required	Halberstam, Judith. “Automating Gender: Postmodern Feminism in the Age of the Intelligent Machine.” Feminist Studies 17, no. 3 (1991): 439–60
Required	Forsythe, Diana E. “Engineering Knowledge: The Construction of Knowledge in Artificial Intelligence.” In Studying Those Who Study Us: An Anthropologist in the World of Artificial Intelligence. Stanford University Press, 2001, pp. 35–58. ISBN: 9780804741415
Required	Desjarlias, Robert. “Cyberchess.” In Counterplay: An Anthropologist at the Chessboard. University of California Press, 2011, pp. 152–83. ISBN: 9780520267398
Required	Helmreich, Stefan. “The Word for World Is Computer: Simulating Second Natures in Artificial Life.” In Growing Explanations: Historical Perspectives on Recent Science. Edited by Norton Wise. Duke University Press, 2004, pp. 275–300. ISBN: 9780822333197
Required	Light, Jennifer. “When Computers Were Women.” Technology and Culture 40, no. 3 (1999): 455–83
Required	Adam, Alison. “AI in Context.” In Artificial Knowing: Gender and the Thinking Machine. Routledge, 1998, pp. 34–68. ISBN: 9780415129633
Required	Wilson, Elizabeth. “Introduction: The Machine Has No Fear.” In Affect and Artificial Intelligence. University of Washington Press, 2010, pp. 3–24. ISBN: 9780295990477
Required	Newell, Allen, J. C. Shaw, and H. A. Simon. “Empirical Explorations with the Logic Theory Machine: A Case Study in Heuristics.” In Computers and Thought. Edited by Edward Feigenbaum and Julian Feldman. MIT Press, 1995, pp. 109–33. ISBN: 9780262560924
Required	Wos, Larry, and Ross Overbeek. “Open Problems Solved with the Assistance of AURA.” In Automated Theorem Proving: After 25 Years (Contemporary Mathematics). 29 vols. AMS, 1984, pp. 49–70. ISBN: 9780821850275
Required	MacKenzie, Donald. “Computing and the Cultures of Proving.” Philosophical Transactions: Mathematical, Physical and Engineering Sciences 363, no. 1835 (2005): 2335–50
Required	Tymoczko, Thomas, ed. “The Four-Color Problem and its Philosophical Significance.” In New Directions in the Philosophy of Mathematics. Princeton University Press, 1998, pp. 243–66. ISBN: 9780691034980
Required	Rosental, Claude. “Certifying Knowledge: The Sociology of a Logical Theorem in Artificial Intelligence.” American Sociological Review 68, no. 4 (2003): 623–44
Required	Turner, Fred. “Stewart Brand Meets the Cybernetic Counterculture.” In From Counterculture to Cyberculture: Stewart Brand, the Whole Earth Network, and the Rise of Digital Utopianism. University of Chicago Press, 2006, pp. 41–68. ISBN: 9780226817415
Required	Pfaffenberger, Bryan. “The Social Meaning of the Personal Computer: Or, Why the Personal Computer Revolution Was No Revolution.” Anthropological Quarterly 61, no. 1 (1988): 39–47
Required	Taylor, Paul A. “Hacking Culture.” In Hackers: Crime and the Digital Sublime. Routledge, 1999, pp. 23–42. ISBN: 9780415180726
Required	Coleman, Gabriella. “Hacker Practice: Moral Genres and the Cultural Articulation of Liberalism.” Anthropological Theory 8, no. 3 (2008): 255–77
Required	Kelty, Chris. “Inventing Copyleft.” In Making and Unmaking Intellectual Property: Creative Production in Legal and Cultural Perspective. Edited by Mario Biagioli, Peter Jaszi, and Martha Woodmansee. University of Chicago Press, 2011, pp. 133–48. ISBN: 9780226907093
Required	Aspray, William, ed. “File Sharing and the Music Industry.” In The Internet and American Business. Edited by Paul Ceruzzi. MIT Press, 2008, pp. 451–90. ISBN: 9780262012409
Required	Jordan, Tim, and Paul A. Taylor. Hacktivism and Cyberwars: Rebels with a Cause? Routledge, 2004. ISBN: 9780415260039
Required	Wark, McKenzie. A Hacker Manifesto. Harvard University Press, 2004. ISBN: 9780674015432
Required	Turkle, Sherry, ed. Simulation and Its Discontents. MIT Press, 2009, pp. 3–84. ISBN: 9780262012706
Required	Helmreich, Stefan. “An Archaeology of Artificial Life, Underwater.” In Genesis Redux: Essays in the History and Philosophy of Artificial Life. Edited by Jessica Riskin. University of Chicago Press, 2007, pp. 321–33. ISBN: 9780226720814
Required	Wright, Richard. “Data Visualization.” In Software Studies: A Lexicon. Edited by Matthew Fuller. MIT Press, 2008, pp. 78–87. ISBN: 9780262062749
Required	Miller, Daniel. “Preface,” “Marriage Dun Mash Up,” “Community” and “The Invention of Fasbook.” In Tales from Facebook. Polity Press, 2011, pp. ix–xiv, 3–27 and 158–63. ISBN: 9780745652108
Required	Papacharissi, Zizi, ed. “A Networked Self.” In A Networked Self: Identity, Community, and Culture on Social Network Sites. Routledge, 2010, pp. 304–18. ISBN: 9780415801805
Required	Boellstorff, Tom. “The Subject and Scope of this Inquiry” and “Personhood.” In Coming of Age in Second Life: An Anthropologist Explores the Virtually Human. Princeton University Press, 2008, pp. 3–31 and 118–50. ISBN: 9780691135281
Required	Corneliussen, Hilde G., and Jill Walker Rettberg, eds. “Introduction: “Orc Professor LFG,” or Researching in Azeroth.” In Digital Culture, Play, and Identity: A World of Warcraft® Reader. MIT Press, 2008, pp. 1–15. ISBN: 9780262033701
Required	Schleiner, Anne-Marie. Parasitic Interventions: Game Patches and Hacker Art. 1999
Required	Flanagan, Mary, and Austin Booth, eds. Reload: Rethinking Women + Cyberculture. MIT Press, 2002. ISBN: 9780262561501
Required	Nakamura, Lisa. Cybertypes: Race, Ethnicity, and Identity on the Internet. Routledge, 2002. ISBN: 9780415938365
Required	Mitchell, William J. Me++: The Cyborg Self and the Networked City. MIT Press, 2003. ISBN: 9780262134347
Required	Corneliussen, Hilde G., ed. “World of Warcraft as a Playground for Feminism.” In Digital Culture, Play, and Identity: A World of Warcraft® Reader. Edited by Jill Walker Rettberg. MIT Press, 2008, pp. 63–86. ISBN: 9780262033701
Required	Gershon, Ilana. The Breakup 2.0: Disconnecting over New Media. Cornell University Press, 2010. ISBN: 9780801448591
Required	Abbate, Janet. “Introduction” and “White Heat and Cold War: The Origins and Meanings of Packet Switching.” In Inventing the Internet. MIT Press, 1999, pp. 1–41. ISBN: 9780262011723
Required	Stephenson, Neal. “Mother Earth Mother Board: The Hacker Tourist Ventures Forth across the Wide and Wondrous Meatspace of Three Continents, Chronicling the Laying of the Longest Wire on Earth.” WIRED 4, no. 12 (1996): 1–56
Required	Mackenzie, Adrian. “Wirelessness as Experience of Transition.” The Fibreculture Journal, no. 13 (2008)
Required	Gabrys, Jennifer. “Shipping and Receiving: Circuits of Disposal and the “Social Death” of Electronics.” In Digital Rubbish: A Natural History of Electronics. University of Michigan Press, 2011, pp. 74–98. ISBN: 9780472117611
Required	Helmreich, Stefan. “Artificial Life, Inc.: Darwin and Commodity Fetishism from Santa Fe to Silicon Valley.” Science as Culture 10, no. 4 (2001): 483–504
Required	Sundaram, Ravi. Recycling Modernity: Pirate Electronic Cultures in India. 2001
Required	Suchman, Lucy. “Figuring the Human in AI and Robotics” and “Demystifications and Reechantments of the Humanlike Machine.” In Human-Machine Reconfigurations: Plans and Situated Actions (Learning in Doing: Social, Cognitive and Computational Perspectives). 2nd ed. Cambridge University Press, 2006, pp. 226–58
Required	Thacker, Eugene. “Biocomputing: Is the Genome a Computer?” In Biomedia (Electronic Mediations). University of Minnesota Press, 2004, pp. 87–114. ISBN: 9780816643530
Required	Galchen, Rivka. “Dream Machine: The Mind-Expanding World of Quantum Computing.” The New Yorker 87, no. 11 (2011): 34–43
