Required	Soh, C. Sarah. The Comfort Women: Sexual Violence and Postcolonial Memory in Korea and Japan. University of Chicago Press, 2009. ISBN: 9780226767772
Required	Constable, Nicole. Romance on a Global Stage: Pen Pals, Virtual Ethnography, and “Mail Order” Marriages. University of California Press, 2003. ISBN: 9780520238701
Required	Said, Edward W. “Introduction.” In Orientalism. Vintage, 1979. ISBN: 9780394740676
Required	Prasso, Sheridan. “The Real Memoirs of a Geisha.” In The Asian Mystique: Dragon Ladies, Geisha Girls, and our Fantasies of the Exotic Orient. Pp. 200-223. ISBN: 9781586482145
Required	Anne, Allison. “Memoirs of the Orient.” In Journal of Japanese Studies 27, no. 2 (2001): 381-398
Required	Mulvey, Laura. “Visual Pleasure and Narrative Cinema.” In Visual and Other Pleasures. Palgrave Macmillan, 2009, pp. 14-38. ISBN: 9781403992468
Required	Stoler, Ann L. “Making Empire Respectable: The Politics of Race and Sexual Morality in 20th-Century Colonial Cultures.” American Ethnologist 16, no. 4 (1989): 634-660
Required	Stoler, Ann L. “Educating Desire in Colonial Southeast Asia: Foucault, Freud, and Imperial Sexualities.” In Sites of Desire Economies of Pleasure: Sexualities in Asia and the Pacific. Edited by Lenore Manderson and Margaret Jolly. University of Chicago Press, 1997, pp. 27-48. ISBN: 9780226503042
Required	Manderson, Lenore. “Parables of Imperialism and Fantasies of the Exotic: Western Representations of Thailand—Place and Sex.” In Sites of Desire Economies of Pleasure: Sexualities in Asia and the Pacific. Edited by Lenore Manderson and Margaret Jolly. University of Chicago Press, 1997, pp. 123-145. ISBN: 9780226503042
Required	Chatterjee, Partha. “The Nation and Its Women.” In The Nation and Its Fragments: Colonial and Postcolonial Histories. Princeton University Press, 1993, pp. 116-135. ISBN: 9780691019437
Required	Yoshihara, Mari. “The Flight of the Japanese Butterfly: Orientalism, Nationalism, and Performances of Japanese Womanhood.” American Quarterly 56, no. 4 (2004): 975-999
Required	Kondo, Dorinne K. “M. Butterfly: Orientalism, Gender, and Critique of Essentialist Identity.” Cultural Critique 16 (1990)
Required	De Lauretis, Teresa. “Popular Culture, Public and Private Fantasies: Femininity and Fetishism in David Cronenberg’s ‘M. Butterfly’.” Signs 24, no. 2 (1999)
Required	Shimizu, Celine Parreñas. “The Bind of Representation: Performing and Consuming Hypersexuality in Miss Saigon.” Theatre Journal 57 (2005): 247–265
Required	Prasso, Sheridan. “The Other Side of Miss Saigon.” In The Asian Mystique: Dragon Ladies, Geisha Girls, and our Fantasies of the Exotic Orient. ISBN: 9781586482145
Required	Heung, Marina Heung. “The Family Romance of Orientalism: From Madame Butterfly to Indochine.” In Visions of the East: Orientalism in Film. Edited By Matthew Bernstein and Gaylyn Studlar. Rutgers University Press, 1997, pp. 158-184. ISBN: 9780813522951
Required	Sunindyo, Saraswati. “Murder, Gender and the Media.” In Fantasizing the Feminine in Indonesia. Edited by Laurie J. Sears. Durham: Duke University Press, 1996, pp. 120-139. ISBN: 9780822316961
Required	Kim, Elaine H. “‘Bad Women’: Asian American Visual Artists Hanh Ohi Pham, Hung Liu, and Young Soon Min.” Feminist Studies 22, no. 3 (1996): 573-602
Required	Hershatter, Gail. “Courtesans and Streetwalkers: The Changing Discourses on Shanghai Prostitution, 1890-1949.” Journal of the History of Sexuality 3, no. 2 (1992): 245-269
Required	Liechty, Mark. “Carnal Economies: The Commodification of Food and Sex in Kathmandu.” Cultural Anthropology 20, no. 1 (2005): 1-38
Required	Shimizu, Celine Parenas. “The Sexual Bonds of Racial Stardom: Asian American Femme Fatale in Hollywood.” In The Hypersexuality of Race: Performing Asian American Women on Screen and Scene. Duke University Press, 2007, pp. 58-102. ISBN: 9780822340331
Required	Chang, Grace. “The Global Trade in Filipina Workers.” In Dragon Ladies: Asian American Feminists Breath Fire. South End Press, 1999. ISBN: 9780896085756
Required	Lowie, Miriam. “Breaking the Cycle.” In Dragon Ladies: Asian American Feminists Breath Fire. South End Press, 1999. ISBN: 9780896085756
Required	Chin, Christina, et al. “Without a Trace, Asian Americans and Pacific Islanders in Prime-Time Television.” In Contemporary Asian America. Edited by Min Zhou and J. V. Gatewood. NYU Press, 2007. ISBN: 9780814797136
Required	Lee, Robert. “The Cold War Origins of the Model Minority Myth.” Orientals: Asian Americans in Popular Culture. Temple University Press, 1999. ISBN: 9781566397537
Required	Steedly, Mary. “Someone Else is Speaking.” In Hanging Without a Rope. Princeton University Press, 1993, pp. 174-202. ISBN: 9780691094618
Required	Tsing, Anna. “Riding, Writing.” In In the Realm of the Diamond Queen. Princeton University Press, 1993, pp. 231-252. ISBN: 9780691000510
Required	Heng, G., and J. Devan. “State Fatherhood: The Politics of Nationalism, Sexuality, and Race in Singapore.” In Nationalism and Sexualities. Edited by Andrew Parker, et al. Routledge, 1992, pp. 343-357. ISBN: 9780415904339
