Required	Brown, Forbes T. Engineering System Dynamics. New York, NY: CRC, 2001. ISBN: 9780824706166.
Required	Pourmovahed, A., and D. R. Otis. “Effects of Thermal Damping on the Dynamic Response of a Hydraulic Moto-Accumulator System.” Journal of Dynamic Systems, Measurement, and Control 106 (1984): 21-26.
Required	Hogan, Neville, and Stephen P. Buerger. “Impedance and Interaction Control.” Robotics and Automation Handbook. Edited by Thomas R. Kurfess. New York, NY: CRC Press, 2004, pp. 19.1-19.24. ISBN: 9780849318047.
Required	Sharon, Andre, Neville Hogan, and David E. Hardt. “The Macro/Micro Manipulator: An Improved Architecture for Robot Control.” Robotics and Computer-Integrated Manufacturing 10 (1993): 209-222.
Required	Sharon, Andre, Neville Hogan, and David E. Hardt. “Controller Design in the Physical Domain.” Journal of the Franklin Institute 328 (1991): 697-721.
Required	Dunn, H. Searl. “Equivalent Circuit Representation of Web Conveyance Systems.” Applied Mechanics (1969): 316-318.
Required	Skeel, Robert D., Guihua Zhang, and Tamar Schlick. “A Family of Symplectic Integrators: Stability, Accuracy, and Molecular Dynamics Applications.” SIAM 18 (1997): 203-222.
Required	McLachlan, Robert I., Matthew Perlmutter, and G. R. W. Quispel. “On the Nonlinear Stability of Symplectic Integrators.” BIT Numerical Mathematics 44 (2004): 99-117.
