Optional	Hoerner, S. Fluid Dynamic Drag. Bakersfield, CA: Hoerner Fluid Dynamics, 1993. ISBN: 9789993623939.
Optional	Hoerner, S. Fluid Dynamic Lift. 2nd ed. Bakersfield, CA: Hoerner Fluid Dynamics, 1992. ISBN: 9789998831636.
Optional	Blevins, R. Applied Fluid Dynamics Handbook. New York, NY: Van Nostrand Reinhold Company, 1984. ISBN: 9780442212964.
Optional	Comstock, J., ed. Principles of Naval Architecture. Jersey City, NJ: Society of Naval Architects and Marine Engineers, 1967. ASIN: B000GVDR30.
Optional	Fossen, T. Guidance and Control of Ocean Vehicles. New York, NY: John Wiley & Sons, 1994. ISBN: 9780471941132.
Optional	Morgan, M. Dynamic Positioning of Offshore Vessels. Tulsa, OK: PennWell Corp., 1978. ISBN: 9780878140442.
Optional	Ogata, K. Modern Control Engineering. 4th ed. Upper Saddle River, NJ: Prentice Hall, 2001. ISBN: 9780130609076.
Required	Triantafyllou, Michael S., and Franz S. Hover. Maneuvering and Control of Marine Vehicles.
