Required	Newman, J. N. Marine Hydrodynamics. Cambridge, MA: MIT Press, 1977. ISBN: 9780262140263.
Optional	Readings in Marine Hydrodynamics. Volume published in Honor of Professor J. Nicholas Newman.
Optional	Mei, Chiang C. The Applied Dynamics of Ocean Surface Waves. Hackensack, NJ: World Scientific Publishing, 1989.
Optional	Faltinsen, O.M. Sea Loads on Ships and Offshore Structures. Cambridge, UK: Cambridge University Press, 1993. ISBN: 9780521458702.
Optional	Laitone, Edmund V., and John V. Wehausen. “Surface Waves.” in Encyclopedia of Physics, Volume IX. New York, NY: Springer-Verlag, 1960. pp. 446-778.
