Required	Hecht, Eugene. Optics. Reading, MA: Addison-Wesley, 2001. ISBN: 9780805385663.
Required	Goodman, Joseph W. Introduction to Fourier Optics. Englewood, CO: Roberts & Co., 2004. ISBN: 9780974707723.
Optional	Haus, Hermann A. Waves and Fields in Optoelectronics. Englewood Cliffs, NJ: Prentice-Hall, 1983. ISBN: 9780139460531.
Optional	Klein, Miles V., and Thomas Furtak. Optics. New York, NY: Wiley, 1986. ISBN: 9780471872979.
Optional	Saleh, Bahaa E. A., and Malvin Carl Teich. Fundamentals of Photonics. Hoboken, NJ: Wiley-Interscience, 2007. ISBN: 9780471358329.
Optional	Jenkins, Francis A., and Harvey E. White. Fundamentals of Optics. New York, NY: McGraw-Hill, 1976. ISBN: 9780070323308.
Optional	Smith, Warren J. Modern Optical Engineering. New York, NY: McGraw-Hill, 2007. ISBN: 9780071476874.
