Required	Yannas, I. V. Tissue and Organ Regeneration in Adults. New York, NY: Springer, 2001. ISBN: 9780387952147.
Required	Langer, Robert, and Joseph P. Vacanti. “Tissue Engineering.” Science, New Series 260, no. 5110 (May 14, 1993): 920-926.
Required	Yannas, I. V., et al. “Wound Tissue Can Utilize a Polymeric Template to Synthesize a Functional Extension of Skin.” Science, New Series 215, no. 4529 (January 8, 1982): 174-176.
Required	Spector, Myron. “Biomaterials.” Chapter 19 in Plastic Surgery. Vol. 1. Edited by B. M. Achauer, et al. Mosby: St. Louis, 2000. ISBN: 9780815110194.
Required	Mitchell, L. Shannon, and Laura E. Niklason. “Requirements for Growing Tissue-Engineered Vascular Grafts.” Cardiovascular Pathology 12 (2003): 59-64.
Required	Niklason, L. E., J. Gao, W. M. Abbot, K. K. Hirschi, S. Houser, R. Marini, and R. Langer. “Functional Arteries Grown in Vitro.” Science 284 (April 16, 1999): 489-493.
Required	Schoen, Frederick J., and Robert J. Levy. “Tissue Heart Valves: Current Challenges and Future Research Perspectives.” Founder’s Award, 25th Annual Meeting of the Society for Biomaterials, Providence, RI, April 28-May 2, 1999.
Required	Rabkin, Elena, and Frederick J. Schoen. “Cardiovascular Tissue Engineering.” Cardiovascular Pathology II (2002): 305-317.
