Required	Suh, N. P. Tribophysics. Englewood Cliffs, NJ: Prentice-Hall, 1986. ISBN: 9780139309830.
Required	Lim, S. C., and M. F. Ashby. “Wear-Mechanism Maps.” Acta Metal 35, no. 1 (1987): 1-24.
Required	Rha, J. J., S. C. Kwon, J. R. Cho, W. Yim Shon, and N. Saka. “Creation of Ultra-Low Friction and Wear Surfaces for Micro-Devices Using Carbon Films.”
Required	Suh, N. P., and S. T. Oktay. “Wear Debris Formation and Agglomeration.” Journal of Tribology 114 (April 1992): 379-393.
Required	The readings in this table are from the course textbook: Suh, N. P. Tribophysics. Englewood Cliffs, NJ: Prentice-Hall, 1986. ISBN: 9780139309830. Students also read sections of Prof. Suh’s new book manuscript on tribology.
