Required	Suh, N. P. Axiomatic Design: Advances and Applications. New York, NY: Oxford University Press, 2001. ISBN: 9780195134667.
Required	———. Complexity: Theory and Applications. New York, NY: Oxford University Press, 2005. ISBN: 9780195178760.
Optional	Stachel, J. “1905 and all that.” Nature 433 (January 20, 2005): 215-217.
Optional	Barrow, J. D. “Einstein as an Icon.” Nature 433 (January 20, 2005): 218-219.
Optional	Parisi, G. “Brownian Motion.” Nature 433 (January 20, 2005): 221.
Optional	Various authors. “A theory of everything.” Nature 433 (January 20, 2005): 257-259.
Optional	Lipson, H., J. B. Pollack, and N. P. Suh. “On the Origin of Modular Variation.” Evolution 56, no. 8 (August 2002): 1549-1556.
Optional	Sohlenius, Gunnar. “Systemic Nature of the Industrial Innovation Process: Contribution to a Philosophy of Industrial Engineering.” PhD Thesis. Tampere, Finland: Tampere University of Technology, Department of Industrial Engineering and Management, 2005.
