Optional	Ashby, M. Materials Selection in Mechanical Design. Boston, MA: Butterworth-Heinemann, 2005. ISBN: 9780750661683.
Optional	Dieter, George Ellwood. Engineering Design: A Materials and Processing Approach. Boston, MA: McGraw-Hill, 1999. ISBN: 9780073661360.
Optional	Faupel, Joseph Herman. Engineering Design. New York, NY: Wiley, 1981. ISBN: 9780471033813.
Optional	McCrum, N. Principles of Polymer Engineering. New York, NY: Oxford University Press, 1997. ISBN: 9780198565277.
Optional	Planchard, David C., and Marie P. Planchard. Engineering Design with Solidworks. Mission, KS: Schroff Development Corporation, 2000. ISBN: 9781585030217.
