Required	Poirier, D. R., and G. H. Geiger. Transport Phenomena in Materials Processing. John Wiley and Sons Ltd, 1998. ISBN: 9780873392723
Required	Bergman, Theodore L., Adrienne S. Lavine, et al. Introduction to Heat Transfer. 6th ed. Wiley, 2011. ISBN: 9780470501962.
Required	Kou, Sindo. Transport Phenomena and Materials Processing. Wiley-Interscience, 1996. ISBN: 9780471076674.
Required	Flemings, Merton C. Solidification Processing. McGraw-Hill College, 1974. ISBN: 9780070212831.
Required	Carslaw, H. S., and J. C. Jaeger. Conduction of Heat in Solids. 2nd ed. Oxford University Press, 1959. ISBN: 9780198533030.
Required	Pilkington, L. A. B. “The Float Glass Process.” Proceedings of the Royal Society of London, Series A. Mathematical and Physical Sciences 314, no. 1516 (1969): 1–25.
Required	Reed, James S. “Deflocculants and Coagulants.” Chapter 10 in Principles of Ceramics Processing. 2nd ed. Wiley-Interscience, 1995, pp. 157–67. ISBN: 9780471597216.
