Required	Porter, M.E. Competitive Advantage: Creating and Sustaining Superior Performance. New York, NY: The Free Press, 1985. ISBN: 0-02-925090-0.
Required	Porter, M.E. “Market Segmentation” (chapter 7). In Competitive Advantage: Creating and Sustaining Superior Performance. New York, NY: The Free Press, 1985. ISBN: 0-02-925090-0.
Required	Porter, M.E., and V.E. Millar. “How Information Gives You Competitive Advantage.” Harvard Business Review (July 1985). 
Required	Porter, M.E., and J.W. Rivkin. “Industry Transformation.” Harvard Business School Note 9-701-008.
Required	Porter, M.E. “Strategy in Fragmented Industries” (Chapter 9). In Competitive Strategy. Simon & Schuster, 1998. ISBN: 0-684-84148-7.
Required	Tovar, M.L., K. Cacace, and S. Matsushima. “B2Bilt - A Study of Changes in Building Industry Processes.” Harvard Design School Case Study, Center for Design Informatics, 2002. CDI#020405-044.
