Required	Morel, Francois M., and Janet G. Hering. Principles and Applications of Aquatic Chemistry. New York, NY: Wiley-Interscience, 1993. ISBN: 0471548960.
Optional	Anderson, G. W. Thermodyanmics of Natural Systems. New York, NY: Wiley-Interscience, 2005. ISBN: 0521847729.
Optional	Stumm, Werner, and James J. Morgan. Aquatic Chemistry. New York, NY: Wiley-Interscience, 1996. ISBN: 0471511854.
Required	Anderson, G. W. Thermodynamics of Natural Systems. New York, NY: Wiley-Interscience, 2005. ISBN: 0521847729.
Required	Stumm, Werner, and James J. Morgan. Aquatic Chemistry. New York, NY: Wiley-Interscience, 1996. ISBN: 0471511854.
