Optional	Reynolds, T. D., and P. A. Richards. Unit Operations and Processes in Environmental Engineering. 2nd ed. Boston, MA: PWS Publishing Company, 1996. ISBN: 0534948847.
Optional	Mara, D. Domestic Wastewater Treatment in Developing Countries. London, UK: Earthscan, 2003. ISBN: 1844070190.
Optional	Viessman, W., Jr., and M. J. Hammer. Water Supply and Pollution Control. 7th ed. Pearson Education, Inc., Upper Saddle River, NJ: Pearson Prentice Hall, 2005. ISBN: 0131409700.
Optional	Tchobanoglous, G., F. L. Burton, and H. D. Stensel. Wastewater Engineering: Treatment and Reuse. 4th ed. Metcalf and Eddy Inc., New York, NY: McGraw-Hill, 2003. ISBN: 0070418780.
Optional	MWH Staff. Water Treatment: Principles and Design. 2nd ed. New York, NY: Wiley, 2005. ISBN: 0471110183.
Optional	Droste, R. L. Theory and Practice of Water and Wastewater Treatment. Hoboken, NJ: Wiley & Sons, 1997. ISBN: 0471124443.
