Optional	Etter, Dolores, David Kuncicky, and Holly Moore. Introduction to MATLAB 6. Upper Saddle River, NJ: Prentice Hall, 2003. ISBN: 9780131409187.
Optional	Etter, Dolores. Introduction to MATLAB for Engineers and Scientists. Upper Saddle River, NJ: Prentice Hall, 1996. ISBN: 9780135197035.
Optional	Etter, Dolores. Engineering Problem Solving with MATLAB. Upper Saddle River, NJ: Prentice Hall, 2006. ISBN: 9780130462145.
Optional	Harte, John. Consider a Spherical Cow: A Course in Environmental Problem Solving. Mill Valley, CA: University Science Books, 1988. ISBN: 9780935702583.
Optional	Harte, John. Consider a Cylindrical Cow: More Adventures in Environmental Problem Solving. Mill Valley, CA: University Science Books, 2001. ISBN: 9781891389177.
Optional	Fay, James A., and Dan S. Golomb. Energy and the Environment. New York, NY: Oxford University Press, 2002. ISBN: 9780195150926.
Optional	Van Ness, H. C. Understanding Thermodynamics. New York, NY: Dover, 1983. ISBN: 9780486632773.
Optional	Smith, E. Brian. Basic Chemical Thermodynamics. London, UK: Imperial College Press, 2004. ISBN: 9781860944468.
Optional	Sonntag, Richard E., Claus Borgnakke, and Gordon J. Van Wylen. Fundamentals of Thermodynamics. New York, NY: John Wiley & Sons, 2002. ISBN: 9780471152323.
