Required	Lardner, T. J., R. R. Archer, S. H. Crandall, and N. C. Dahl. An Introduction to the Mechanics of Solids. 2nd ed. New York: McGraw-Hill Primis Custom Publishing, 1999. ISBN: 9780072380415.
Optional	Dowling, N. E. Mechanical Behavior of Materials. 2nd ed. Upper Saddle River, NJ: Prentice-Hall, 1998. ISBN: 9780139057205.
Optional	Ashby, M. F., and D. R. H. Jones. Engineering Materials 1: An Introduction to their Properties and Applications. 2nd ed. Oxford, UK: Butterworth-Heinemann, 1996. ISBN: 9780750627665.
Optional	Pratap, Rudra. Getting Started with MATLAB®. Oxford, UK: Oxford Press, 2001. ISBN: 9780195150148.
Optional	Bowman, Keith. Mechanical Behavior of Materials. Hoboken, NJ: John Wiley & Sons, 2003. ISBN: 9780471241980.
