Required	[{:family=>"Nordling", :given=>"C.O."}]	["A New Theory on Cancer-Inducing Mechanism"]	article-journal	["Br J Cancer"]	["1953-03"]
Required	[{:family=>"Nordling", :given=>"C.O."}]	["Theories and statistics of cancer"]	article-journal	["Nord Med"]	["1952-06-13"]
Required	[{:family=>"Armitage", :given=>"P."}, {:family=>"Doll", :given=>"R."}]	["The Age Distribution of Cancer and a Multi-Stage Theory of Carcinogenesis"]	article-journal	["Br J Cancer"]	["1954-03"]
Required	[{:family=>"Armitage", :given=>"P."}, {:family=>"Doll", :given=>"R."}]	["A Two-Stage Theory of Carcinogenesis in Relation to the Age Distribution of Human Cancer"]	article-journal	["Br J Cancer"]	["1957-06"]
Required	[{:family=>"Armitage", :given=>"P."}, {:family=>"Doll", :given=>"R."}]	["The Age Distribution of Cancer and a Multi-Stage Theory of Carcinogenesis"]	article-journal	["Br J Cancer"]	["Dec 13"]
Required	[{:family=>"Armitage", :given=>"P."}, {:family=>"Doll", :given=>"R."}]	["The Age distribution of Cancer and a Multi-Stage Theory of Carcinogenosis"]	article-journal	["Int J Epidemiol"]	["2004-12", "2004-08-19"]
Required	[{:family=>"Moolgavkar", :given=>"S.H."}, {:family=>"Knudson", :given=>"A.G.", :suffix=>"Jr"}]	["Mutation and Cancer: A Model for Human Carcinogenesis"]	article-journal	["J Natl Cancer Inst"]	["1981-06"]
Required	[{:family=>"Stein", :given=>"W.D."}]	["Analysis of cancer incidence data on the basis of multistage and clonal growth models"]	article-journal	["Adv. Cancer Res"]	["1991"]
Required	[{:family=>"Herrero-Jimenez", :given=>"P."}, {:family=>"Thilly", :given=>"G."}, {:family=>"Southam", :given=>"P.J."}, {:family=>"Tomita-Mitchell", :given=>"A."}, {:family=>"Morgenthaler", :given=>"S."}, {:family=>"Furth", :given=>"E.E."}, {:family=>"Thilly", :given=>"W.G."}]	["Mutation, Cell Kinetics, and Subpopulations at Risk for Colon Cancer in the United States"]	article-journal	["Mutat Res"]	["1998-05-25"]
Required	[{:family=>"Herrero-Jimenez", :given=>"P."}, {:family=>"Tomita-Mitchell", :given=>"A."}, {:family=>"Furth", :given=>"E.E."}, {:family=>"Morgenthaler", :given=>"S."}, {:family=>"Thilly", :given=>"W.G."}]	["Population Risk and Physiological Rate Parameters for Colon Cancer. The Union of an Explicit Model for Carcinogenesis with the Public Health Records of the United States"]	article-journal	["Mutat Res"]	["2000-01-17"]
Required	[{:family=>"Morgenthaler", :given=>"S."}, {:family=>"Herrero", :given=>"P."}, {:family=>"Thilly", :given=>"W.G."}]	["Multistage Carcinogenesis and the Fraction at Risk"]	article-journal	["J Math Biol"]	["2004-11"]
Required	[{:family=>"Hemminki", :given=>"K."}, {:family=>"Chen", :given=>"B."}]	["Familial Risk for Colorectal Cancers Are Mainly Due to Heritable Causes Cancer Epidemiology"]	article-journal	["Biomarkers and Prevention"]	
Required	[{:family=>"Hemminki", :given=>"K."}, {:family=>"Chen", :given=>"B."}]	["Familial Association of Colorectal Adenocarcinoma With Cancers at Other Sites"]	article-journal	["Eur J Cancer"]	["2004-11"]
Required	[{:family=>"Hemminki", :given=>"K."}, {:family=>"Czene", :given=>"K."}]	["Attributable Risks of Familial Cancer from the Family-Cancer Database"]	article-journal	["Cancer Epidemiol Biomarkers Prev"]	["2002-12"]
Required	[{:family=>"Hemminki", :given=>"K."}, {:family=>"Li", :given=>"X."}]	["Familial and Second Primary Pancreatic Cancers: A Nationwide Epidemiologic Study from Sweden"]	article-journal	["Int J Cancer"]	
Required	[{:family=>"Hemminki", :given=>"K."}, {:family=>"Li", :given=>"X."}]	["Related Familial colorectal denocarcinoma from the Swedish Family-Cancer Database"]	article-journal	["Int J Cancer"]	["Dec 1"]
Required	[{:family=>"Hemminki", :given=>"K."}, {:family=>"Li", :given=>"X."}]	["Increased Cancer Risk in the Offspring of Women with Colorectal Carcinoma. A Swedish Register-Based Cohort Study"]	article-journal	["Cancer"]	
Required	[{:family=>"Hemminki", :given=>"K."}, {:family=>"Lonnstedt", :given=>"I."}, {:family=>"Vaittinen", :given=>"P."}, {:family=>"Lichtenstein", :given=>"P."}]	["Estimation of Genetic and Environmental Components in Colorectal and Lung Cancer and Melanoma"]	article-journal	["Genet Epidemiol"]	["2001-01"]
Required	[{:family=>"Lichtenstein", :given=>"P."}, {:family=>"Holm", :given=>"N.V."}, {:family=>"Verkasalo", :given=>"P.K."}, {:family=>"Iliadou", :given=>"A."}, {:family=>"Kaprio", :given=>"J."}, {:family=>"Koskenvuo", :given=>"M."}, {:family=>"Pukkala", :given=>"E."}, {:family=>"Skytthe", :given=>"A."}, {:family=>"Hemminki", :given=>"K."}]	["Environmental and Heritable Factors in the Causation of Cancer - Analyses of Cohorts of Twins from Sweden, Denmark, and Finland"]	article-journal	["N Engl J Med"]	["2000-07-13"]
Required	[{:family=>"Calvari-Sforza", :given=>"L.L."}, {:family=>"Bodmer", :given=>"W.F."}]	["The Genetics of Human Populations"]	book		["1971"]
Required	[{:family=>"Calvari-Sforza", :given=>"L.L."}, {:family=>"Menozzi", :given=>"P."}, {:family=>"Piazza", :given=>"A."}]	["The History and Geography of Human Genes"]	book		["1994"]
Required	[{:family=>"Hartl", :given=>"D.L."}]	["A Primer of Population Genetics"]	book		["2000"]
Required	[{:family=>"Vogel", :given=>"F."}, {:family=>"Rathenberg", :given=>"R."}]	["Spontaneous Mutation in Man"]	article-journal	["Adv Hum Genet"]	["1975"]
Required	[{:family=>"Lander", :given=>"E.S."}, {:family=>"Botstein", :given=>"D."}]	["Mapping Complex Genetic Traits in Humans: New Methods Using a Complete RFLP Linkage Map"]	article-journal	["Cold Spring Harb Symp Quant Biol"]	["1986"]
Required	[{:family=>"Lander", :given=>"E.S."}, {:family=>"Botstein", :given=>"D."}]	["Mapping Mendelian Factors Underlying Quantitative Traits Using RFLP Linkage Maps"]	article-journal	["Genetics", "Erratum in: Genetics"]	["1989-01", "1994-02"]
Required	[{:family=>"Tomita-Mitchell", :given=>"A."}, {:family=>"Muniappan", :given=>"B.P."}, {:family=>"Herrero-Jimenez", :given=>"P."}, {:family=>"Zarbl", :given=>"H."}, {:family=>"Thilly", :given=>"W.G."}]	["Single Nucleotide Polymorphism Spectra in Newborns and Centenarians: Identification of Genes Coding for Risk of Mortal Disease"]	article-journal	["Gene"]	["1998-11-26"]
Required	[{:family=>"Li-Sucholeiki", :given=>"X.C."}, {:family=>"Thilly", :given=>"W.G."}]	["A Sensitive Scanning Technology for Low Frequency Nuclear Point Mutations in Human Genomic DNA"]	article-journal	["Nucleic Acids Res"]	["2000-05-01"]
Required	[{:family=>"Hirschhorn", :given=>"J.N."}, {:family=>"Lohmueller", :given=>"K."}, {:family=>"Byrne", :given=>"E."}, {:family=>"Hirschhorn", :given=>"K."}]	["A Comprehensive Review of Genetic Association Studies"]	article-journal	["Genet Med"]	["2002-03"]
Required	[{:family=>"Nunney", :given=>"L."}]	["The Population Genetics of Multistage Carcinogenesis"]	article-journal	["Proc R Soc Lond B Biol Sci"]	["2003-06-07"]
Required	[{:family=>"Morgenthaler", :given=>"S."}, {:family=>"Thilly", :given=>"W.G."}]	["Pangenomic Search for Genetic Risks for Common Diseases, 2005"]	manuscript		
Required	[{:family=>"Wynder", :given=>"E.L."}, {:family=>"Graham", :given=>"E.A."}]	["Tobacco Smoking as a Possible Etiologic Factor in Bronchiogenic Carcinoma; A Study of 684 Proved Cases"]	article-journal	["J Am Med Assoc"]	["1950-05-27"]
Required	[{:family=>"Armitage", :given=>"P."}, {:others=>true}]	["Dose-Response Relationship in Radiation Leukaemia"]	article-journal	["Nature"]	["1959-11-21"]
Required	[{:family=>"Thilly", :given=>"W.G."}]	["Have Environmental Mutagens Caused Oncomutations in People?"]	article-journal	["Nature Genetics"]	["2003"]
Required	[{:family=>"Wogan", :given=>"G.N."}, {:family=>"Hecht", :given=>"S.S."}, {:family=>"Felton", :given=>"J.S."}, {:family=>"Conney", :given=>"A.H."}, {:family=>"Loeb", :given=>"L.A."}]	["Environmental and Chemical Carcinogenesis"]	article-journal	["Semin Cancer Biol"]	["2004-12"]
Required	[{:family=>"Chan", :given=>"A.T."}, {:family=>"Giovannucci", :given=>"E.L."}, {:family=>"Schernhammer", :given=>"E.S."}, {:family=>"Colditz", :given=>"G.A."}, {:family=>"Hunter", :given=>"D.J."}, {:family=>"Willett", :given=>"W.C."}, {:family=>"Fuchs", :given=>"C.S."}]	["A Prospective Study of Aspirin use and the Risk for Colorectal Adenoma"]	article-journal	["Ann Intern Med"]	["2004-02-03"]
Required	[{:family=>"Trichopoulos", :given=>"D."}, {:family=>"Li", :given=>"F.P."}, {:family=>"Hunter", :given=>"D.J."}]	["What Causes Cancer?"]	article-journal	["Sci Am"]	["1996-09"]
Required	[{:family=>"Harris", :given=>"D.M."}, {:family=>"Go", :given=>"V.L."}]	["Vitamin D and Colon Carcinogenesis"]	article-journal	["J Nutr"]	
Required	[{:family=>"Whelan", :given=>"J."}, {:family=>"McEntee", :given=>"M.F."}]	["Dietary (n-6) PUFA and Intestinal Tumorigenesis"]	article-journal	["J Nutr"]	
Required	[{:family=>"Hung", :given=>"H.C."}, {:family=>"Joshipura", :given=>"K.J."}, {:family=>"Jiang", :given=>"R."}, {:family=>"Hu", :given=>"F.B."}, {:family=>"Hunter", :given=>"D."}, {:family=>"Smith-Warner", :given=>"S.A."}, {:family=>"Colditz", :given=>"G.A."}, {:family=>"Rosner", :given=>"B."}, {:family=>"Spiegelman", :given=>"D."}, {:family=>"Willett", :given=>"W.C."}]	["Fruit and Vegetable Intake and Risk of Major Chronic Disease"]	article-journal	["J Natl Cancer Inst"]	["2004-11-03"]
Required	[{:family=>"Cohnheim", :given=>"J."}]	["Ueber Entzundung und Eiterung"]	article-journal	["Path Anat Physiol Klin Med"]	["1867"]
Required	[{:family=>"Sell", :given=>"S."}]	["Stem Cell Origin of Cancer and Differentiation Therapy"]	article-journal	["Crit Rev Oncol Hematol"]	["2004-07"]
Required	[{:family=>"Gostjeva", :given=>"E.V."}, {:family=>"Zukerberg", :given=>"L."}, {:family=>"Chung", :given=>"D."}, {:family=>"Thilly", :given=>"W.G."}]	["Nuclear Morphotypes and Metamorphoses in Human Colonic Ontogenesis and Carcinogenesis"]	manuscript		["2005"]
Required	[{:family=>"Boveri", :given=>"T."}]	["Zur Frage der Entstehung maligner Tumoren"]	book		["1914"]
Required	[{:family=>"Boveri", :given=>"T."}]	["The origin of malignant tumors"]	book		["1929"]
Required	[{:family=>"Balmain", :given=>"A."}]	["Cancer Genetics: From Boveri and Mendel to Microarrays"]	article-journal	["Nat Rev Cancer"]	["2001"]
Required	[{:family=>"Temin", :given=>"H.M."}]	["The Protovirus Hypothesis: Speculations on the Significance of RNA-Directed DNA Synthesis for Normal Development and for Carcinogenesis"]	article-journal	["J Natl Cancer Inst"]	["1971-02"]
Required	[{:family=>"Mitelman", :given=>"F."}, {:family=>"Johansson", :given=>"B."}, {:family=>"Mertens", :given=>"F."}]	["Catalog of Chromosome Aberrations in Cancer", "CD-ROM version with annual updates"]	book		["1998"]
Required	[{:given=>"Anonymous"}]	["Mitelman Database of Chromosome Aberrations in Cancer"]			["2002"]
Required	[{:family=>"Knudson", :given=>"A.G.", :suffix=>"Jr"}]	["Mutation and Cancer: Statistical Study of Retinoblastoma"]	article-journal	["Proc Natl Acad Sci U S A 68"]	["1971-04"]
Required	[{:family=>"Groden", :given=>"J."}, {:family=>"Thliveris", :given=>"A."}, {:family=>"Samowitz", :given=>"W."}, {:family=>"Carlson", :given=>"M."}, {:family=>"Gelbert", :given=>"L."}, {:family=>"Albertsen", :given=>"H."}, {:family=>"Joslyn", :given=>"G."}, {:family=>"Stevens", :given=>"J."}, {:family=>"Spirio", :given=>"L."}, {:family=>"Robertson", :given=>"M."}, {:others=>true}]	["Identification and Characterization of the Familial Adenomatous Polyposis Coli Gene"]	article-journal	["Cell"]	["1991-08-09"]
Required	[{:family=>"Knudson", :given=>"A.G."}]	["Cancer Genetics"]	article-journal	["Am J Med Genet"]	["2002-07-22"]
Required	[{:family=>"Weinberg", :given=>"R.A."}]	["How Cancer Arises"]	article-journal	["Sci Am"]	["1996-09"]
Required	[{:family=>"Rangarajan", :given=>"A."}, {:family=>"Hong", :given=>"S.J."}, {:family=>"Gifford", :given=>"A."}, {:family=>"Weinberg", :given=>"R.A."}]	["Species- and Cell Type-specific Requirements for Cellular Transformation"]	article-journal	["Cancer Cell"]	["2004-08"]
Required	[{:family=>"Keohavong", :given=>"P."}, {:family=>"Thilly", :given=>"W.G."}]	["Fidelity of DNA Polymerases in DNA Amplification"]	article-journal	["Proc Natl Acad Sci U S A 86"]	["1989-12"]
Required	[{:family=>"Loeb", :given=>"L.A."}, {:family=>"Cheng", :given=>"K.C."}]	["Errors in DNA Synthesis: A Source of Spontaneous Mutations"]	article-journal	["Mutat Res"]	["1990-05"]
Required	[{:family=>"Khrapko", :given=>"K."}, {:family=>"Coller", :given=>"H.A."}, {:family=>"Andre", :given=>"P.C."}, {:family=>"Li", :given=>"X.C."}, {:family=>"Hanekamp", :given=>"J.S."}, {:family=>"Thilly", :given=>"W.G."}]	["Mitochondrial Mutational Spectra in Human Cells and Tissues"]	article-journal	["Proc Natl Acad Sci U S A"]	["Dec 9"]
Required	[{:family=>"Coller", :given=>"H.A."}, {:family=>"Khrapko", :given=>"K."}, {:family=>"Torres", :given=>"A."}, {:family=>"Frampton", :given=>"M.W."}, {:family=>"Utell", :given=>"M.J."}, {:family=>"Thilly", :given=>"W.G."}]	["Mutational Spectra of a 100-base Pair Mitochondrial DNA Target Sequence in Bronchial Epithelial Cells: A Comparison of Smoking and Nonsmoking Twins"]	article-journal	["Cancer Res"]	["1998-03-15"]
Required	[{:family=>"Muniappan", :given=>"B.P."}, {:family=>"Thilly", :given=>"W.G."}]	["The DNA Polymerase Beta Replication Error Spectrum in the Adenomatous Polyposis Coli Gene contains Human Colon Tumor Mutational Hotspots"]	article-journal	["Cancer Res"]	["2002-06-01"]
Required	[{:family=>"Coller", :given=>"H.A."}, {:family=>"Khrapko", :given=>"K."}, {:family=>"Bodyak", :given=>"N.D."}, {:family=>"Nekhaeva", :given=>"E."}, {:family=>"Herrero-Jimenez", :given=>"P."}, {:family=>"Thilly", :given=>"W.G."}]	["High Frequency of Homoplasmic Mitochondrial DNA Mutations in Human Tumors can be Explained Without Selection"]	article-journal	["Nat Genet"]	["2001-06"]
Required	[{:family=>"Zheng", :given=>"W.M."}, {:family=>"Khrapko", :given=>"K."}, {:family=>"Coller", :given=>"H."}, {:family=>"Thilly", :given=>"W.G."}, {:family=>"Copeland", :given=>"W."}]	["The Gamma DNA Polymerase Replication Error Spectrum Contains Human Tissue Mitochondrial Hotspots"]	manuscript		["2005"]
Required	[{:family=>"Wogan", :given=>"G.N."}, {:family=>"Hecht", :given=>"S.S."}, {:family=>"Felton", :given=>"J.S."}, {:family=>"Conney", :given=>"A.H."}, {:family=>"Loeb", :given=>"L.A."}]	["Environmental and Chemical Carcinogenesis"]	article-journal	["Semin Cancer Biol"]	["2004-12"]
Required	[{:family=>"Tomita-Mitchell", :given=>"A."}, {:family=>"Ling", :given=>"L.L."}, {:family=>"Glover", :given=>"C.L."}, {:family=>"Goodluck-Griffith", :given=>"J."}, {:family=>"Thilly", :given=>"W.G."}]	["The Mutational Spectrum of the HPRT Gene from Human T Cells in Vivo Shares a Significant Concordant Set of Hot Spots with MNNG-treated Human Cells"]	article-journal	["Cancer Res"]	["2003-09-15"]
Required	[{:family=>"Thilly", :given=>"W.G."}]	["Have Environmental Mutagens Caused Onco Mutations in People?"]	article-journal	["Nature Genetics"]	["2003"]
Required	[{:family=>"Benzer", :given=>"S."}]	["The Fine Structure of the Gene"]	article-journal	["Sci Am"]	["1962-01"]
Required	[{:family=>"Nomura", :given=>"M."}, {:family=>"Benzer", :given=>"S."}]	["The Nature of the “Deletion” Mutants in the rII Region of Phage T4"]	article-journal	["J Mol Biol"]	["1961-10"]
Required	[{:family=>"Benzer", :given=>"S."}]	["Genetic Fine Structure"]	article-journal	["Harvey Lect"]	["1960"]
Required	[{:family=>"Brenner", :given=>"S."}, {:family=>"Benzer", :given=>"S."}, {:family=>"Barnett", :given=>"L."}]	["Distribution of Proflavin-induced Mutations in the Genetic Fine Structure"]	article-journal	["Nature"]	["1958-10-11"]
Required	[{:family=>"Benzer", :given=>"S."}]	["Genetic Fine Structure and its Relation to the DNA Molecule"]	article-journal	["Brookhaven Symp Biol"]	["1956-02"]
Required	[{:family=>"Khrapko", :given=>"K."}, {:family=>"Andre", :given=>"P."}, {:family=>"Cha", :given=>"R."}, {:family=>"Hu", :given=>"G."}, {:family=>"Thilly", :given=>"W.G."}]	["Mutational Spectrometry: Means and Ends"]	article-journal	["Prog Nucleic Acid Res Mol Biol"]	
Required	[{:family=>"Khrapko", :given=>"K."}, {:family=>"Hanekamp", :given=>"J.S."}, {:family=>"Thilly", :given=>"W.G."}, {:family=>"Belenkii", :given=>"A."}, {:family=>"Foret", :given=>"F."}, {:family=>"Karger", :given=>"B.L."}]	["Constant Denaturant Capillary Electrophoresis (CDCE): A High Resolution Approach to Mutational Analysis"]	article-journal	["Nucleic Acids Res"]	["Feb 11"]
Required	[{:family=>"Khrapko", :given=>"K."}, {:family=>"Coller", :given=>"H."}, {:family=>"Andre", :given=>"P."}, {:family=>"Li", :given=>"X.C."}, {:family=>"Foret", :given=>"F."}, {:family=>"Belenky", :given=>"A."}, {:family=>"Karger", :given=>"B.L."}, {:family=>"Thilly", :given=>"W.G."}]	["Mutational Spectrometry Without Phenotypic Selection: Human Mitochondrial DNA"]	article-journal	["Nucleic Acids Res"]	["Feb 15"]
Required	[{:family=>"Andre", :given=>"P."}, {:family=>"Kim", :given=>"A."}, {:family=>"Khrapko", :given=>"K."}, {:family=>"Thilly", :given=>"W.G."}]	["Fidelity and Mutational Spectrum of Pfu DNA Polymerase on a Human Mitochondrial DNA Sequence"]	article-journal	["Genome Res"]	["1997-08"]
Required	[{:family=>"Khrapko", :given=>"K."}, {:family=>"Coller", :given=>"H.A."}, {:family=>"Li-Sucholeiki", :given=>"X.C."}, {:family=>"Andre", :given=>"P.C."}, {:family=>"Thilly", :given=>"W.G."}]	["High Resolution Analysis of Point Mutations by Constant Denaturant Capillary Electrophoresis (CDCE"]	article-journal	["Methods Mol Biol"]	["2001"]
Required	[{:family=>"Ekstrom", :given=>"P.O."}, {:family=>"Bjorheim", :given=>"J."}, {:family=>"Gaudernack", :given=>"G."}, {:family=>"Giercksky", :given=>"K.E."}]	["Population Screening of Single-nucleotide Polymorphisms Exemplified by Analysis of 8000 Alleles"]	article-journal	["J Biomol Screen"]	["2002-12"]
Required	[{:family=>"Minarik", :given=>"M."}, {:family=>"Minarikova", :given=>"L."}, {:family=>"Bjorheim", :given=>"J."}, {:family=>"Ekstrom", :given=>"P.O."}]	["Cycling Gradient Capillary Electrophoresis: A Low-cost Tool for High-throughput Analysis of Genetic Variations"]	article-journal	["Electrophoresis"]	["2003-06"]
Required	[{:family=>"Bjorheim", :given=>"J."}, {:family=>"Abrahamsen", :given=>"T.W."}, {:family=>"Kristensen", :given=>"A.T."}, {:family=>"Gaudernack", :given=>"G."}, {:family=>"Ekstrom", :given=>"P.O."}]	["Approach to Analysis of Single Nucleotide Polymorphisms by Automated Constant Denaturant Capillary Electrophoresis"]	article-journal	["Mutat Res"]	["2003-05-15"]
Required	[{:family=>"Luria", :given=>"S.E."}]	["Mutation of Bacterial Viruses Affecting their Host Range"]	article-journal	["Genetics"]	["1945"]
Required	[{:family=>"Leung", :given=>"E.S."}]	["A Modified Method for the 1000-compartment Fluctuation Test"]	article-journal	["Heredity"]	["1974-12"]
