Required	[{:family=>"Branden", :given=>"Carl"}, {:family=>"Tooze", :given=>"John"}]	["Introduction to Protein Structure"]			["1999"]
Required	[{:family=>"Campbell", :given=>"I.D."}]	["The March of Structural Biology"]	article-journal	["Molecular Cell Biology"]	["2002-05"]
Required	[{:family=>"Matsumoto", :given=>"M."}, {:others=>true}]	["Molecular Dynamics Simulation the Ice Nucleation and Growth Process Leading to Water Freezing"]	article-journal	["Nature"]	["2002-03-28"]
Required	[{:family=>"Pauling", :given=>"L."}, {:family=>"Corey", :given=>"R.B."}]	["Atomic Coordinates and Structure Factors for Two Helical Configurations of Polypeptide Chains"]	article-journal	["PNAS"]	["1951-05-15"]
Required	[{:family=>"Pauling", :given=>"L."}, {:family=>"Corey", :given=>"R.B."}]	["The Structure of Synthetic Polypeptides"]	article-journal	["PNAS"]	["1951-05-15"]
Required	[{:family=>"Pauling", :given=>"L."}, {:family=>"Corey", :given=>"R.B."}]	["The Pleated Sheet, a New Layer Configuration of Polypeptide Chains"]	article-journal	["PNAS"]	["1951-05-15"]
Required	[{:family=>"Pauling", :given=>"L."}, {:family=>"Corey", :given=>"R.B."}]	["The Structure of Feather Rachis Keratin"]	article-journal	["PNAS"]	["1951-05-15"]
Required	[{:family=>"Pauling", :given=>"L."}, {:family=>"Corey", :given=>"R.B."}]	["The Structure of Hair, Muscle, and Related Proteins"]	article-journal	["PNAS"]	["1951-05-15"]
Required	[{:family=>"Pauling", :given=>"L."}, {:family=>"Corey", :given=>"R.B."}]	["The Structure of Fibrous Proteins of the Collagen-Gelatin Group"]	article-journal	["PNAS"]	["1951-05-15"]
Required	[{:family=>"Pauling", :given=>"L."}, {:family=>"Corey", :given=>"R.B."}]	["The Polypeptide-Chain Configuration in Hemoglobin and Other Globular Proteins"]	article-journal	["PNAS"]	["1951-05-15"]
Required	[{:family=>"Watson", :given=>"J.D."}, {:family=>"Crick", :given=>"F.H."}]	["Molecular Structure of Nucleic Acids"]	article-journal	["Nature"]	["1953-04-25"]
Required	[{:family=>"Sung", :given=>"C.H."}, {:others=>true}]	["Crystal Structure of a Junction Between B-DNA and Z-DNA Reveals Two Extruded Bases"]	article-journal	["Nature"]	["2005-10-20"]
Required	[{:family=>"Sinden", :given=>"R.R."}]	["DNA Twists and Flips"]	article-journal	["Nature"]	["2005-10-20"]
Required	[{:family=>"Pauling", :given=>"L."}, {:others=>true}]	["The Structure of Proteins: Two Hydrogen-Bonded Helical Configurations of the Polypeptide Chain"]	article-journal	["PNAS"]	["1951-04-15"]
Required	[{:family=>"Crick", :given=>"F.H.C."}]	["The Packing of α-Helices: Simple Coiled-Coils"]	article-journal	["Acta Crystallographica"]	["1953-03-14"]
Required	[{:family=>"O’Shea", :given=>"Erin K."}, {:others=>true}]	["X-ray Strucure of the GCN4 Leucine Zipper, a Two-Stranded, Parallel Coiled Coil"]	article-journal	["Science"]	["1991-10-25"]
Required	[{:family=>"Pauling", :given=>"L."}, {:family=>"Corey", :given=>"R.B."}]	["Configurations of Polypeptide Chains with Favored Orientations around Single Bonds: Two New Pleated Sheets"]	article-journal	["PNAS"]	["1951-11-15"]
Required	[{:family=>"Hecht", :given=>"M.H."}]	["De novo Design of Beta-sheet Proteins"]	article-journal	["PNAS"]	["1994-09"]
Required	[{:family=>"Campbell", :given=>"I.D."}]	["The March of Structural Biology"]	article-journal	["Molecular Cell Biology"]	["2002-05"]
Required	[{:family=>"Tirrell", :given=>"D.A."}]	["Putting a New Spin on Spider Silk"]	article-journal	["Science"]	["1996-01-05"]
Required	[{:family=>"Hayashi", :given=>"C.Y."}, {:family=>"Lewis", :given=>"R.V."}]	["Molecular Architecture and Evolution of a Modular Spider Silk Protein Gene"]	article-journal	["Science"]	["2000-02-25"]
Required	[{:family=>"Valluzzi", :given=>"R."}, {:others=>true}]	["Silk: Molecular Organization and Control of Assembly"]	article-journal	["Phil Trans Royal Society London B"]	["2002-02-28"]
Required	[{:family=>"Hayashi", :given=>"C.Y."}, {:family=>"Lewis", :given=>"R.V."}]	["Evidence from Flagelliform Silk cDNA for the Structural Basis of Elasticity and Modular Nature of Spider Silks"]	article-journal	["J Mol Biol"]	["1998"]
Required	[{:family=>"Jin", :given=>"H."}, {:family=>"L", :given=>"D."}]	["Kaplan “Mechanism of Silk Processing in Insects and Spiders"]	article-journal	["Nature"]	["2003-08-28"]
Required	[{:family=>"Lazaris", :given=>"A."}, {:others=>true}]	["Spider Silk Fibers Spun from Soluble Recombinant Silk Produced in Mammalian Cells"]	article-journal	["Science"]	["2002-01-18"]
Required	[{:family=>"Vollrath", :given=>"F."}, {:family=>"Knight", :given=>"D.P."}]	["Liquid Crystalline Spinning of Spider Silk"]	article-journal	["Nature"]	["2001-03-29"]
Required	[{:family=>"Vollrath", :given=>"F."}, {:others=>true}]	["The Effect of Spinning Conditions on the Mechanics of a Spider’s Dragline Silk"]	article-journal	["Proc R Soc Lond B"]	["2001"]
Required	[{:family=>"Shao", :given=>"Z."}, {:family=>"Vollrath", :given=>"F."}]	["Surprising Strength of Silkworm Silk"]	article-journal	["Nature"]	["2002-08-15"]
Optional		["Silk Polymers: Materials Science and Biotechnology"]			["1994"]
Optional		["Protein-based Materials"]			["1996"]
Optional	[{:family=>"Belcher", :given=>"A.M."}, {:others=>true}]	["First Steps in Harnessing Potential of Biomineralization as a Route to New High-Performance Composite Materials"]	article-journal	["Acta Mater"]	["1998"]
Optional	[{:family=>"Morse", :given=>"D.E."}]	["Silicon Biotechnology: Harnessing Biological Silica Production to Construct New Materials"]	article-journal	["Tibtech"]	["1999-06"]
Optional	[{:family=>"Aizenberg", :given=>"J."}, {:others=>true}]	["Calcitic Microlenses as Part of the Photoreceptor System in Brittlestars"]	article-journal	["Nature"]	["2001-08-23"]
Required	[{:family=>"Kröger", :given=>"N."}, {:others=>true}]	["Polycationic Peptides from Diatom Biosilica that Direct Silica Nanosphere Formation"]	article-journal	["Science"]	["1999-11-05"]
Required	[{:family=>"Aizenberg", :given=>"J."}, {:others=>true}]	["Skeleton of Euplectella sp.: Structural Hierarchy from the Nanoscale to the Macroscale"]	article-journal	["Science"]	["2005-07-08"]
Required	[{:family=>"Aizenberg", :given=>"J."}, {:others=>true}]	["Biological glass fibers: Correlation between optical and structural properties"]	article-journal	["PNAS"]	["2004-03-09"]
Required	[{:family=>"Weiner", :given=>"S."}, {:family=>"Wagner", :given=>"H.D."}]	["The Material Bone: Structure-Mechanical Function Relations"]	article-journal	["Annu Rev Mater Sci"]	["1998"]
Required	[{:family=>"Weiner", :given=>"S."}, {:others=>true}]	["Lamellar Bone: Structure-Function Relations"]	article-journal	["Journal of Structural Biology"]	["1999"]
Required	[{:family=>"Weiner", :given=>"S."}, {:others=>true}]	["Peritubular Dentin Formation: Crystal Organization and the Macromolecular Constituents in Human Teeth"]	article-journal	["Journal of Structural Biology"]	["1999"]
Optional		["Biomimetic Materials Chemistry"]			["1996"]
Optional	[{:family=>"Simkiss", :given=>"K."}, {:family=>"Wilbur", :given=>"K."}]	["Biomineralization: Cell Biology and Mineral Deposition"]			["1989"]
Optional	[{:family=>"Frankel", :given=>"R."}, {:family=>"Blackmore", :given=>"R."}]	["Iron Biominerals"]			["1991"]
Optional	[{:family=>"Smith", :given=>"B.L."}, {:others=>true}]	["Molecularmechanistic Origin of the Toughness of Natural Adhesives, Fibres and Composites"]	article-journal	["Nature"]	["1999-06-24"]
Optional	[{:family=>"Coyne", :given=>"K."}, {:others=>true}]	["Extensible Collagen in Mussel Byssus: A Natural Block Copolymer"]	article-journal	["Science"]	["1997-09-09"]
Optional	[{:family=>"Pennisi", :given=>"E."}]	["Biology Reveals New Ways To Hold on Tight"]	article-journal	["Science"]	["2002-04-12"]
Required	[{:family=>"Deming", :given=>"T.J."}]	["Mussel Byssus and Biomolecular Materials"]	article-journal	["Current Opinion in Chemical Biology"]	["1999"]
Required	[{:family=>"Autumn", :given=>"K."}, {:others=>true}]	["Evidence for van der Waals Adhesion in Gecko Setae"]	article-journal	["PNAS"]	["2002-09-17"]
Required	[{:family=>"Geim", :given=>"A.K."}, {:others=>true}]	["Microfabricated Adhesive Mimicking Gecko Foot-hair"]	article-journal	["Nature Materials"]	["2003-07"]
Required	[{:family=>"Autumn", :given=>"K."}]	["Adhesive Force of a Single Gecko Foot-hair"]	article-journal	["Nature"]	["2000-06-08"]
Required	[{:family=>"Schnur", :given=>"J.M."}]	["Lipid Tubules: A Paradigm for Molecularly Engineered Structures"]	article-journal	["Science"]	["1993-12-10"]
Required	[{:family=>"Mahadevan", :given=>"L."}]	["Non-stick Water"]	article-journal	["Nature"]	["2001-06-21"]
Required	[{:family=>"Lvov", :given=>"Y.M."}, {:others=>true}]	["Imaging Nanoscale Patterns on Biologically Derived Microstructures"]	article-journal	["Langmuir"]	["2000"]
Required	[{:family=>"Schnur", :given=>"J.M."}, {:others=>true}]	["Diacetylenic Lipid Tubules: Experimental Evidence for a Chiral Molecular Architecture"]	article-journal	["Science"]	["1994-05-13"]
Required	[{:family=>"Spector", :given=>"M.S."}, {:others=>true}]	["Chiral Self-Assembly of Nanotubules and Ribbons from Phospholipid Mixtures"]	article-journal	["Nano Letters"]	["2001"]
Required	[{:family=>"Watson", :given=>"J.D."}, {:family=>"Crick", :given=>"F.C.H."}]	["Molecular Structure of Nucleic Acids: A Structure for Deoxyribose Nucleic Acid"]	article-journal	["Nature"]	["1953-04-25"]
Required	[{:family=>"Wang", :given=>"A.H.J."}, {:others=>true}]	["Molecular Structure of a Left-Handed Double Helical DNA Fragment at Atomic Resolution"]	article-journal	["Nature"]	["1979-12-13"]
Required	[{:family=>"West", :given=>"M.W."}, {:others=>true}]	["De novo Amyloid Proteins from Designed Combinatorial Libraries"]	article-journal	["PNAS"]	["1999-09"]
Required	[{:family=>"Scheibel", :given=>"T."}, {:others=>true}]	["Bidirectional Amyloid Fiber Growth for a Yeast Prion Determinant"]	article-journal	["Current Biology"]	["2001-03-06"]
Required	[{:family=>"Nowak", :given=>"A.P."}, {:others=>true}]	["Rapidly Recovering Hydrogel Scaffolds from Self-assembling Diblock Copolypeptide Amphiphiles"]	article-journal	["Nature"]	["2002-05-23"]
Required	[{:family=>"Kisiday", :given=>"J."}, {:others=>true}]	["Self-assembling Peptide Hydrogel Fosters Chondrocyte Extracellular Matrix Production and Cell Division: Implications for Cartilage Tissue Repair"]	article-journal	["PNAS"]	["2002-07-23"]
Required	[{:family=>"Wei", :given=>"Y."}, {:others=>true}]	["Stably Folded De Novo Proteins from a Designed Combinatorial Library"]	article-journal	["Protein Science"]	["2003"]
Required	[{:family=>"Hamad-Schifferli", :given=>"K."}, {:others=>true}]	["Remote Electronic Control of DNA Hybridization through Inductive Coupling to an Attached Metal Nanocrystal Antenna"]	article-journal	["Nature"]	["2002-01-10"]
Required	[{:family=>"Alivisados", :given=>"A.P."}, {:others=>true}]	["Organization of ‘Nanocrystal Molecules’ Using DNA"]	article-journal	["Nature"]	["1996-08-15"]
Required	[{:family=>"Braun", :given=>"E."}, {:others=>true}]	["DNA-templated Assembly and Electrode Attachment of a Conducting Silver Wire"]	article-journal	["Nature"]	["1998-02-19"]
Required	[{:family=>"Yurke", :given=>"B."}, {:others=>true}]	["A DNA-fuelled Molecular Machine Made of DNA"]	article-journal	["Nature"]	["2000-08-10"]
Required	[{:family=>"Mao", :given=>"C."}]	["A Nanomechanical Device Based on the B-Z Transition of DNA"]	article-journal	["Nature"]	["1999-01-14"]
Required	[{:family=>"Winfree", :given=>"E."}, {:others=>true}]	["Design and Self-Assembly of Two-dimensional DNA Crystals"]	article-journal	["Nature"]	["1998-08-06"]
Required	[{:family=>"Whaley", :given=>"S.R."}, {:others=>true}]	["Selection of Peptides with Semiconductor Binding Specificity for Directed Nanocrystal Assembly"]	article-journal	["Nature"]	["2000-06-08"]
Required	[{:family=>"Chen", :given=>"J."}, {:family=>"Seeman", :given=>"N.C."}]	["Synthesis from DNA of a Molecule with the Connectivity of a Cube"]	article-journal	["Nature"]	["1991-04-18"]
Required	[{:family=>"Yang", :given=>"F."}, {:others=>true}]	["The Molecular Structure of Green Fluorescent Protein"]	article-journal	["Nature Biotechnology"]	["1996-10"]
Required	[{:family=>"Peelle", :given=>"B."}, {:others=>true}]	["Intracellular Protein Scaffold-mediated Display of Random Peptide Libraries for Phenotypic Screens in Mammalian Cells"]	article-journal	["Chemistry and Biology"]	["2001"]
Required	[{:family=>"Matz", :given=>"M.V."}, {:others=>true}]	["Fluorescent Proteins from Nonbioluminescent Anthozoa Species"]	article-journal	["Nature Biotechnology"]	["1999-10"]
Required	[{:family=>"Crameri", :given=>"A."}, {:others=>true}]	["Improved Green Fluorescent Protein by Molecular Evolution Using DNA Shuffling"]	article-journal	["Nature Biotechnology"]	["1996-03"]
Required	[{:family=>"Zhang", :given=>"S."}]	["Fabrication of Novel Biomaterials through Molecular Self-Assembly"]	article-journal	["Nature: Biotechnology"]	["2003-10"]
Required	[{:family=>"Zhang", :given=>"S."}]	["Emerging Biological Materials Through Molecular Self-Assembly"]	article-journal	["Biotechnology Advances"]	["2002"]
Required	[{:family=>"Zhang", :given=>"S."}, {:others=>true}]	["Spontaneous Assembly of a Self-Complementary Oligopeptide to Form a Stable Macroscopic Membrane"]	article-journal	["PNAS"]	["1993-04"]
Required	[{:family=>"Santoso", :given=>"S."}, {:others=>true}]	["Self-assembly of Surfactant-like Peptides with Variable Glycine Tails to Form Nanotubes and Nanovesicles"]	article-journal	["Nano Letters"]	["2002"]
Required	[{:family=>"Marini", :given=>"D.M."}, {:others=>true}]	["Left-Handed Helical Ribbon Intermediates in the Self-Assembly of a Beta-Sheet Peptide"]	article-journal	["Nano Letters"]	["2002"]
Required	[{:family=>"Vauthey", :given=>"S."}, {:others=>true}]	["Molecular Self-Assembly of Surfactant-Like Peptides to Form Nanotubes and Nanovesicles"]	article-journal	["PNAS"]	["2002-04-16"]
Required	[{:family=>"Holmes", :given=>"T.C."}, {:others=>true}]	["Extensive Neurite Outgrowth and Active Synapse Formation on Self-Assembling Peptide Scaffolds"]	article-journal	["PNAS"]	["2000-06-06"]
Required	[{:family=>"Aggeli", :given=>"A."}, {:others=>true}]	["Responsive Gels Formed by the Spontaneous Self-Assembly of Peptides into Polymeric Beta-sheet Tapes"]	article-journal	["Nature"]	["1997-03-20"]
Required	[{:family=>"Hartgerink", :given=>"Jeffrey D."}]	["Peptide-amphiphile Nanofibers: A Versatile Scaffold for the Preparation of Self-assembling Materials"]	article-journal	["PNAS"]	["2002-04-16"]
Required	[{:family=>"Robbins", :given=>"J."}]	["Second Nature: More and More, Innovative Scientists Are Turning to the Natural World for Inspiration&hellipand Design Solutions"]	article-journal	["Smithsonian"]	["2002-07"]
Required	[{:family=>"Ball", :given=>"P."}]	["Natural Strategies for the Molecular Engineer"]	article-journal	["Nanotechnology"]	["2002"]
Required	[{:family=>"Abbott", :given=>"A."}]	["Biology’s New Dimension"]	article-journal	["Nature"]	["2003-08-21"]
Required	[{:given=>"Editorial"}]	["Goodbye, Flat Biology?"]	article-journal	["Nature"]	["2003-08-21"]
Optional	[{:family=>"Aksay", :given=>"I."}, {:family=>"Sarikaya", :given=>"M."}]	["Biomimetics: Design and Processing of Materials"]			["1993"]
Optional	[{:family=>"Stryer", :given=>"L.Biochemistry"}]				["1995"]
Optional	[{:family=>"Zubay", :given=>"G.L."}]	["Biochemistry"]			["1993"]
Optional	[{:family=>"Matthews", :given=>"C.K."}, {:family=>"Holde", :given=>"K.E.", :particle=>"Van"}]	["Biochemistry"]			["1995"]
Optional	[{:family=>"Creighton", :given=>"T.E."}]	["Proteins: Structures and Molecular Properties"]			["1993"]
Optional	[{:family=>"Pauling", :given=>"L."}]	["The Nature of the Chemical Bond and the Structure of Molecules and Crystals"]	chapter	["An Introduction to Modern Structural Chemistry"]	["1960"]
Optional	[{:family=>"Dickerson", :given=>"R."}]	["The Structure and Action of Proteins"]			["1969"]
Optional		["Protein-based Materials"]			["1997"]
Optional	[{:family=>"Ball", :given=>"P."}]	["Life’s Matrix: A Biography of Water"]			["2001"]
Optional	[{:family=>"Aggeli", :given=>"A."}, {:others=>true}]	["Self-assembling Peptide Systems in Biology, Engineering and Medicine"]			["2001"]
