Required	[{:family=>"Ratner", :given=>"B.D."}, {:family=>"Hoffman", :given=>"A.S."}, {:family=>"Schoen", :given=>"F.J."}, {:family=>"Lemons", :given=>"J.E."}]	["Biomaterials Science"]			["1996"]
Required	[{:family=>"Fan", :given=>"L.T."}, {:family=>"Singh", :given=>"S.K."}]	["Controlled Release: A Quantitative Treatment"]			["1989"]
Required	[{:family=>"Flory", :given=>"P.J."}]	["Principles of Polymer Chemistry"]			["1953"]
Required	[{:family=>"Dinh", :given=>"S.M."}, {:family=>"DeNuzzio", :given=>"J.D."}, {:family=>"Comfort", :given=>"A.R."}]	["Intelligent Materials for Controlled Release"]			["1999"]
Required	[{:family=>"Yannas", :given=>"I.V."}]	["Tissue and Organ Regeneration in Adults"]			["2001"]
Required	[{:family=>"Lanza", :given=>"R.P."}, {:family=>"Langer", :given=>"R."}, {:family=>"Chick", :given=>"W.L."}]	["Principles of Tissue Engineering"]			["1997"]
Required	[{:family=>"Mann", :given=>"S.Biomineralization"}]	["Principles and Concepts in Bioinorganic Materials Chemistry"]			["2002"]
Required	[{:family=>"Mortimer", :given=>"R.G."}]	["Physical Chemistry"]			["2000"]
Required	[{:family=>"Saltzman", :given=>"W.M."}]	["Drug Delivery: Engineering Principles for Drug Therapy"]			["2001"]
Required	[{:family=>"Burkersroda", :given=>"F.", :particle=>"von"}, {:family=>"Schedl", :given=>"L."}, {:family=>"Gopferich", :given=>"A."}]	["Why Degradable Polymers Undergo Surface Erosion or Bulk Erosion"]	article-journal	["Biomaterials"]	["2002-11"]
Optional		["Structure"]	chapter	["Chapter 4 in Introduction to Polymers"]	["2000"]
Required	[{:family=>"Saltzman", :given=>"W.Mark"}, {:family=>"Olbricht", :given=>"W.L."}]	["Building Drug Delivery into Tissue Engineering"]	article-journal	["Nat Rev Drug Discov"]	["2002-03"]
Required	[{:family=>"Saltzman", :given=>"W.Mark"}, {:family=>"Olbricht", :given=>"W.L."}]	["Drug Administration and Drug Effectiveness"]	chapter	["Chapter 2 in Drug Delivery: Engineering Principles for Drug Therapy (Topics in Chemical Engineering"]	["2001"]
Required	[{:family=>"Charlier", :given=>"A."}, {:family=>"Leclerc", :given=>"B."}, {:family=>"Couarraze", :given=>"G."}]	["Release of Mifepristone from Biodegradable Matrices: Experimental and Theoretical Evaluations"]	article-journal	["Int J Pharm"]	["2000-04-25"]
Required	[{:family=>"Santini", :given=>"J.T.", :suffix=>"Jr."}, {:family=>"Richards", :given=>"A.C."}, {:family=>"Scheidt", :given=>"R."}, {:family=>"Cima", :given=>"M.J."}, {:family=>"Langer", :given=>"R."}]	["Microchips as Controlled Drug-Delivery Devices"]	article-journal	["Angew Chem Int Ed Engl"]	["2000-07-17"]
Required	[{:family=>"Peppas", :given=>"N.A."}, {:family=>"Huang", :given=>"Y."}, {:family=>"Torres-Lugo", :given=>"M."}, {:family=>"Ward", :given=>"J.H."}, {:family=>"Zhang", :given=>"J."}]	["Physicochemical Foundations and Structural Design of Hydrogels in Medicine and Biology"]	article-journal	["Annu Rev Biomed Eng"]	["2000"]
Required	[{:family=>"Flory", :given=>"Paul J."}]	["Principles of Polymer Chemistry"]			["1953"]
Required	[{:family=>"Ron", :given=>"E.S."}, {:family=>"Bromberg", :given=>"L.E."}]	["Temperature-responsive Gels and Thermogelling Polymer Matrices for Protein and Peptide Delivery"]	article-journal	["Adv Drug Deliv Rev"]	["1998-05-04"]
Required	[{:family=>"Chandler", :given=>"D."}]	["Interfaces and the Driving Force of Hydrophobic Assembly"]	article-journal	["Nature"]	["2005-09-29"]
Required	[{:family=>"De", :given=>"S.K."}, {:family=>"Aluru", :given=>"N.R."}, {:family=>"Johnson", :given=>"B."}, {:family=>"Crone", :given=>"W.C."}, {:family=>"Beebe", :given=>"D.J."}, {:family=>"Moore", :given=>"J."}]	["Equilibrium Swelling and Kinetics of pH-responsive Hydrogels: Models, Experiments, and Simulations"]	article-journal	["Journal of Microelectromechanical Systems"]	["2002-10"]
Optional	[{:family=>"Lustig", :given=>"Steven R."}, {:family=>"Peppas", :given=>"Nikolaos A."}]	["Solute Diffusion in Swollen Membranes. IX. Scaling Laws for Solute Diffusion in Gels"]	article-journal	["Journal of Applied Polymer Science"]	["1988-08-05"]
Optional	[{:family=>"Canal", :given=>"T."}, {:family=>"Peppas", :given=>"N.A."}]	["Correlation between Mesh Size and Equilibrium Degree of Swelling of Polymeric Networks"]	article-journal	["J Biomed Mater Res"]	["1989-10"]
Optional	[{:family=>"Hirano", :given=>"Y."}, {:family=>"Mooney", :given=>"D.J."}]	["Peptide and Protein Presenting Materials for Tissue Engineering"]	article-journal	["Advanced Materials"]	["2004-01"]
Optional	[{:family=>"Discher", :given=>"D.E."}, {:family=>"Janmey", :given=>"P."}, {:family=>"Wang", :given=>"Y.L."}]	["Tissue Cells Feel and Respond to the Stiffness of their Substrate"]	article-journal	["Science"]	["2005-11-18"]
Optional		["The Extracellular Matrix"]	chapter	["Molecular Biology of the Cell"]	["1999-10"]
Optional	[{:family=>"Schense", :given=>"J.C."}, {:family=>"Bloch", :given=>"J."}, {:family=>"Aebischer", :given=>"P."}, {:family=>"Hubbell", :given=>"J.A."}]	["Enzymatic Incorporation of Bioactive Peptides into Fibrin Matrices Enhances Neurite Extension"]	article-journal	["Nat Biotechnol"]	["2000-04"]
Required	[{:family=>"Mann", :given=>"Stephen"}]	["Biomineralization: Principles and Concepts in Bioinorganic Materials Chemistry"]			["2002"]
Required	[{:family=>"Mann", :given=>"Stephen"}]	["Biomineralization: Principles and Concepts in Bioinorganic Materials Chemistry"]			["2002"]
Optional	[{:family=>"Allen", :given=>"Samuel M."}, {:family=>"Thomas", :given=>"Edwin L."}]	["The Structure of Materials (MIT Series in Materials Science and Engineering"]			["1999"]
Required	[{:family=>"Vogel", :given=>"Viola"}]	["Reverse Engineering: Learning from Proteins How to Enhance the Performance of Synthetic Nanosystems"]	article-journal	["MRS Bulletin"]	["2002-12"]
Required	[{:family=>"Hammer", :given=>"Daniel A."}, {:family=>"Discher", :given=>"Dennis E."}]	["Synthetic Cells-Self-Assembling Polymer Membranes and Bioadhesive Colloids_"]	article-journal	["_Annual Review of Materials Research"]	["2001-08"]
Required	[{:family=>"M.", :given=>"Allen T."}, {:family=>"Cullis", :given=>"P.R."}]	["Drug Delivery Systems: Entering the Mainstream"]	article-journal	["Science"]	["2004-03-19"]
Required	[{:family=>"Stolnik", :given=>"S."}, {:family=>"Illum", :given=>"L."}, {:family=>"Davis", :given=>"S.S."}]	["Long Circulating Microparticulate Drug Carriers"]	article-journal	["Advanced Drug Delivery Reviews"]	["1995-09"]
Optional	[{:family=>"Halperin", :given=>"A."}]	["Polymer Brushes that Resist Adsorption of Model Proteins: Design Parameters"]	article-journal	["Langmuir"]	["1999"]
Optional	[{:family=>"Efremova", :given=>"Nadezhda V."}, {:family=>"Bondurant", :given=>"Bruce"}, {:family=>"O’Brien", :given=>"David F."}, {:family=>"Leckband", :given=>"Deborah E."}]	["Measurements of Interbilayer Forces and Protein Adsorption on Uncharged Lipid Bilayers Displaying Poly(ethylene glycol) Chains"]	article-journal	["Biochemistry"]	["2000"]
Optional	[{:family=>"Plotkin", :given=>"Stanley A."}, {:family=>"Orenstein", :given=>"Walter A."}, {:family=>"Offit", :given=>"Paul A."}]	["The Immunology of Vaccination"]	chapter	["Vaccines"]	["2003"]
Required	[{:family=>"Abbas", :given=>"Abul K."}, {:family=>"Lichtman", :given=>"Andrew H."}, {:family=>"Pober", :given=>"Jordan S."}]	["General Properties of Immune Responses"]	chapter	["Cellular and Molecular Immunology"]	["2000"]
Required	[{:family=>"Raychaudhuri", :given=>"S."}, {:family=>"Rock", :given=>"K.L."}]	["Fully Mobilizing Host Defense: Building Better Vaccines"]	article-journal	["Nat Biotechnol"]	["1998-11"]
Required	[{:family=>"Wang", :given=>"C."}, {:family=>"Ge", :given=>"Q."}, {:family=>"Ting", :given=>"D."}, {:family=>"Nguyen", :given=>"D."}, {:family=>"Shen", :given=>"H.R."}, {:family=>"Chen", :given=>"J."}, {:family=>"Eisen", :given=>"H.N."}, {:family=>"Heller", :given=>"J."}, {:family=>"Langer", :given=>"R."}, {:family=>"Putnam", :given=>"D."}]	["Molecularly Engineered Poly (ortho ester) Microspheres for Enhanced Delivery of DNA Vaccines"]	article-journal	["Nat Mater"]	["2004-03"]
Required	[{:family=>"Pack", :given=>"D.W."}, {:family=>"Hoffman", :given=>"A.S."}, {:family=>"Pun", :given=>"S."}, {:family=>"Stayton", :given=>"P.S."}]	["Design and Development of Polymers for Gene Delivery"]	article-journal	["Nat Rev Drug Discov"]	["2005-07"]
Required	[{:family=>"Carter", :given=>"P."}]	["Improving the Efficacy of Antibody-based Cancer Therapies"]	article-journal	["Nat Rev Cancer"]	["2001-11"]
