author	title	type	collection	year	_merge	category
"[{:family=>""Alley"", :given=>""Richard""}]"	Abrupt Climate Changes: Oceans	article-journal	Oceanography	2004-12	both	Required
"[{:family=>""Schrag"", :given=>""D.P.""}, {:family=>""Alley"", :given=>""R.B.""}]"	Ancient Lessons for Our Future Climate	article-journal	Science	2004-10-29	both	Required
"[{:family=>""Alley"", :given=>""R.""}, {:family=>""Clark"", :given=>""P.U.""}, {:family=>""Huybrechts"", :given=>""P.""}, {:family=>""Joughin"", :given=>""I.""}]"	Ice-Sheet and Sea-Level Changes	article-journal	Science	2005-10-21	both	Required
"[{:family=>""Anandakrishnan"", :given=>""S.""}, {:family=>""Voigt"", :given=>""D.E.""}, {:family=>""Alley"", :given=>""R.B.""}]"	Ice Stream D Flow Speed is Strongly Modulated by the Tide Beneath the Ross Ice Shelf	article-journal	Geophysical Research Letters	2003	both	Required
"[{:family=>""Bindschadler"", :given=>""Robert A.""}, {:family=>""King"", :given=>""Matt A.""}, {:family=>""Alley"", :given=>""Richard B.""}, {:family=>""Anandakrishnan"", :given=>""Sridhar""}]"	Tidally Controlled Stick-slip Discharge of a West Antarctic Ice Stream	article-journal	Science	2003-08-22	both	Required
"[{:family=>""Alley"", :given=>""R.B.""}, {:family=>""Anandakrishnan"", :given=>""S.""}, {:family=>""Dupont"", :given=>""T.K.""}, {:family=>""Parizek"", :given=>""B.R.""}]"	Ice Streams-Fast	chapter	Department of Geosciences and EMS Environment Institute		both	Required
"[{:family=>""Doake"", :given=>""C.S.M.""}, {:family=>""Corr"", :given=>""H.F.J.""}, {:family=>""Nicholls"", :given=>""K.W.""}, {:family=>""Gaffikin"", :given=>""A.""}, {:family=>""Jenkins"", :given=>""A.""}]"	Tide-induced Lateral Movement of Brunt Ice Shelf	article-journal	Geophysical Research Letters	2002	both	Required
"[{:family=>""Dash"", :given=>""J.G.""}, {:family=>""Rempel"", :given=>""A.W.""}, {:family=>""Wettlaufer"", :given=>""J.S.""}]"	The Physics of Permelted Ice and its Geophysical Consequences	article-journal	Rev Mod Phys In Press (February		both	Required
"[{:family=>""Joughin"", :given=>""Ian""}, {:family=>""Tulaczyk"", :given=>""Slawek""}]"	Positive Mass Balance of the Ross Ice Streams	article-journal	Science	2002-01-18	both	Required
"[{:family=>""Joughin"", :given=>""Ian""}, {:family=>""Abdalati"", :given=>""Waleed""}, {:family=>""Fahnestock"", :given=>""Mark""}]"	Large Fluctuations in Speed on Greenland’s Jakobshavn Isbræ Glacier	article-journal	Nature	2004-12-02	both	Required
"[{:family=>""Hulbe"", :given=>""Christina L.""}, {:family=>""MacAyeal"", :given=>""Douglas R.""}, {:family=>""Denton"", :given=>""George H.""}, {:family=>""Kleman"", :given=>""Johan""}, {:family=>""Lowell"", :given=>""Thomas V.""}]"	Catastrophic Ice Shelf Breakup as the Source of Heinrich Event Icebergs	article-journal	Paleoceanography	2004	both	Required
"[{:family=>""Scambos"", :given=>""Ted""}, {:family=>""Hulbe"", :given=>""Christina""}, {:family=>""Fahnestock"", :given=>""Mark""}]"	Climate-Induced Ice Shelf Disintegration In The Antarctic Peninsula	chapter	Paleobiology and Paleoenvironments of Eoscene Rocks-Antarctic Research Series	2003	both	Required
"[{:family=>""Ekstrom"", :given=>""Goran""}, {:family=>""Nettles"", :given=>""Meredith""}, {:family=>""Tsai"", :given=>""Victor C.""}]"	Seasonality and Increasing Frequency of Greenland Glacial Earthquakes				both	Required
"[{:family=>""Thompson"", :given=>""Lonnie G.""}, {:family=>""Davis"", :given=>""Mary E.""}, {:family=>""Mosley-Thompson"", :given=>""Ellen""}, {:family=>""Lin"", :given=>""Ping-Nan""}, {:family=>""Henderson"", :given=>""Keith A.""}, {:family=>""Mashiotta"", :given=>""Tracy A.""}]"	Tropical Ice Core Records: Evidence for Asynchronous Glaciation on Milankovitch Timescales	article-journal	Journal of Quaternary Science	2005	both	Required
	Tropical Glacier and Ice Core Evidence of Climate Change on Annual to Millennial Time Scales	article-journal	Climatic Change	2003	left_only	Required
"[{:family=>""Thompson"", :given=>""L.G.""}, {:family=>""Mosley-Thompson"", :given=>""E.""}, {:family=>""Davis"", :given=>""M.E.""}, {:family=>""Henderson"", :given=>""K.A.""}, {:family=>""Brecher"", :given=>""H.H.""}, {:family=>""Zagorodnov"", :given=>""V.S.""}, {:family=>""Mashiotta"", :given=>""T.A.""}, {:family=>""Lin"", :given=>""P.-N.""}, {:family=>""Mikhalenko"", :given=>""V.N.""}, {:family=>""Hardy"", :given=>""D.R.""}, {:family=>""Beer"", :given=>""J.""}]"	Kilimanjaro Ice Core Records: Evidence of Holocene Climate Change in Tropical Africa	article-journal	Science	2002	both	Required
"[{:family=>""Priscu"", :given=>""J.C.""}, {:family=>""Christner"", :given=>""B.C.""}]"	Earth’s icy biosphere. In “Microbial Diversity and Bioprospecting			2004	both	Required
"[{:family=>""Priscu"", :given=>""John C.""}, {:family=>""Fritsen"", :given=>""Christian H.""}, {:family=>""Adams"", :given=>""Edward E.""}, {:family=>""Giovannoni"", :given=>""Stephen J.""}, {:family=>""Paerl"", :given=>""Hans W.""}, {:family=>""McKay"", :given=>""Christopher P.""}, {:family=>""Doran"", :given=>""Peter T.""}, {:family=>""Gordon"", :given=>""Douglas A.""}, {:family=>""Lanoil"", :given=>""Brian D.""}, {:family=>""Pinckney"", :given=>""James L.""}]"	Perennial Antarctic Lake Ice: An Oasis for Life in a Polar Desert	article-journal	Science	1998-06-26	both	Required
"[{:family=>""Priscu"", :given=>""John C.""}, {:family=>""Adams"", :given=>""Edward E.""}, {:family=>""Lyons"", :given=>""W.Berry""}, {:family=>""Voytek"", :given=>""Mary A.""}, {:family=>""Mogk"", :given=>""David W.""}, {:family=>""Brown"", :given=>""Robert L.""}, {:family=>""McKay"", :given=>""Christopher P.""}, {:family=>""Takacs"", :given=>""Cristina D.""}, {:family=>""Welch"", :given=>""Kathy A.""}, {:family=>""Wolf"", :given=>""Craig F.""}, {:family=>""Kirshtein"", :given=>""Julie D.""}, {:family=>""Avci"", :given=>""Recep""}]"	Geomicrobiology of Subglacial Ice Above Lake Vostok	article-journal	Science	1999-12-10	both	Required
"[{:family=>""Overpeck"", :given=>""Jonathan T.""}, {:family=>""Otto-Bliesner"", :given=>""Bette L.""}, {:family=>""Miller"", :given=>""Gifford H.""}, {:family=>""Muhs"", :given=>""Daniel R.""}, {:family=>""Alley"", :given=>""Richard B.""}, {:family=>""Kiehl"", :given=>""Jeffrey T.""}]"	Paleoclimatic Evidence for Future Ice-sheet Instability and Rapid Sea-level Rise	article-journal	Science	2006	both	Required
	ACIA: Impacts of a warming Arctic	book		2004	both	Required
"[{:family=>""human"", :given=>""C.A.""}, {:family=>""Zwally"", :given=>""H.J.""}, {:family=>""Schutz"", :given=>""B.E.""}, {:family=>""Brenner"", :given=>""A.C.""}, {:family=>""DiMarzio"", :given=>""J.P.""}, {:family=>""Suchdeo"", :given=>""V.P.""}, {:family=>""Fricker"", :given=>""H.A.""}]"	ICESat Antarctic Elevation Data: Preliminary Precision and Accuracy Assessment	article-journal	Geophysical Research Letters	2006	left_only	Required
"[{:family=>""Schulson"", :given=>""Erland M.""}]"	Brittle Failure of Ice	article-journal	Engineering Fracture Mechanics	2001	both	Required
	The Fracture of Water Ice Ih: A Short Overview	article-journal	Meteoritics and Planetary Science	2006-04	left_only	Required
"[{:family=>""Hoffman"", :given=>""Paul F.""}, {:family=>""Schrag"", :given=>""Daniel P.""}]"	The Snowball Earth Hypothesis: Testing the Limits of Global Change	article-journal	Terra Nova	2002	both	Required
"[{:family=>""Pollard"", :given=>""David""}, {:family=>""Kasting"", :given=>""James F.""}]"	Snowball Earth: A Thin-ice Solution with Flowing Sea Glaciers	article-journal	Journal of Geophysical Research	2005	both	Required
"[{:family=>""Donnadieu"", :given=>""Yannick""}, {:family=>""Fluteau"", :given=>""Frederic""}, {:family=>""Ramstein"", :given=>""Gilles""}, {:family=>""Ritz"", :given=>""Catherine""}, {:family=>""Besse"", :given=>""Jean""}]"	Is There a Conflict Between the Neoproterozoic Glacial Deposits and the Snowball Earth Interpretation: An Improved Understanding with Numerical Modeling	article-journal	Earth and Planetary Science Letters	2003	both	Required
"[{:family=>""Flowers"", :given=>""Gwenn E.""}, {:family=>""Björnsson"", :given=>""Helgi""}, {:family=>""Palsson"", :given=>""Finnur""}]"	A Coupled Sheet-conduit Mechanism for Jokulhlaup Propagation	article-journal	Geophysical Research Letters		both	Required
"[{:family=>""Björnsson"", :given=>""Helgi""}, {:family=>""Einarsson"", :given=>""Pall""}]"	Volcanoes Beneath Vatnajokull	article-journal	Jokull	1990	both	Required
"[{:family=>""Björnsson"", :given=>""Helgi""}, {:family=>""Palsson"", :given=>""Finnur""}, {:family=>""Guomundsson"", :given=>""Magnus T.""}]"	Surface and Bedrock Topography of the Myrdalsjokull Ice Cap	article-journal	Jokull		both	Required
"[{:family=>""Björnsson"", :given=>""Helgi""}]"	Subglacial Lakes and Jokulhlaups in Iceland	article-journal	Global and Planetary Change	2002	both	Required
"[{:family=>""Hemming"", :given=>""Sidney R.""}]"	Heinrich Events: Massive Late Pleistocene Detritus Layers Of The North Atlantic and Their Global Climate Imprint	article-journal	Review of Geophysics	2004	both	Required
	Arctic Climate Impact Assessment			2005	left_only	Optional
	Mass Balance of the Cryosphere. Observations and Modeling of Contemporary and Future Changes	book		2004	both	Optional
"[{:family=>""Flannery"", :given=>""Tim""}]"	The Weather Makers. How Man is Changing the Climate and What it Means for Life on Earth	book		2005	both	Optional
"[{:family=>""Tsemekhman"", :given=>""V.""}, {:family=>""Wettlaufer"", :given=>""J.S.""}]"	Singularities	chapter	Studies In Applied Mathematics 110	2003	both	Optional
"[{:family=>""Ekstrom"", :given=>""Goran""}, {:family=>""Nettles"", :given=>""Meredith""}, {:family=>""Abers"", :given=>""Geoffrey A.""}]"	Glacial Earthquakes	article-journal	Science	2003-10-24	both	Optional
"[{:family=>""Priscu"", :given=>""John C.""}, {:family=>""Christner"", :given=>""Brent C.""}, {:family=>""Foreman"", :given=>""Christine M.""}, {:family=>""Royston-Bishop"", :given=>""George""}]"	Biological Material in Ice Cores	chapter	Revision Submitted to Encyclopedia of Quaternary Sciences	2006-01-03	both	Optional
"[{:family=>""Doran"", :given=>""Peter T.""}, {:family=>""Fritsen"", :given=>""Christian H.""}, {:family=>""McKay"", :given=>""Christopher P.""}, {:family=>""Priscu"", :given=>""John C.""}, {:family=>""Adams"", :given=>""Edward E.""}]"	Formation and Character of an Ancient 19-m Ice Cover and Underlying Trapped Brine in an “Ice-sealed” East Antarctic Lake	article-journal	PNAS	2003-01-07	both	Optional
"[{:family=>""Siegert"", :given=>""Martin J.""}, {:family=>""Ellis-Evans"", :given=>""J.Cynan""}, {:family=>""Tranter"", :given=>""Martyn""}, {:family=>""Mayer"", :given=>""Christoph""}, {:family=>""Petit"", :given=>""Jean-Robert""}, {:family=>""Salamatink"", :given=>""Andrey""}, {:family=>""Priscu"", :given=>""John C.""}]"	Physical	article-journal	Nature	2001-12-06	both	Optional
"[{:family=>""Priscu"", :given=>""J.C.""}, {:family=>""Kennicutt"", :given=>""M.C."", :suffix=>""II""}, {:family=>""Bell"", :given=>""R.E.""}, {:family=>""Bulat"", :given=>""S.A.""}, {:family=>""Ellis-Evans"", :given=>""J.C.""}, {:family=>""Lukin"", :given=>""V.V.""}, {:family=>""Petit"", :given=>""J.-R.""}, {:family=>""Powell"", :given=>""R.D.""}, {:family=>""Siegert"", :given=>""M.J.""}, {:family=>""Tabacco"", :given=>""I.""}]"	Exploring Subglacial Antarctic Lake Environments	article-journal	EOS	2005-05-17	both	Optional
"[{:literal=>""———.""}]"	Tropical Glacier and Ice Core Evidence of Climate Change on Annual to Millennial Time Scales	article-journal	Climatic Change	2003	right_only	Required
"[{:family=>""Shuman"", :given=>""C.A.""}, {:family=>""Zwally"", :given=>""H.J.""}, {:family=>""Schutz"", :given=>""B.E.""}, {:family=>""Brenner"", :given=>""A.C.""}, {:family=>""DiMarzio"", :given=>""J.P.""}, {:family=>""Suchdeo"", :given=>""V.P.""}, {:family=>""Fricker"", :given=>""H.A.""}]"	ICESat Antarctic Elevation Data: Preliminary Precision and Accuracy Assessment	article-journal	Geophysical Research Letters	2006	right_only	Required
"[{:literal=>""———.""}]"	The Fracture of Water Ice Ih: A Short Overview	article-journal	Meteoritics and Planetary Science	2006-04	right_only	Required
	Arctic Climate Impact Assessment	book		2005	right_only	Optional
