Optional	[{:family=>"Hoerner", :given=>"S."}]	["Fluid Dynamic Drag"]			["1993"]
Optional		["Fluid Dynamic Lift"]			["1992"]
Optional	[{:family=>"Blevins", :given=>"R."}]	["Applied Fluid Dynamics Handbook"]			["1984"]
Optional		["Principles of Naval Architecture"]			["1967"]
Optional	[{:family=>"Fossen", :given=>"T."}]	["Guidance and Control of Ocean Vehicles"]			["1994"]
Optional	[{:family=>"Morgan", :given=>"M."}]	["Dynamic Positioning of Offshore Vessels"]			["1978"]
Optional	[{:family=>"Ogata", :given=>"K."}]	["Modern Control Engineering"]			["2001"]
