Required	[{:family=>"Panton", :given=>"Ronald L."}]	["Incompressible Flow"]			["2013"]
Required	[{:family=>"Kundu", :given=>"Pijush K."}, {:family=>"Cohen", :given=>"Ira M."}]	["Fluid Mechanics"]			["2015"]
Required	[{:family=>"Fay", :given=>"James A."}]	["Introduction to Fluid Mechanics"]			["1994"]
Optional	[{:family=>"Eggers", :given=>"Jens"}, {:family=>"Villermaux", :given=>"Emmanuel"}]	["ÄúPhysics of Liquid Jets.‚Äù Reports on Progress in Physics 71"]			["2008"]
Optional	[{:family=>"Website", :given=>"Prof John Bush‚Äôs"}]	["Professor John Bush has many images of surface tension related phenomena, including water striders walking, jumping"]			
Optional	[{:family=>"Woodward", :given=>"Ian"}]	["ÄúPlant Science"]	article-journal	["Tall Storeys.‚Äù Nature"]	["2004"]
Optional	[{:family=>"Thoroddsen", :given=>"S.T."}, {:family=>"Takehara", :given=>"K."}]	["ÄúThe Coalescence Cascade of a Drop.‚Äù Physics of Fluids 12"]			["2000"]
Optional	[{:literal=>"Anderson Jr."}]	["John D"]	article-journal	["‚ÄúLudwig Prandtl‚Äôs Boundary Layer.‚Äù Physics Today"]	["2005"]
Optional	[{:family=>"Avila", :given=>"Kerstin"}, {:family=>"Moxey", :given=>"David"}, {:others=>true}]	["ÄúThe Onset of Turbulence in Pipe Flow.‚Äù"]	article-journal	["Science"]	["2011"]
Optional	[{:family=>"Zeidan", :given=>"F.Y."}, {:family=>"Jain", :given=>"Dilip"}]	["ÄúApplication of Hydrodynamic Thrust Bearings in Submersible Pumps.‚Äù Paper presented at the ESP Workshop held in"]			["2000-04-26"]
Optional	[{:family=>"McHugh", :given=>"Jim"}]	["ÄúAlbert Kingsbury ‚Äì His"]	article-journal	["Life and Times.‚Äù Sound & Vibration"]	["2003-10"]
Optional	[{:family=>"Bird", :given=>"R.Byron"}, {:family=>"Armstrong", :given=>"Robert C."}, {:family=>"Hassager", :given=>"Ole"}]	["Dynamics of Polymeric Liquids, Fluid Mechanics"]			["1987"]
Optional	[{:family=>"Newman", :given=>"John Nicholas"}]	["ÄúHydrodynamic Pressure Forces.‚Äù Section 4.12 in Marine Hydrodynamics"]			["1977"]
Optional	[{:family=>"Astarita", :given=>"Gianni"}, {:family=>"Mackay", :given=>"Michael E."}]	["ÄúThe Generalized Engineering Bernoulli Equation (GEBE) and the First and Second Laws of Thermodynamics for Viscoelastic"]	article-journal	["Fluids.‚Äù Journal of Rheology"]	["1996"]
Optional	[{:family=>"Tritton", :given=>"D.J."}]	["Physical Fluid Dynamics"]			["2013"]
Optional	[{:family=>"Schlichting", :given=>"H."}, {:family=>"Gersten", :given=>"K."}]	["Boundary Layer Theory"]			["2000"]
Optional		["Multimedia Fluid Mechanics"]			["2011"]
Optional	[{:family=>"Matthews", :given=>"Jermey N."}]	["A"]	article-journal	["‚ÄúLow-drag Suit Propels Swimmers.‚Äù Physics Today 61"]	["2008"]
Optional	[{:family=>"Pope", :given=>"Stephen B."}]	["Turbulent Flows"]			["2000"]
Optional	[{:family=>"Vincenti", :given=>"Walter G."}]	["ÄúControl-volume Analysis: A Difference in Thinking Between Engineering and Physics.‚Äù Technology and Culture 23"]			["1982"]
