Required	[{:family=>"Bird", :given=>"R.B."}, {:family=>"Armstrong", :given=>"R.C."}, {:family=>"Hassager", :given=>"O."}]	["Dynamics of Polymeric Liquids"]			["1987"]
Optional	[{:literal=>"Reiner, M. ‚ÄúThe Deborah Number.‚Äù"}]		article-journal	["Physics Today"]	["1964"]
Optional	[{:family=>"Dealy", :given=>"John M."}]	["ÄúWeissenberg and Deborah Numbers Their Definition and Use.‚Äù"]	article-journal	["Rheology Bulletin"]	["2010"]
Optional	[{:family=>"Bilmes", :given=>"L."}]	["ÄúThe Rheological Chart.‚Äù Nature 150"]			["1942"]
Optional	[{:family=>"Sella", :given=>"Andrea"}]	["ÄúClassic Kit: Weissenberg‚Äôs Camera,‚Äù"]	book		["2011-11"]
Optional	[{:family=>"Denn", :given=>"Morton"}]	["Äú50 Years of Non-Newtonian Fluid Dynamics.‚Äù"]	article-journal	["AIChE Journal"]	["2004"]
Optional	[{:family=>"Wagner", :given=>"N.J."}, {:family=>"Brady", :given=>"J.F."}]	["ÄúShear-Thickening in Colloidal Dispersions.‚Äù Physics Today 62"]			["2009"]
Optional	[{:family=>"Balmforth", :given=>"Frigaard"}, {:others=>true}]	["ÄúYielding to Stress: Recent Developments in Viscoplastic Fluid Mechanics.‚Äù"]	article-journal	["Annual Review of Fluid Mechanics"]	["2014"]
Optional	[{:family=>"Ward", :given=>"Ian M."}]	["Chapter 5 in Mechanical Properties of Solid Polymers"]			["1983"]
Optional	[{:family=>"Rubinstein", :given=>"M."}, {:family=>"Colby", :given=>"R.H."}]	["Chapter 8 in Polymer Physics"]			["2003"]
Optional	[{:family=>"Chandrasekhar", :given=>"S."}]	["ÄúStochastic Processes in Physics and"]	article-journal	["Astronomy.‚Äù Reviews of Modern Physics"]	["1943"]
Optional	[{:given=>"Gennes"}]	["Pierre-Gilles de"]	article-journal	["‚ÄúEntangled Polymers.‚Äù Physics Today"]	["1983"]
Optional	[{:family=>"Lodge", :given=>"T.P."}, {:family=>"Muthukumar", :given=>"M."}]	["ÄúPhysical Chemistry of Polymers: Entropy"]	article-journal	["Interactions, and Dynamics.‚Äù The Journal of Physical Chemistry"]	["1996"]
Optional	[{:family=>"Rubinstein"}, {:given=>"Colby"}]	["Chapter 9 in Polymer Physics (Chemistry"]			["2003"]
Optional	[{:family=>"Malkin", :given=>"A.Ya"}]	["ÄúThe State of the Art in the Rheology of Polymers: Achievements and Challenges.‚Äù Polymer Science Series A 51"]			["2009"]
Optional	[{:family=>"Prakash", :given=>"J.Ravi"}]	["ÄúMicro and Macro in the Dynamics of Dilute Polymer Solution.‚Äù Korea-Australia"]	article-journal	["Rheology Journal"]	["2009"]
Optional	[{:family=>"Larson", :given=>"R.G."}]	["Constitutive Equations for Polymer Melts and Solutions: Butterworths Series in Chemical Engineering"]			["2013"]
Optional	[{:given=>"Äî‚Äî‚Äî"}]	["The Structure and Rheology of Complex Fluids, Topics in Chemical Engineering"]	book		["1999"]
Optional	[{:family=>"Morrison", :given=>"F."}]	["Understanding Rheology"]			["2001"]
Optional	[{:family=>"Doi", :given=>"M."}, {:family=>"Edwards", :given=>"S.F."}]	["The Theory of Polymer Dynamics"]			["1986"]
Optional	[{:family=>"Graessley", :given=>"W.W."}]	["Polymeric Liquids & Networks: Dynamics and Rheology"]			["2008"]
Optional	[{:family=>"Tanner", :given=>"R.I."}]	["Engineering Rheology (Oxford Engineering Science Series"]			["2000"]
Optional	[{:family=>"Walters", :given=>"K."}]	["Rheometry"]			["1975"]
Optional	[{:family=>"Probstein", :given=>"R.F."}]	["Physicochemical Hydrodynamics: An Introduction"]			["1994"]
Optional	[{:family=>"Ferry", :given=>"J.D."}]	["Viscoelastic Properties of Polymers"]			["1980"]
