Required	[{:family=>"Chen", :given=>"Gang"}]	["Nanoscale Energy Transport and Conversion: A Parallel Treatment of Electrons, Molecules, Phonons, and Photons"]			["2005"]
Optional	[{:family=>"Griffiths", :given=>"D.J."}]	["Quantum Mechanics"]	chapter	["Introduction to Quantum Mechanics"]	["1994"]
Optional	[{:family=>"Kittel", :given=>"C."}]	["Solid-State Physics"]	chapter	["Introduction to Solid State Physics"]	["1995"]
Optional	[{:family=>"Born", :given=>"M."}, {:family=>"Wolf", :given=>"E."}]	["Electromagnetism"]	chapter	["Principles of Optics: Electromagnetic Theory of Propagation, Interference and Diffraction of Light"]	["1999"]
Optional	[{:family=>"Sze", :given=>"S.M."}]	["Electronics"]	chapter	["Physics of Semiconductor Devices"]	["1981"]
Optional	[{:family=>"Kittel", :given=>"C."}, {:family=>"Kroemer", :given=>"H."}]	["Thermal Physics"]	chapter	["Thermal Physics"]	["1980"]
Optional	[{:family=>"Vincenti", :given=>"W.G."}, {:family=>"Kruger", :given=>"C.H.", :suffix=>"Jr"}]	["Kinetic Theory"]	chapter	["Introduction to Physical Gas Dynamics"]	["1975"]
