Required	[{:family=>"Sussman", :given=>"Joseph"}]	["Introduction to Transportation Systems"]			["2000"]
Optional		["TRB Executive Committee"]	chapter	["‚ÄúCritical Issues in Transportation 2005.‚Äù"]	
Optional		["United States Department of Transportation"]	chapter	["‚ÄúThe Secretary‚Äôs Vision.‚Äù Department of Transportation Strategic Plan 2003-2008, September 2003"]	
Optional		["Federal Transportation Advisory Board"]			
Optional	[{:family=>"Sussman", :given=>"Joseph M."}]	["ÄúEducating the New Transportation Professional.‚Äù ITS Quarterly"]			["1995"]
Optional	[{:family=>"Pisarski", :given=>"Alan E."}]	["ÄúPrescriptions for Research: Reviewing the History of TRB‚Äôs Critical Issues in Transportation.‚Äù TR"]	article-journal	["News"]	["2003-05"]
Optional	[{:family=>"Board", :given=>"Transportation Research"}]	["ÄúThe Interstate Achievement: Getting There and Beyond.‚Äù TR"]	article-journal	["News"]	["2006-05"]
Optional	[{:family=>"Manheim", :given=>"Marvin L."}]	["ÄúChallenge of Transportation Systems Analysis.‚Äù In Fundamentals of Transportation Systems Analysis"]			["1979"]
Optional	[{:family=>"Gomez-Iba√±ez", :given=>"Jose A."}, {:family=>"Tye", :given=>"William B."}, {:family=>"Winston", :given=>"Clifford"}]	["ÄúDemand.‚Äù In Essays in Transportation Economics and Policy"]			["1999"]
Optional	[{:family=>"Shrock", :given=>"David L."}]	["ÄúThe Functional Approach to Motor Carrier Costing"]	paper-conference	["Applications and Limitations.‚Äù Proceedings, 27th Annual Meeting of the Transportation Research Forum"]	["1986"]
Optional	[{:family=>"Martland", :given=>"Carl"}]	["ÄúAllocating the Costs of Railroad Infrastructure to Specific Traffic"]	paper-conference	["Classes.‚Äù Proceedings of Workshop on Integrated Transportation and Economic Modeling (ITEM"]	["2001"]
Optional	[{:family=>"Martland", :given=>"Carl"}]	["ÄúPerformance-Based Technology Scanning Applied to Containerizable Freight"]	article-journal	["Traffic.‚Äù Journal of the Transportation Research Forum"]	["2003"]
Optional	[{:family=>"Guo", :given=>"Zhan"}, {:family=>"Wilson", :given=>"Nigel H.M."}]	["ÄúAssessment of the Transfer Penalty for Transit Trips: A GIS-based Disaggregate Modeling Approach.‚Äù Transportation Research Record 1872"]			["2004"]
Optional	[{:family=>"Pucher", :given=>"John"}, {:family=>"Lefevre", :given=>"Christian"}]	["The Urban Transport Crisis in Europe and North America"]			["1996"]
Optional	[{:family=>"Furth", :given=>"P.G."}, {:family=>"Wilson", :given=>"N."}]	["ÄúSetting Frequencies on Bus Routes"]	article-journal	["Theory and Practice.‚Äù Transportation Research Record"]	["1981"]
Optional	[{:family=>"Kumar", :given=>"Vimal"}, {:family=>"D", :given=>"Carl"}]	["Martland"]	chapter	["‚ÄúAssessment of Current Project Evaluation Techniques.‚Äù Working Paper PE-1"]	["2003-09"]
Optional		["National Cooperative Highway Research Program. ‚ÄúEmerging Models for Delivering Transportation Programs and Services.‚Äù Research Results Digest 236"]			["1999-03"]
Optional	[{:family=>"Molina", :given=>"Luisa"}]	["Air Quality in the Mexico Megacity: An Integrated Assessment"]			["2002"]
Optional	[{:family=>"Board", :given=>"Transportation Research"}]	["ÄúNew York City‚Äôs Subway Century.‚Äù TR"]	article-journal	["News"]	["2006-01"]
Optional	[{:family=>"Coughlin", :given=>"Joseph F."}, {:family=>"Reimer", :given=>"Bryan"}]	["ÄúNew Demands from an Older Population"]	paper-conference	["An Integrated Approach to Defining the Future of Older Driver Safety.‚Äù Proceedings of the SAE Convergence Conference"]	["2006"]
