Required	[{:family=>"Sussman", :given=>"Joseph"}]	["Introduction to Transportation Systems"]			["2000"]
Required	[{:family=>"Sussman", :given=>"Joseph"}]	["Perspectives on Intelligent Transportation Systems (ITS"]			["2005"]
Required	[{:family=>"Sussman", :given=>"Joseph M."}]	["ÄúEducating the ‚ÄòNew Transportation Professional.‚Äô‚Äù ITS Quarterly"]			["1995"]
Required		["TRB Executive Committee"]	chapter	["‚ÄúCritical Issues in Transportation 2002.‚Äù TR News 217"]	["2001-11"]
Required	[{:family=>"Martland", :given=>"Carl D."}]	["ÄúRail Freight Service Productivity from the Manager‚Äôs Perspective.‚Äù Transportation Research 26A"]			["1992"]
Required	[{:family=>"Sussman", :given=>"Joseph M."}]	["ÄúTransportation‚Äôs Rich History and Challenging Future‚ÄìMoving Goods.‚Äù Transportation Research Circular 461"]			["1996-08"]
Required	[{:family=>"Hoel", :given=>"Lester A."}]	["ÄúHistorical Overview of U.S"]	article-journal	["Passenger Transportation.‚Äù Transportation Research Circular"]	["1996-08"]
Required	[{:family=>"Thompson", :given=>"Louis S."}]	["ÄúHigh Speed Rail in the United States‚ÄìWhy Isn‚Äôt There More?‚Äù Japan Railway and"]	article-journal	["Transport Review"]	["1994-10"]
Required		["ÄúTo Travel Hopefully: A Survey of Commuting.‚Äù The Economist, Special Section"]			["1998-09-05"]
Required	[{:family=>"Sussman", :given=>"Joseph M."}]	["ÄúTransitions in the World of Transportation.‚Äù"]	article-journal	["Transportation Quarterly"]	["2002", "2002"]
