Required	[{:family=>"Isenberg", :given=>"Daniel J."}]	["ÄúHow Senior Managers Think.‚Äù Harvard Business Review"]			["1984-11"]
Required	[{:family=>"Lindblom", :given=>"Charles"}]	["ÄúThe Science of Muddling Through.‚Äù Public"]	article-journal	["Administration Review"]	["1989"]
Required	[{:family=>"Zaleznik", :given=>"Abraham"}]	["ÄúManagement and Leaders: Are They Different?‚Äù Harvard Business Review"]			["1992-03"]
Required	[{:given=>"Kanter"}]	["Rosabeth Moss"]	article-journal	["‚ÄúThe New Managerial Work.‚Äù Harvard Business Review (November-December"]	
Required	[{:family=>"Wack", :given=>"Pierre"}]	["ÄúScenarios: Shooting the Rapids.‚Äù Harvard Business Review"]			["1985-11"]
Required	[{:family=>"Zack", :given=>"Michael"}]	["ÄúDeveloping a Knowledge Strategy.‚Äù California Management Review"]			["1999-04"]
Required	[{:family=>"Mintzberg", :given=>"Henry"}]	["ÄúThe Fall and Rise of Strategic Planning.‚Äù Harvard Business Review"]			["1994-01"]
Required	[{:family=>"Jick", :given=>"Todd D."}]	["ÄúThe Vision Thing.‚Äù Harvard Business School Case 9-490-019"]			["1989"]
Required	[{:family=>"Hazard", :given=>"J."}]	["ÄúManaging National Transportation Policy.‚Äù Chapter 2 in The Federal Executive Setting"]	book		["1989"]
Required	[{:family=>"Coughlin", :given=>"Joseph F."}]	["ÄúCan a Cabinet Official Innovate?"]	article-journal	["Entrepreneurial Politics and National Transportation Policy.‚Äù Public Works Management and Policy"]	["1997-01"]
Required	[{:literal=>"Vogel, David J. ‚ÄúThe Study of"}]		article-journal	["Business and Politics.‚Äù California Management Review"]	["1996"]
Required	[{:family=>"Kanter", :given=>"Rosabeth Moss"}]	["ÄúThe Institutional Perspective on Management.‚Äù Harvard Business School Research Note 9-897-185"]			["1997"]
Required		["ÄúPublic Policy and the Manager.‚Äù Harvard Business School Research Note"]			["1993"]
Required	[{:family=>"Leone", :given=>"Robert"}]	["ÄúTechnology-Forcing Public Policies and the Automobile.‚Äù In Essays in Transportation Economics and Policy"]			["1999"]
Required	[{:family=>"Lave", :given=>"Charles"}, {:family=>"Lave", :given=>"Lester"}]	["ÄúFuel Economy and Auto Safety Regulation: Is the Cure Worse than the Disease?‚Äù In Essays in Transportation Economics and Policy"]			["1999"]
Required		["ÄúUnocal Corporation‚Äôs SCRAP: Crushing Old Cars for Credit.‚Äù Harvard Business School Case"]			["1991"]
Required	[{:family=>"Hart", :given=>"Stuart"}]	["ÄúBeyond Greening: Strategies for a Sustainable World.‚Äù Harvard Business Review"]			["1997-01"]
Required		["Diebold Institute for Public Policy Studies. ‚ÄúThe Need for Cooperation between the Public and Private Sectors,‚Äù and ‚ÄúThe European ITS Experience: Lessons for the United States.‚Äù Chapter 5, and 7 in Transportation Infostructures: The Development of Intelligent Transportation Systems"]			["1995"]
Required	[{:family=>"Sisodia", :given=>"Rajendra"}]	["ÄúSingapore Invests in the Nation-Corporation.‚Äù Harvard Business Review"]			["1992-05"]
Required		["ÄúBAE Automated Systems: Denver International Airport Baggage-Handling System.‚Äù Harvard Business School Case"]			["1996"]
Required	[{:family=>"Truitt", :given=>"Lawrence"}, {:family=>"Esler", :given=>"Michael"}]	["ÄúAirport Privatization: Full Divesture and Its Alternatives.‚Äù"]	article-journal	["Policy Studies Journal"]	["1996"]
Required	[{:family=>"Gomez", :given=>"Jose A."}, {:family=>"Meyer", :given=>"John"}]	["Going Private: The International Experience with Transport Privatization"]			["1993"]
Required	[{:family=>"Ray", :given=>"Sally J."}]	["Strategic Communications in Crisis Management"]			["1999"]
Required		["ÄúMassachusetts Bay Transportation Authority (MBTA) Commuter Train and AMTRAK Train Collision.‚Äù Harvard Business School Case"]			["1990"]
Required	[{:family=>"Christensen", :given=>"Clayton"}, {:family=>"Overdorf", :given=>"Michael"}]	["ÄúMeeting the Challenge of Disruptive Change.‚Äù Harvard Business Review"]			["2000-03"]
Required	[{:family=>"Rosegrant", :given=>"Susan"}, {:family=>"Jick", :given=>"Todd"}]	["ÄúNorthwest Airlines Confronts Change.‚Äù Harvard Business School Case"]			["1996"]
Required	[{:family=>"Prahalad", :given=>"C.K."}, {:family=>"Lieberthal", :given=>"Kenneth"}]	["ÄúThe End of Corporate Imperialism.‚Äù Harvard Business Review"]			["1998-07"]
Required	[{:family=>"Rosenzweig", :given=>"Philip"}]	["ÄúMercedes-Benz.‚Äù Harvard Business School Case"]			["1993"]
