Required	[{:family=>"Daganzo", :given=>"C.F."}]	["Fundamentals of Transportation and Traffic Operations"]	article-journal	["Chapters"]	["1997"]
Required	[{:family=>"Odoni", :given=>"A.R."}, {:family=>"Rousseau", :given=>"J.M."}, {:family=>"Wilson", :given=>"N.H.M."}]	["ÄúModels in Urban and Air Transportation.‚Äù Chapter 5 in Handbooks in Operations Research and Management Science"]	chapter	["Operations Research and the Public Sector"]	["1994"]
Required	[{:family=>"Gabard", :given=>"J.F."}]	["ÄúCar-Following Models.‚Äù In Concise Encyclopedia of Traffic & Transportation Systems"]	book		["1991"]
Required	[{:family=>"Daganzo", :given=>"C.F."}]	["ÄúFundamental Diagrams.‚Äù In Fundamentals of Transportation and Traffic Operations"]	book		["1997"]
Required	[{:family=>"Cohen", :given=>"S."}]	["ÄúFlow Variables.‚Äù In Concise Encyclopedia of Traffic & Transportation Systems"]	book		["1991"]
Required	[{:family=>"Sheffi", :given=>"Y."}]	["Urban Transportation Networks", "Chapter 1"]			["1985"]
Required	[{:family=>"Burkard", :given=>"R.E."}]	["ÄúShortest Path Algorithms.‚Äù In Concise Encyclopedia of Traffic and Transportation Systems"]	book		["1991"]
Required	[{:family=>"Sheffi", :given=>"Y."}]	["Urban Transportation Networks", "Chapter 1"]	book		["1985"]
Required	[{:family=>"Daganzo", :given=>"C.F."}]	["ÄúEquilibrium Analysis.‚Äù Chapter 5 in Fundamentals of Transportation and Traflic Operations"]	book		["1997"]
Required	[{:family=>"Daganzo", :given=>"C.F."}]	["_Fundamentals of Transportation and Traffic Operations._Pergamon Press-Elsevier Science"]			["1997"]
Required	[{:family=>"Wattleworth", :given=>"J.A."}]	["ÄúPeak-Period Analysis and Control of a Freeway System.‚Äù Highway Research Record"]			["1967"]
Required	[{:family=>"Papageorgiou", :given=>"M."}]	["ÄúA New Approach to Time-of-Day Control Based on a Dynamic Freeway Traffic Model.‚Äù Transportation Research 14B"]			["1980"]
Required	[{:family=>"Makigami", :given=>"Y."}]	["ÄúOn-Ramp Control: Coordinated Time-of-Day Strategies.‚Äù In Concise Encyclopedia of Traffic and Transportation Systems"]	book		["1991"]
Required	[{:family=>"M.", :given=>"Hillier F."}, {:family=>"Lieberman", :given=>"G.J."}]	["ÄúQueueing Theory.‚Äù Chapter 15 in Introduction to Operations Research"]	book		["1995"]
Required	[{:family=>"M.", :given=>"Hillier F."}, {:family=>"Lieberman", :given=>"G.J."}]	["ÄúSimulation.‚Äù Chapter 21 in Introduction to Operations Research"]	book		["1995"]
Required	[{:family=>"Webster", :given=>"F.V."}]	["ÄúTraffic Signal Settings.‚Äù Road Research Technical Paper"]	book		["1958"]
Required	[{:family=>"Odoni", :given=>"A.R."}]	["ÄúIssues in Air Traffic Flow Management.‚Äù"]			
Required	[{:family=>"Barcelo", :given=>"J."}]	["ÄúTraffic Management Systems.‚Äù In Concise Encyclopedia of Traffic and Transportation Systems"]	book		["1991"]
Required	[{:family=>"Stathopoulos", :given=>"A."}]	["ÄúRoute Guidance, Collective.‚Äô‚Äô In Concise Encyclopedia of Traffic and Transportation Systems"]	book		["1991"]
Optional	[{:family=>"Daganzo", :given=>"Carlos F."}]	["Logistics Systems Analysis"]	book		["1991"]
Optional	[{:family=>"Watson", :given=>"H."}]	["Computer Simulation in Business"]	book		["1981"]
Optional	[{:family=>"Nersesian", :given=>"R."}, {:family=>"Swartz", :given=>"G.Boyd"}]	["Computer Simulation in Logistics"]	book		["1996"]
Optional	[{:family=>"Smith", :given=>"J.U.M."}]	["Computer Simulation Models"]	book		["1968"]
Optional	[{:family=>"Manual", :given=>"Highway Capacity"}]	["Transportation Research Board"]	book		["1985"]
