Required	[{:family=>"Gordon", :given=>"Deborah"}]	["ÄúAmerican Transportation in the 20th Century.‚Äù Steering a New Course: Transportation, Energy, and the Environment"]			["1991"]
Required	[{:family=>"Hardin", :given=>"G."}]	["ÄúThe Tragedy of the Commons.‚Äù Science"]			["1968-12"]
Required	[{:family=>"Weiner", :given=>"E."}]	["ÄúHistory of Urban Transportation Planning.‚Äù Urban Transportation Planning in the United States: An Historical Overview"]			["1992"]
Required		["ÄúEnvironmental Policy from 1970s to the 1990s.‚Äù Environmental Policy: New Directions for the Twenty-First Century"]			["2005"]
Required	[{:family=>"Paehlke", :given=>"R."}]	["ÄúEnvironmental Values and Public Policy.‚Äù", "Environmental Policy: New Directions for the Twenty-First Century"]			["1997", "2005"]
Required	[{:family=>"Nivola", :given=>"P."}, {:family=>"Crandall", :given=>"R."}]	["ÄúThe Policy Problem‚Äù, ‚ÄúThe CAFE Conundrum‚Äù. The Extra Mile: Rethinking Energy Policy for Automotive Transportation"]			["1995"]
Required	[{:family=>"Gordon", :given=>"Deborah"}]	["ÄúUltra-Fuel-Efficient Vehicles.‚Äù Steering a New Course: Transportation, Energy, and the Environment"]			["1991"]
Required	[{:family=>"Howitt", :given=>"A."}, {:family=>"Altshuler", :given=>"A."}]	["ÄúThe Politics of Controlling Auto Air Pollution.‚Äù Regulation for Revenue: The Political Economy of Land Use Exactions"]			["1993"]
Required	[{:family=>"Nivola", :given=>"P."}, {:family=>"Crandall", :given=>"R."}]	["ÄúThe Fuel Tax Option‚Äù, ‚ÄúWhat Other Countries Do‚Äù, and ‚ÄúThe American Experience‚Äù. The Extra Mile: Rethinking Energy Policy for Automotive Transportation"]			["1995"]
Required	[{:family=>"Gomez-Ibanez", :given=>"J."}]	["A"]	article-journal	["‚ÄúPricing.‚Äù In Transportation Quarterly"]	["1992-07"]
Required	[{:family=>"Freudenburg", :given=>"Nicolas"}, {:family=>"Steinsapir", :given=>"Carol"}]	["ÄúNot in Our Backyards: The Grassroots Environmental Movement.‚Äù In American Environmentalism: The U.S. Environmental Movement, 1970-1990"]			["1992"]
Required	[{:family=>"Dempsey", :given=>"P."}, {:family=>"Goetz", :given=>"A."}, {:family=>"Szyliowicz", :given=>"J."}]	["ÄúThree Hubs to One: The Folly of Forecasting in the Dynamic Airline Industry.‚Äù Denver International Airport: Lessons Learned"]			["1997"]
Required	[{:family=>"Kuttner", :given=>"R."}]	["Everything For Sale: The Limits of Markets"]			["1997"]
Required	[{:literal=>"Bullard, R. ‚ÄúEnvironmentalism and Social Justice.‚Äù"}]	["and ‚ÄúEnvironmentalism as a Working Model.‚Äù"]	chapter	["US Department of Transportation Order on Environmental"]	
Required	[{:family=>"Rosenbaum", :given=>"W."}]	["ÄúClimate Diplomacy: The Emerging Politics of Global Environmentalism.‚Äù In Environmental Politics and Policy"]			["1998"]
Required	[{:family=>"Gore", :given=>"A."}]	["Earth in the Balance"]			["1993"]
Required	[{:family=>"Nijkamp", :given=>"P."}]	["ÄúRoads to Environmentally Sustainable Transport.‚Äù Transportation Research"]			["1994"]
Required	[{:family=>"Schaefer", :given=>"A."}, {:family=>"Victor", :given=>"D."}]	["ÄúThe Past and Future of Global Mobility.‚Äù In Scientific American"]			["1997-10"]
Required	[{:family=>"ÄúPart", :given=>"I."}, {:family=>"Concerns", :given=>"Common"}]	["ÄúOur Common Future. The World Commission on Environment and Development"]			["1987"]
