Required	[{:family=>"Harr", :given=>"Jonathan"}]	["A Civil Action"]	book		["1995"]
Required	[{:family=>"Manual", :given=>"U.S.E.P.A.R.C.R.A.Orientation"}]	["EPA/530/R-02/016. Office of Solid Waste and Emergency Response, U.S"]			["2002-09"]
Required	[{:family=>"EPA", :given=>"U.S."}]	["ÄúSeminar Publication: Transport and Fate of Contaminants in the Subsurface.‚Äù Report Number EPA/625/4-89/019. Center for Environmental Research Information, U.S"]	chapter	["Environmental Protection Agency"]	["1989-09"]
Required	[{:family=>"Huling", :given=>"S.G."}, {:family=>"Weaver", :given=>"J.W."}]	["ÄúDense Nonaqueous Phase Liquids.‚Äù EPA Ground Water Issue"]	chapter	["Report Number EPA/540/4-91-002. R.S. Kerr Environmental Research Center, Office of Research and Development, U.S. Environmental Protection Agency"]	["1991-03"]
Required	[{:family=>"Kueper", :given=>"B.H."}, {:family=>"McWhorter", :given=>"D.B."}]	["ÄúThe Behavior of Dense, Nonaqueous Phase Liquids in Fractured Clay and Rock.‚Äù Ground Water 29"]			["September/October 1991"]
Required	[{:family=>"Newell", :given=>"C.J."}, {:family=>"Acree", :given=>"S.D."}, {:family=>"Ross", :given=>"R.R."}, {:family=>"Huling", :given=>"S.G."}]	["ÄúLight Nonaqueous Phase Liquids.‚Äù EPA Ground Water Issue"]	book		["1995-07"]
Required	[{:family=>"EPA", :given=>"U.S."}]	["ÄúSeminar Publication: Site Characterization for Subsurface Remediation.‚Äù Report Number EPA/625/4-91/026. Office of Research and Development, U.S"]	book		["1991-11"]
Required	[{:family=>"Grubb", :given=>"D.G."}, {:family=>"Sitar", :given=>"N."}]	["ÄúEvaluation of Technologies for In-Situ Cleanup of DNAPL Contaminated Sites.‚Äù Report Number EPA/600/R-94/120"]	chapter	["NTIS Number PB94-195039. R.S. Kerr Environmental Research Laboratory, U.S. Environmental Protection Agency"]	["1994-08"]
Required	[{:family=>"Cohen", :given=>"R.M."}, {:family=>"Mercer", :given=>"J.W."}, {:family=>"Greenwald", :given=>"R.M."}, {:family=>"Beljin", :given=>"M.S."}]	["ÄúDesign Guidelines for Conventional Pump-and-Treat Systems.‚Äù EPA Ground Water Issue"]	report		["1997-09"]
Required	[{:family=>"Grubb", :given=>"D.G."}, {:family=>"Sitar", :given=>"N."}]	["ÄúEvaluation of Technologies for In-Situ Cleanup of DNAPL Contaminated Sites.‚Äù Report Number EPA/600/R-94/120"]	chapter	["NTIS Number PB94-195039. R.S. Kerr Environmental Research Laboratory, U.S. Environmental Protection Agency"]	["1994-08"]
Required	[{:family=>"EPA", :given=>"U.S."}]	["ÄúPresumptive Remedies: Site Characterization and Technology Selection for CERCLA Sites With Volatile Organic Compounds In Soils.‚Äù Report Number EPA/540/F-93/048"]	chapter	["U.S. Environmental Protection Agency, Office of Solid Waste and Emergency Response"]	["1993-09"]
Required	[{:family=>"Powell", :given=>"R.M."}, {:family=>"Blowes", :given=>"D.W."}, {:family=>"Gillham", :given=>"R.W."}, {:family=>"Schultz", :given=>"D."}, {:family=>"Sivavec", :given=>"T."}, {:family=>"Puls", :given=>"R.W."}, {:family=>"Vogan", :given=>"J.L."}, {:family=>"Powell", :given=>"P.D."}, {:family=>"Landis", :given=>"R."}]	["ÄúPermeable Reactive Barrier Technologies for Contaminant Remediation.‚Äù Report Number EPA/600/R-98/125. Office of Research and Development, U.S"]	article-journal	["Executive Summary, Chapters"]	["1998-09"]
Required	[{:family=>"Sims", :given=>"J.L."}, {:family=>"Suflita", :given=>"J.M."}, {:family=>"Russell", :given=>"H.H."}]	["ÄúIn-situ Bioremediation of Contaminated Ground Water"]	chapter	["EPA Ground Water Issue.‚Äù Report Number EPA/540/S-92/003. R.S. Kerr Environmental Research Laboratory, U.S. Environmental Protection Agency"]	["1992-02"]
Required	[{:family=>"Pivetz", :given=>"B.E."}]	["ÄúPhytoremediation of Contaminated Soil and Ground Water at Hazardous Waste Sites.‚Äù EPA Ground Water Issue"]	chapter	["Report Number EPA/540/S-01/500. R.S. Kerr Environmental Research Laboratory, U.S. Environmental Protection Agency"]	["2001-02"]
Required	[{:family=>"Pope", :given=>"D.F."}, {:family=>"Jones", :given=>"J.N."}]	["ÄúMonitored Natural Attenuation of Chlorinated Solvents.‚Äù U.S. EPA Remedial Technology Fact Sheet"]	report		["1999-05"]
Required	[{:family=>"Pope", :given=>"D.F."}, {:family=>"Jones", :given=>"J.N."}]	["ÄúMonitored Natural Attenuation of Petroleum Hydrocarbons.‚Äù U.S. EPA Remedial Technology Fact Sheet"]	report		["1999-05"]
Required	[{:family=>"EPA", :given=>"U.S."}]	["ÄúUse of Monitored Natural Attenuation at Superfund, RCRA Correction Action, and Underground Storage Tank Sites"]	chapter	["Number OSWER Directive 9200.4-17. U.S. Environmental Protection Agency, Office of Solid Waste and Emergency Response"]	["1997-11"]
Required	[{:family=>"EPA", :given=>"U.S."}]	["ÄúGuidance for Evaluating Technical Impractibility of Ground-Water Restoration.‚Äù OSWER Directive 9234.2-25"]	chapter	["Report Number EPA-540-R-93-080. Office of Solid Waste and Emergency Response, U.S. Environmental Protection Agency"]	["1993-09"]
Required	[{:family=>"EPA", :given=>"U.S."}]	["ÄúRisk Assessment Guidance for Superfund (RAGS) Part A.‚Äù Report Number EPA/540/1-89/002. Office of Emergency and Remedial Response, U.S"]	book		["1989-12"]
Required	[{:family=>"EPA", :given=>"U.S."}]	["ÄúSeminar Publication: Design, Operation, and Closure of Municipal Solid Waste Landfills.‚Äù Report Number EPA/625/R-94/008"]	book		["1994-09"]
Required	[{:family=>"EPA", :given=>"U.S."}]	["ÄúDesign and Construction of RCRA/CERCLA Final Covers.‚Äù Report Number EPA/625/4-91/025"]	book		["1991-05"]
Required	[{:family=>"EPA", :given=>"U.S."}]	["ÄúSeminar Publication: Requirements for Hazardous Waste Landfill Design, Construction, and Closure.‚Äù Report Number EPA/625/4-89/022"]	book		["1989-08"]
Required	[{:family=>"EPA", :given=>"U.S."}]	["ÄúGeosynthetic Clay Liners Used in Municipal Solid Waste Landfills.‚Äù Report Number EPA-530-F-97-002. Office of Solid Waste and Emergency Response, U.S"]	book		["2001-12"]
Required	[{:family=>"EPA", :given=>"U.S."}]	["ÄúTechnical Approaches to Characterizing and Cleaning Up Brownfields Sites.‚Äù Report Number EPA/625/R-00/009. National Risk Management Research Laboratory, Office of Research and Development"]	book		["2001-11-06"]
Optional	[{:family=>"Fetter", :given=>"C.W."}]	["Contaminant Hydrogeology"]	book		["1999"]
Optional	[{:family=>"Qian", :given=>"X."}, {:family=>"Koerner", :given=>"R.M."}, {:family=>"Gray", :given=>"D.H."}]	["Geotechnical Aspects of Landfill Design and Construction"]	book		["2002"]
Optional	[{:family=>"McBean", :given=>"E.A."}, {:family=>"Rovers", :given=>"F.A."}, {:family=>"Farquhar", :given=>"G.J."}]	["Solid Waste Landfill Engineering and Design"]	book		["1995"]
Optional	[{:family=>"Daniel", :given=>"D.E."}]	["Geotechnical Practice for Waste Disposal"]	book		["1993"]
