Required	[{:family=>"Moavenzadeh", :given=>"Fred"}]	["ÄúGlobalization Strategies of Selected E&C Firms.‚Äù Working paper"]	book		["2009"]
Required		["Financial Innovations and the Welfare of Nations"]			["2001"]
Required		["Measuring Productivity and Evaluating Innovation in the U.S"]	chapter	["Construction Industry. Building Futures Council whitepaper"]	["2006"]
Required		["Greatest Construction Projects: a Look Back at 125 Years of Construction Milestones"]	article-journal	["Engineering News-Record"]	["1999"]
Required	[{:family=>"Moavenzadeh", :given=>"Fred"}]	["ÄúMarketing in the Construction Industry.‚Äù Working paper"]	book		["2009"]
Required	[{:family=>"Flyvbjerg", :given=>"Bent"}, {:family=>"Holm", :given=>"Mette Skamris"}, {:family=>"Buhl", :given=>"Soren"}]	["ÄúUnderestimating Costs in Public Works"]	article-journal	["Projects.‚Äù Journal of the American Planning Association"]	["2002"]
Required	[{:family=>"Emmons", :given=>"Willis"}, {:family=>"Brand", :given=>"Monica"}]	["ÄúEmpresas ICA and the Mexican Road Privatization Program.‚Äù Harvard Business School Case"]			["1993-03-24"]
Required	[{:family=>"Ybarra", :given=>"Shirley J."}]	["ÄúVMS Asset Management Contract for Virginia‚Äôs Interstate Highways.‚Äù Public Works Financing"]			["1998"]
Required		["Äú2008 Corruption Perceptions Index.‚Äù"]	book		["2008"]
Required	[{:family=>"Friedman", :given=>"Thomas L."}]	["The Lexus and the Olive Tree"]			["2000"]
Required	[{:family=>"King", :given=>"Ralph"}, {:family=>"McCoy", :given=>"Charlie"}]	["ÄúBechtel‚Äôs Power Outage.‚Äù Business 2.0"]			["2004-03-01"]
Required	[{:family=>"Wolff", :given=>"Derish"}]	["ÄúIs Your Firm the Next Enron?‚Äù"]	book		["2009"]
