Required	[{:family=>"Porter", :given=>"M.E."}]	["Competitive Advantage: Creating and Sustaining Superior Performance"]			["1985"]
Required	[{:family=>"Porter", :given=>"M.E."}]	["ÄúStrategy and the Internet.‚Äù Harvard Business Review"]			["2001-03"]
Required	[{:family=>"Porter", :given=>"M.E."}, {:family=>"Millar", :given=>"V.E."}]		book		["1985-07"]
Required	[{:family=>"Macomber", :given=>"J.D."}]	["ÄúIT Strategy for Construction Companies: A Pragmatist‚Äôs Vision.‚Äù"]			
Required	[{:family=>"Stalk", :given=>"G."}, {:family=>"Evans", :given=>"P."}, {:family=>"Shulman", :given=>"L.E."}]	["ÄúCompeting on Capabilities: The New Rules of Corporate Strategy.‚Äù Harvard"]	article-journal	["Business Review"]	["1992-03"]
Required	[{:family=>"Kahn", :given=>"G."}]	["ÄúMade to Measure: Invisible Supplier Has Penney‚Äôs Shirts All Buttoned Up,‚Äù and ‚ÄúFrom Hong Kong, It Tracks Sales"]	article-journal	["Restocks Shelves and Ships Shirts Straight to the Store.‚Äù The Wall Street Journal"]	["2003-09-11"]
Required	[{:family=>"Kim", :given=>"W.C."}, {:family=>"Mauborgne", :given=>"R."}]	["ÄúKnowing a Winning Business Idea When You See One.‚Äù Harvard"]	article-journal	["Business Review (September-October"]	
Required	[{:family=>"Kim", :given=>"W.C."}, {:family=>"Mauborgne", :given=>"R."}]	["ÄúHow to Tell a Flyer From a Failure‚Äù, ‚ÄúNow Name a Price That‚Äôs Hard to Refuse‚Äù and ‚ÄúAre You Sure the World is Ready for You?, New Business Ideas: Part I"]	article-journal	["II and III.‚Äù Financial Times"]	["2001-01"]
Required	[{:family=>"Sahlman", :given=>"W.A."}]	["ÄúHow to Write a Great Business Plan.‚Äù Harvard Business Review"]			["1997-07"]
Required	[{:family=>"Macomber", :given=>"J.D."}]	["ÄúUS Construction Demographics: Some Relevant Statistics to Consider.‚Äù"]			
Required	[{:family=>"Macomber", :given=>"J.D."}]	["ÄúYes, the Internet Changes Everything.‚Äù Construction"]	article-journal	["Business Review, Millennium Edition"]	["1999-12"]
Required	[{:family=>"Macomber", :given=>"J.D."}]	["ÄúFollow the Money"]	chapter	["What Really Drives Technology Innovation in Construction.‚Äù 2003 ASCE Construction Research Congress"]	
Required	[{:family=>"Narayanan", :given=>"V.G."}, {:family=>"Raman", :given=>"A."}]	["ÄúAligning Incentives for Supply"]	book		
Required	[{:family=>"Cachon", :given=>"G.P."}, {:family=>"Lariviere", :given=>"M.A."}]		article-journal	["‚ÄúTurning the Supply Chain into Revenue Chain.‚Äù Harvard Business Review"]	["2001-03"]
Required	[{:family=>"Peers", :given=>"M."}]	["ÄúBlockbuster‚Äôs New Pitch: Why Not Buy That Movie?‚Äù The Wall Street Journal"]			["2002-11-01"]
Required	[{:family=>"Orwall", :given=>"B."}, {:family=>"Peers", :given=>"M."}, {:family=>"Zimmerman", :given=>"A."}]	["ÄúDVD Gains on Tape, but Economics Have Hollywood Studios in a Tizzy.‚Äù The Wall Street Journal"]			["2002-02-05"]
Required	[{:family=>"Brandenburger", :given=>"A."}, {:family=>"Nalebuff", :given=>"B."}]	["ÄúThe Right Game: Use Game Theory to Shape Strategy.‚Äù Harvard Business Review"]			["1995-07"]
Required	[{:family=>"Gompers", :given=>"P.A."}, {:family=>"Conneely", :given=>"C.M."}]				
Required	[{:family=>"Hansen", :given=>"M.T."}, {:family=>"Davenport", :given=>"T.H."}]				
Required	[{:family=>"Hansen", :given=>"M.T."}, {:family=>"Nohria", :given=>"N."}, {:family=>"Tierney", :given=>"T."}]		article-journal	["‚ÄúWhat‚Äôs Your Strategy for Managing Knowledge?‚Äù Harvard Business Review"]	["1999-03"]
Required	[{:family=>"Rayport", :given=>"J.F."}, {:family=>"Sviokla", :given=>"J.J."}]	["ÄúExploiting the Virtual Value Chain.‚Äù Harvard Business Review"]			["1995-11"]
Required	[{:family=>"Diamant-Berger", :given=>"A."}, {:family=>"Ovans", :given=>"A."}]	["ÄúE-Procurement at Schlumberger.‚Äù Harvard Business Review"]			["2000-05"]
Required	[{:family=>"Applegate", :given=>"L."}]	["ÄúEmerging E-Business Models: Lessons from the Field.‚Äù HBS Teaching Note"]			["2001"]
