Required	[{:family=>"Chaturvedi", :given=>"Swati"}, {:family=>"Ochsendorf", :given=>"John"}]	["ÄúGlobal Environmental Impacts due to Cement and Steel.‚Äù Structural Engineering International"]			["2004-08"]
Required	[{:family=>"Dholakia", :given=>"R."}, {:family=>"Wackernagel", :given=>"M."}]	["ÄúEcological Footprint Accounts: Moving Sustainability from Concept to Measurable Goal.‚Äù"]	book		["1999-10"]
Required	[{:family=>"Ford", :given=>"Edward"}]	["ÄúThe Theory and Practice of Impermanence.‚Äù Harvard"]	article-journal	["Design Magazine"]	["1997"]
Required	[{:family=>"Hawken", :given=>"Paul"}, {:family=>"Lovins", :given=>"Amory"}, {:family=>"Lovins", :given=>"L.Hunter"}]	["ÄúBuilding Blocks.‚Äù Chapter 5 in Natural Capitalism: Creating the Next Industrial Revolution"]			["1999"]
Required		["ISO: 14040 ‚ÄúEnvironmental management ‚Äî Life Cycle Assessment ‚Äî Principles and Framework.‚Äù"]	book		["1997"]
Required	[{:given=>"L.E.E.D."}]	["ÄúBuilding Rating System for New Construction and Major Renovations.‚Äù Version 2.1"]	book		["2002"]
Required	[{:family=>"Matos", :given=>"G."}, {:family=>"Wagner", :given=>"L."}]	["ÄúConsumption of Materials in the United States, 1900-1995.‚Äù"]	article-journal	["Annual Review of Energy and the Environment"]	["1998-11"]
Required	[{:family=>"Meadows", :given=>"Donella H."}, {:family=>"Randers", :given=>"Jorgen"}, {:family=>"Meadows", :given=>"Dennis L."}]	["ÄúAuthor‚Äôs Preface‚Äù and ‚ÄúOvershoot.‚Äù Chapter 1 in Limits to Growth: The 30-Year Update"]			["2004-06-01"]
Required	[{:family=>"Ochsendorf", :given=>"J."}]	["ÄúSustainable Structural Design: Lessons from History.‚Äù Structural Engineering International"]			["2004-08"]
Required	[{:family=>"Womack", :given=>"James P."}, {:family=>"Jones", :given=>"Daniel T."}]	["ÄúThe Value Stream.‚Äù Chapter 2 in Lean Thinking"]			["1996-09-09"]
