Required	[{:family=>"Hirth", :given=>"John Price"}, {:family=>"Lothe", :given=>"Jens"}]	["Theory of Dislocations"]	book		["1991"]
Required	[{:family=>"Zhou", :given=>"Min"}]	["ÄúA New Look at the Atomic Level Virial Stress: On Continuum-Molecular System Equivalence.‚Äù Proc R Soc Lond A 459"]			["2003"]
Required	[{:family=>"Zimmerman", :given=>"J.A."}, {:family=>"Webb", :given=>"E.B.", :suffix=>"III"}, {:family=>"Hoyt", :given=>"J.J."}, {:family=>"Jones", :given=>"R.E."}, {:family=>"Klein", :given=>"P.A."}, {:family=>"J", :given=>"D."}]	["Bammann"]	chapter	["‚ÄúCalculation of Stress in Atomistic Simulation.‚Äù Modelling Simul Mater Sci Eng"]	["2004"]
Required	[{:family=>"Gouldstone", :given=>"Andrew"}, {:family=>"Vliet", :given=>"Krystyn", :particle=>"Van"}, {:family=>"Suresh", :given=>"Subra"}]	["ÄúSimulation of a Defect Nucleation in a Crystal.‚Äù Nature 411"]			["2001"]
Required	[{:family=>"Suresh", :given=>"Subra"}]	["Fatigue of Materials"]	book		["1991"]
Required	[{:family=>"Rice", :given=>"James R."}]	["ÄúDislocation Nucleation from a Crack Tip: An Analysis Based on the Peierls Concept.‚Äù"]	article-journal	["J Mech Phys Solids"]	["1992"]
Required	[{:family=>"Foiles", :given=>"S.M."}, {:family=>"Baskes", :given=>"M.I."}, {:family=>"Daw", :given=>"M.S."}]	["ÄúEmbedded-Atom-Method Functions for the Fcc Metals Cu, Ag, Nu, Ni, Pd, Pt"]	article-journal	["and Their Alloys.‚Äù Phys Rev B"]	["1986"]
Required	[{:family=>"Buehler", :given=>"Markus J."}, {:family=>"Gao", :given=>"Huajian"}]	["ÄúUltra-Large Scale Simulations of Dynamic Materials Failure.‚Äù Chapter 14 in Handbook of Theoretical and Computational Nanotechnology"]			["2005"]
Required	[{:family=>"Buehler", :given=>"Markus J."}, {:family=>"Hartmaier", :given=>"Alexander"}, {:family=>"Duchaineau", :given=>"Mark A."}, {:family=>"Abraham", :given=>"Farid F."}, {:family=>"Gao", :given=>"Huajian"}]	["ÄúThe Dynamical Complexity of Work-hardening: A Large-scale Molecular Dynamics Simulation.‚Äù Acta Mech Sinica 21"]			["2005"]
Required	[{:family=>"Buehler", :given=>"Markus J."}, {:family=>"Abraham", :given=>"Farid F."}, {:family=>"Gao", :given=>"Huajian"}]	["ÄúStress and Energy Flow Field Near a Rapidly Propagating Mode I Crack.‚Äù In Multiscale Modelling and Simulation"]	book		["2004"]
Required	[{:family=>"Boal", :given=>"David"}]	["Mechanics of the Cell"]			["2002"]
Required	[{:family=>"Bao", :given=>"G."}, {:family=>"Suresh", :given=>"Subra"}]	["ÄúCell and Molecular Mechanics of Biological Materials.‚Äù Nature Materials 2"]			["2003"]
Required	[{:family=>"Buehler", :given=>"Markus J."}]	["ÄúLarge-Scale Hierarchical Molecular Modeling of Nanostructured Biological"]	article-journal	["Materials.‚Äù Journal of Computational and Theoretical Nanoscience"]	["2006"]
Required	[{:family=>"Mayo", :given=>"Stephen L."}, {:family=>"Olafson", :given=>"Barry D."}, {:family=>"Goddard", :given=>"William A.", :suffix=>"III"}]	["ÄúDREIDING: A Generic Force Field for Molecular Simulations.‚Äù"]	article-journal	["J Phys Chem"]	["1990"]
Required	[{:family=>"Wang", :given=>"Wei"}, {:family=>"Donini", :given=>"Oreola"}, {:family=>"Reyes", :given=>"Carolina M."}, {:family=>"Kollman", :given=>"Peter A."}]	["ÄúBiomolecular Simulations: Recent Developments in Force Fields, Simulations of Enzyme Catalysis, Protein-Ligand, Protein-Protein"]	article-journal	["and Protein-Nucleic Acid Noncovalent Interactions.‚Äù Ann Rev Biophys Biomol Struct"]	["2001"]
Required	[{:family=>"Karplus", :given=>"Martin"}, {:family=>"McCammon", :given=>"J.Andrew"}]	["ÄúMolecular Dynamics Simulations of Biomolecules.‚Äù Nature Structural Biology 9"]			["2002"]
Required	[{:family=>"Buehler", :given=>"M.J."}, {:family=>"Yao", :given=>"H."}, {:family=>"Ji", :given=>"B."}, {:family=>"Gao", :given=>"H."}]	["ÄúCracking and Adhesion at Small Scales: Atomistic and Continuum Studies of Flaw Tolerant Nanostructures.‚Äù Modelling and Simulation in Materials Science and Engineering 14"]			["2006"]
Required	[{:family=>"Miller", :given=>"Ronald E."}, {:family=>"Tadmor", :given=>"E.B."}]	["ÄúThe Quasicontinuum Method: Overview"]	article-journal	["Applications and Current Directions.‚Äù Journal of Computer-Aided Materials Design"]	["2002"]
Required	[{:family=>"Knap", :given=>"J."}, {:family=>"Ortiz", :given=>"M."}]	["ÄúAn analysis of the quasicontinuum method.‚Äù"]	article-journal	["Journal of the Mechanics and Physics of Solids"]	["2001"]
Required	[{:family=>"Heino", :given=>"P."}, {:family=>"H√§kkinen", :given=>"H."}, {:family=>"Kaski", :given=>"K."}]	["ÄúMolecular-dynamics Study of Mechanical Properties of Copper.‚Äù Europhys Lett 41"]			["1998"]
Required	[{:family=>"Komanduri", :given=>"R."}, {:family=>"Chandrasekaran", :given=>"N."}, {:family=>"Raff", :given=>"L.M."}]	["ÄúMolecular Dynamics (MD) Simulation of Uniaxial Tension of Some Single-Crystal Cubic Metals at Nanolevel.‚Äù"]	article-journal	["International Journal of Mechanical Sciences"]	["2001"]
Required	[{:family=>"Cleri", :given=>"Fabrizio"}, {:family=>"Yip", :given=>"Sidney"}, {:family=>"Wolf", :given=>"Dieter"}, {:family=>"Phillpot", :given=>"Simon R."}]	["ÄúAtomic-Scale Mechanism of Crack-Tip Plasticity: Dislocation Nucleation and Crack-Tip Shielding.‚Äù"]	article-journal	["Phys Rev Lett"]	["1997"]
Required	[{:family=>"Mishin", :given=>"Y."}]	["ÄúStructural Stability and Lattice Defects in Copper: Ab Initio, Tight-Binding, and Embedded-Atom Calculations.‚Äù"]	article-journal	["Phys Rev B"]	["2001"]
Required	[{:family=>"Buehler", :given=>"Markus J."}, {:family=>"Dodson", :given=>"Jef"}, {:family=>"Duin", :given=>"Adri C.T.", :particle=>"van"}, {:family=>"Meulbroek", :given=>"Peter"}, {:family=>"A", :given=>"William"}]	["Goddard III"]	chapter	["‚ÄúThe Computational Materials Design Facility (CMDF): A Powerful Framework for Multi-paradigm Multi-scale Simulations.‚Äù Mater Res Soc Symp Proc 894"]	["2006"]
