Required	[{:family=>"Easley", :given=>"David"}, {:family=>"Kleinberg", :given=>"Jon"}]	["Networks, Crowds, and Markets: Reasoning about a Highly Connected World"]			["2010"]
Required	[{:literal=>"E] = Easley, David, and Jon Kleinberg."}]	["Networks, Crowds, and Markets: Reasoning about a Highly Connected World"]			["2010"]
Required		["Note: An online version of the above textbook is freely available on Jon Kleinberg’s homepage on Cornell University’s Department of Computer Science website"]			
Required	[{:literal=>"J] = Jackson, Matthew O."}]	["Social and Economic Networks"]			["2010"]
Required	[{:literal=>"N] = Newman, M.E.J."}]	["Networks: An Introduction"]			["2010"]
Required	[{:literal=>"S] = Shah, Devavrat."}]	["Gossip Algorithms"]			["2009"]
Optional	[{:given=>"Battiston"}, {:others=>true}]	["DebtRank: Too Central to Fail? Financial Networks, the FED and Systemic Risk"]			["2012"]
Optional	[{:given=>"Akbarpour"}, {:others=>true}]	["Just a Few Seeds More: Value of Network Information for Diffusion"]			["2018"]
Optional	[{:given=>"Shah"}, {:given=>"Zaman"}]	["Rumors in a Network: Who’s the Culprit?"]			["2011"]
