Required	[{:family=>"Slocum", :given=>"Alexander H."}]	["ÄúDesign Is A Passionate Process.‚Äù Chapter 1 in Fundamentals of Design"]			
Required	[{:family=>"Kent", :given=>"Adrian"}]	["ÄúA Critical Look at Risk Assessments for Global Catastrophes.‚Äù Risk Analysis 24"]			["2004"]
Required	[{:family=>"Calogero", :given=>"Francesco"}]	["ÄúMight A Laboratory Experiment Destroy Planet Earth?‚Äù Interdisciplinary"]	article-journal	["Science Reviews"]	["2000"]
Required	[{:family=>"Overbye", :given=>"Dennis"}]	["ÄúGauging a Collider‚Äôs Odds of Creating a Black Hole.‚Äù"]	article-journal	["New York Times"]	["2008-04-15"]
Optional	[{:family=>"Slocum", :given=>"Alexander H."}]	["ÄúCreating Ideas.‚Äù Chapter 2 in Fundamentals of Design"]			
Optional	[{:family=>"Newman", :given=>"Dava"}]	["ÄúIntroduction to Engineering,‚Äù and ‚ÄúDesign: Lighter-Than-Air (LTA) Vehicle Module.‚Äù Chapters 2 and 12 in Interactive Aerospace Engineering and Design"]			["2001"]
Optional	[{:family=>"Belden", :given=>"Jesse"}]	["Äú3 Methods for Dimensional Analysis.‚Äù"]			
Optional	[{:family=>"White", :given=>"Frank M."}]	["ÄúDimensional Analysis and Similarity,‚Äù and ‚ÄúExperimental External Flow.‚Äù Chapter 5 and Section 7.6 in Fluid Mechanics"]			["2006"]
Optional	[{:family=>"Taylor", :given=>"Geoffrey"}]	["ÄúThe Formation of a Blast Wave by a Very Intense Explosion II"]	paper-conference	["The Atomic Explosion of 1945.‚Äù Proceedings of the Royal Society of London A 201"]	["1950-03-22"]
Optional	[{:family=>"Jaffe", :given=>"R.L."}, {:others=>true}]	["ÄúReview of Speculative ‚ÄòDisaster Scenarios‚Äô at"]	article-journal	["RHIC.‚Äù Reviews of Modern Physics"]	["2000"]
Optional	[{:family=>"Johnson", :given=>"George"}]	["ÄúPhysicists Strive to Build a Black Hole.‚Äù"]	article-journal	["New York Times"]	["2001-09-11"]
Optional	[{:family=>"Overbye", :given=>"Dennis"}]	["ÄúAsking a Judge to Save the World, and Maybe a Whole Lot More.‚Äù"]	article-journal	["New York Times"]	["2008-03-29"]
Optional	[{:family=>"Nizza", :given=>"Mike"}]	["ÄúHawking Anticipates Collider‚Äôs Start.‚Äù New"]	article-journal	["York Times"]	["2008-09-09"]
Optional	[{:family=>"Overbye", :given=>"Dennis"}]	["ÄúA Giant Takes On Physics‚Äô Biggest Questions.‚Äù"]	article-journal	["New York Times"]	["2005-05-15"]
Optional	[{:family=>"Dar", :given=>"Arnon"}, {:family=>"R√∫jula", :given=>"A.", :particle=>"De"}, {:family=>"Heinz", :given=>"Ulrich"}]	["ÄúWill Relativistic Heavy Ion Colliders Destroy Our Planet?‚Äù"]	article-journal	["Physical Review Letters B"]	["1999"]
Optional	[{:given=>"AssociatedPress"}]	["ÄúParticle Collider Fires, No Black Holes Form.‚Äù September 10", "YouTube"]			["2008"]
