Optional	[{:family=>"McCloud", :given=>"Scott"}]	["Understanding Comics: The Invisible Art"]			["1994"]
Optional	[{:family=>"Norman", :given=>"Donald"}]	["Emotional Design: Why We Love (or Hate) Every Day Things"]			["2005"]
Optional	[{:family=>"Ulrich", :given=>"Karl T."}, {:family=>"Eppinger", :given=>"Steven D."}]	["Product Design and Development"]			["2003"]
Optional	[{:family=>"Ashby", :given=>"Michael"}, {:family=>"Johnson", :given=>"Kara"}]	["Materials and Design: The Art and Science of Material Selection in Product Design"]			["2002"]
Optional	[{:family=>"Sutton-Smith", :given=>"Brian"}]	["Toys as Culture"]			["1986"]
Optional	[{:family=>"Bee", :given=>"Helen L."}, {:family=>"Boyd", :given=>"Denise Roberts"}]	["The Developing Child"]			["2003"]
