Optional		["ÄúGuide for Building and Classing Floating Production Installations.‚Äù"]	book		["2010"]
Optional		["ÄúGuide for ‚ÄòDynamic Loading Approach‚Äô for Floating Production, Storage and Offloading (FPSO"]	book		["2010"]
Optional		["Sections 5.1 to 5.4 of ‚ÄúCommon Structural Rules for Double Hull Oil Tankers.‚Äù"]	book		["2010"]
Optional	[{:family=>"Organization", :given=>"International Maritime"}]	["Regulation 22 from MARPOL Consolidated Edition"]	article-journal	["International Maritime Organization"]	["2006"]
Optional	[{:given=>"Offshore-Technologycom"}]	["ÄúElf exploration field ‚Äì Girassol"]			["2011-07-12"]
Optional	[{:family=>"Doumont", :given=>"Jean-Luc"}]	["Part Four, ‚ÄúEffective Graphical Displays.‚Äù Trees, Maps, and Theorems"]	article-journal	["Principiae"]	["2009"]
Optional		["Principles of Naval Architecture"]			["1988"]
Optional	[{:family=>"Paik", :given=>"Jeom Kee"}, {:family=>"Kumar", :given=>"Anil"}]	["Ship-shaped Offshore Installations: Design, Building, and Operation"]			["2007"]
Optional	[{:family=>"Faltinsen", :given=>"O.M."}]	["Sea Loads on Ships and Offshore Structures"]			["1993"]
Optional	[{:family=>"Gillmer", :given=>"T.C."}, {:family=>"Johnson", :given=>"Bruce"}]	["Introduction to Naval Architecture"]			["1982"]
Optional	[{:family=>"Lamb", :given=>"Thomas"}]	["Chapter 30 in Ship Design and Construction"]			["2003"]
Optional	[{:family=>"Terpstra", :given=>"T."}, {:family=>"d‚ÄôHautefeuille", :given=>"B.B."}, {:family=>"MacMillan", :given=>"A.A."}]	["ÄúFPSO Design and Conversion: A"]	book		["2001"]
