Required	[{:family=>"Frisk", :given=>"George V."}]	["Ocean and Seabed Acoustics: A Theory of Wave Propagation"]			["1994"]
Required	[{:family=>"Jensen", :given=>"Finn B."}, {:family=>"Kuperman", :given=>"William A."}, {:others=>true}]	["Computational Ocean Acoustics"]			["2011"]
Required	[{:family=>"Brekhovskikh", :given=>"L.M."}, {:family=>"Lysanov", :given=>"Yu P."}]	["Fundamentals of Ocean Acoustics"]			["2010"]
Required	[{:family=>"Katznelson", :given=>"Boris G."}, {:family=>"Petnikov", :given=>"Valery G."}]	["Shallow Water Accoustics"]			["2002"]
Required	[{:family=>"Katsnelson", :given=>"Boris G."}, {:family=>"Petnikov", :given=>"Valery G."}, {:family=>"Lynch", :given=>"James"}]	["Fundamentals of Shallow Water Acoustics"]			["2012"]
Required	[{:family=>"Medwin", :given=>"Herman"}, {:family=>"Clay", :given=>"Clarence S."}]	["Fundamentals of Acoustical Oceanography (Applications of Modern Acoustics"]			["1997"]
Required	[{:family=>"Ogilvy", :given=>"J.A."}]	["Theory of Wave Scattering From Random Rough Surfaces"]			["1991"]
Required	[{:family=>"Aster", :given=>"Richard"}, {:family=>"Borchers", :given=>"Brian"}, {:family=>"Thurber", :given=>"Clifford"}]	["Parameter Estimation and Inverse Problems"]			["2005"]
Required	[{:family=>"Medwin", :given=>"Herman"}]	["Sounds in the Sea: from Ocean Acoustics to Acoustical Oceanography"]			["2005"]
Required	[{:family=>"Menke", :given=>"William"}]	["Geophysical Data Analysis: Discrete Inverse Theory"]			["1989"]
Required	[{:family=>"Tolstoy", :given=>"Ivan S."}, {:family=>"Clay", :given=>"C.S."}]	["Section 6.9 in Ocean Acoustics"]			["1967"]
Required	[{:family=>"Watts", :given=>"D.Randolph"}, {:family=>"Rossby", :given=>"H.Thomas"}]	["Measuring Dynamic Heights with Inverted Echo Sounders: Results from MODE"]	article-journal	["Physical Oceanography"]	["1977"]
Required	[{:family=>"Spain", :given=>"Peter F."}, {:others=>true}]	["PEGASUS: A Simple, Acoustically Tracked Velocity Profiler"]	article-journal	["Deep Sea Research"]	["1981"]
Required	[{:family=>"Aki", :given=>"Keeiti"}, {:family=>"Richards", :given=>"Paul G."}]	["Chapter 12 in Quantitative Seismology"]			["2009"]
Required	[{:family=>"Dosso"}, {:given=>"Holland"}]	["Bayesian inversion of seabed reflection data"]	chapter	["Acoustic Sensing Techniques for the Shallow Water Environment: Inversion Methods and Experiments"]	["2006"]
Required	[{:family=>"Press", :given=>"William H."}, {:family=>"Teukolsky", :given=>"Saul A."}, {:others=>true}]	["Numerical Recipes: The Art of Scientific Computing"]			["2007"]
Required	[{:family=>"Collins", :given=>"Michael D."}, {:family=>"Kuperman", :given=>"W.A."}, {:others=>true}]	["Nonlinear Inversions for Ocean Bottom Properties"]	article-journal	["J. Acoust. Soc. Am"]	["1992"]
