Required	[{:family=>"Hecht", :given=>"Eugene"}]	["Optics"]			["2001"]
Required	[{:family=>"Goodman", :given=>"Joseph W."}]	["Introduction to Fourier Optics"]			["2004"]
Optional	[{:family=>"Haus", :given=>"Hermann A."}]	["Waves and Fields in Optoelectronics"]			["1983"]
Optional	[{:family=>"Klein", :given=>"Miles V."}, {:family=>"Furtak", :given=>"Thomas"}]	["Optics"]			["1986"]
Optional	[{:family=>"Saleh", :given=>"Bahaa E.A."}, {:family=>"Teich", :given=>"Malvin Carl"}]	["Fundamentals of Photonics"]			["2007"]
Optional	[{:family=>"Jenkins", :given=>"Francis A."}, {:family=>"White", :given=>"Harvey E."}]	["Fundamentals of Optics"]			["1976"]
Optional	[{:family=>"Smith", :given=>"Warren J."}]	["Modern Optical Engineering"]			["2007"]
