Optional	[{:family=>"Guillemin", :given=>"Victor"}, {:family=>"Sternberg", :given=>"Shlomo"}]	["Semi-Classical Analysis"]			["2013"]
Optional	[{:family=>"Fattal", :given=>"David"}, {:family=>"Peng", :given=>"Zhen"}, {:others=>true}]	["A Multi-Directional Backlight for a Wide-Angle, Glasses-Free Three-Dimensional Display"]	article-journal	["Nature"]	["2013"]
Optional	[{:family=>"Iizuka", :given=>"Keigo"}]	["Cellophane as a Half-wave Plate and Its Use for Converting a Laptop Computer Screen into a Three-dimensional Display"]	article-journal	["Review of Scientific Instruments"]	["2003"]
Optional	[{:family=>"Hamilton", :given=>"William R."}]	["Theory of Systems of Rays"]			["1828"]
Optional	[{:family=>"Pogue", :given=>"David"}]	["Why Retina Displays and 4K TVs May Not Be Worth the Trouble"]	article-journal	["Scientific American"]	["2013-03"]
Optional	[{:family=>"Knox", :given=>"Wayne H."}, {:family=>"Alonso", :given=>"Miguel"}, {:others=>true}]	["Spatial Coherence from Ducks"]	article-journal	["Physics Today"]	["2010"]
Optional	[{:family=>"Crockett", :given=>"Christopher"}]	["Gravitational Waves Unmask Universe Just after Big Bang"]	article-journal	["Science News"]	["2014-03-17"]
Optional	[{:family=>"Kim", :given=>"Myung K."}]	["Digital Holographic Microscopy: Principles, Techniques, and Applications"]			["2011"]
Optional	[{:family=>"Ramesh", :given=>"Krishnamurthi"}]	["Photoelasticity"]	chapter	["Springer Handbook of Experimental Solid Mechanics"]	["2008"]
Optional	[{:family=>"Pedrotti", :given=>"Frank L."}, {:family=>"Pedrotti", :given=>"Leno M."}, {:family=>"Pedrotti", :given=>"Leno S."}]	["Introduction to Optics"]			["2006"]
Optional	[{:family=>"Goodman", :given=>"Joseph W."}]	["Introduction to Fourier Optics"]			["1968"]
Optional	[{:family=>"Hecht", :given=>"E."}]	["Optics"]			["2001"]
Optional	[{:family=>"Smith", :given=>"W.J."}]	["Modern Optical Engineering"]			["2007"]
Optional			chapter	["Handbook of Optics"]	["1995"]
Optional	[{:family=>"Haus", :given=>"H.A."}]	["Waves and Fields in Optoelectronics"]			["1983"]
Optional	[{:family=>"Iizuka", :given=>"Keigo"}]	["Elements of Photonics"]			["2002"]
