Required	[{:family=>"Harr", :given=>"Jonathan"}]	["A Civil Action"]	book		["1995"]
Optional	[{:family=>"Fetter", :given=>"C.W."}]	["Contaminant Hydrogeology"]	book		["1999"]
Optional	[{:family=>"Qian", :given=>"X."}, {:family=>"Koerner", :given=>"R.M."}, {:family=>"Gray", :given=>"D.H."}]	["Geotechnical Aspects of Landfill Design and Construction"]	book		["2002"]
Optional	[{:family=>"McBean", :given=>"E.A."}, {:family=>"Rovers", :given=>"F.A."}, {:family=>"Farquhar", :given=>"G.J."}]	["Solid Waste Landfill Engineering and Design"]	book		["1995"]
Optional	[{:family=>"Daniel", :given=>"D.E."}]	["Geotechnical Practice for Waste Disposal"]	book		["1993"]
Required	[{:family=>"Manual", :given=>"U.S.E.P.A.R.C.R.A.Orientation"}]	["EPA/530/R-02/016. Office of Solid Waste and Emergency Response, U.S"]			["2002-09"]
Required	[{:family=>"EPA", :given=>"U.S."}]	["Seminar Publication: Transport and Fate of Contaminants in the Subsurface"]	chapter	["Report Number EPA/625/4-89/019. Center for Environmental Research Information, U.S. Environmental Protection Agency"]	["1989-09"]
Required	[{:family=>"Huling", :given=>"S.G."}, {:family=>"Weaver", :given=>"J.W."}]	["Dense Nonaqueous Phase Liquids"]	chapter	["EPA Ground Water Issue. Report Number EPA/540/4-91-002. R.S. Kerr Environmental Research Center, Office of Research and Development, U.S. Environmental Protection Agency"]	["1991-03"]
Required	[{:family=>"Kueper", :given=>"B.H."}, {:family=>"McWhorter", :given=>"D.B."}]	["The Behavior of Dense, Nonaqueous Phase Liquids in Fractured Clay and Rock"]	article-journal	["Ground Water"]	["September/October 1991"]
Required	[{:family=>"Newell", :given=>"C.J."}, {:family=>"Acree", :given=>"S.D."}, {:family=>"Ross", :given=>"R.R."}, {:family=>"Huling", :given=>"S.G."}]	["Light Nonaqueous Phase Liquids"]	article-journal	["EPA Ground Water"]	["1995-07"]
Required	[{:family=>"EPA", :given=>"U.S."}]	["Seminar Publication: Site Characterization for Subsurface Remediation"]	chapter	["Report Number EPA/625/4-91/026. Office of Research and Development, U.S. Environmental Protection Agency"]	["1991-11"]
Required	[{:family=>"Grubb", :given=>"D.G."}, {:family=>"Sitar", :given=>"N."}]	["Evaluation of Technologies for In-Situ Cleanup of DNAPL Contaminated Sites"]	chapter	["Report Number EPA/600/R-94/120. NTIS Number PB94-195039. R.S. Kerr Environmental Research Laboratory, U.S. Environmental Protection Agency"]	["1994-08"]
Required	[{:family=>"Cohen", :given=>"R.M."}, {:family=>"Mercer", :given=>"J.W."}, {:family=>"Greenwald", :given=>"R.M."}, {:family=>"Beljin", :given=>"M.S."}]	["Design Guidelines for Conventional Pump-and-Treat Systems"]	article-journal	["EPA Ground Water"]	["1997-09"]
Required	[{:family=>"Grubb", :given=>"D.G."}, {:family=>"Sitar", :given=>"N."}]	["Evaluation of Technologies for In-Situ Cleanup of DNAPL Contaminated Sites"]	chapter	["Report Number EPA/600/R-94/120. NTIS Number PB94-195039. R.S. Kerr Environmental Research Laboratory, U.S. Environmental Protection Agency"]	["1994-08"]
Required	[{:family=>"EPA", :given=>"U.S."}]	["Presumptive Remedies: Site Characterization and Technology Selection for CERCLA Sites With Volatile Organic Compounds In Soils"]	chapter	["Report Number EPA/540/F-93/048. U.S. Environmental Protection Agency, Office of Solid Waste and Emergency Response"]	["1993-09"]
Required	[{:family=>"Powell", :given=>"R.M."}, {:family=>"Blowes", :given=>"D.W."}, {:family=>"Gillham", :given=>"R.W."}, {:family=>"Schultz", :given=>"D."}, {:family=>"Sivavec", :given=>"T."}, {:family=>"Puls", :given=>"R.W."}, {:family=>"Vogan", :given=>"J.L."}, {:family=>"Powell", :given=>"P.D."}, {:family=>"Landis", :given=>"R."}]	["Permeable Reactive Barrier Technologies for Contaminant Remediation"]	article-journal	["Report Number EPA/600/R-98/125. Office of Research and Development, U.S. Environmental Protection Agency", "Executive Summary, Chapters"]	["1998-09"]
Required	[{:family=>"Sims", :given=>"J.L."}, {:family=>"Suflita", :given=>"J.M."}, {:family=>"Russell", :given=>"H.H."}]	["In-situ Bioremediation of Contaminated Ground Water. EPA Ground Water Issue"]	chapter	["Report Number EPA/540/S-92/003. R.S. Kerr Environmental Research Laboratory, U.S. Environmental Protection Agency"]	["1992-02"]
Required	[{:family=>"Pivetz", :given=>"B.E."}]	["Phytoremediation of Contaminated Soil and Ground Water at Hazardous Waste Sites"]	chapter	["EPA Ground Water Issue. Report Number EPA/540/S-01/500. R.S. Kerr Environmental Research Laboratory, U.S. Environmental Protection Agency"]	["2001-02"]
Required	[{:family=>"Pope", :given=>"D.F."}, {:family=>"Jones", :given=>"J.N."}]	["Monitored Natural Attenuation of Chlorinated Solvents"]	chapter	["U.S. EPA Remedial Technology Fact Sheet. Report Number EPA/600/F-98/022. Office of Research and Development, U.S. Environmental Protection Agency"]	["1999-05"]
Required	[{:family=>"Pope", :given=>"D.F."}, {:family=>"Jones", :given=>"J.N."}]	["Monitored Natural Attenuation of Petroleum Hydrocarbons"]	chapter	["U.S. EPA Remedial Technology Fact Sheet. Report Number EPA/600/F-98/021. Office of Research and Development, U.S. Environmental Protection Agency"]	["1999-05"]
Required	[{:family=>"EPA", :given=>"U.S."}]	["Use of Monitored Natural Attenuation at Superfund, RCRA Correction Action, and Underground Storage Tank Sites (OSWER Directive 9200.4-17"]	chapter	["Report Number OSWER Directive 9200.4-17. U.S. Environmental Protection Agency, Office of Solid Waste and Emergency Response"]	["1997-11"]
Required	[{:family=>"EPA", :given=>"U.S."}]	["Guidance for Evaluating Technical Impractibility of Ground-Water Restoration"]	chapter	["OSWER Directive 9234.2-25. Report Number EPA-540-R-93-080. Office of Solid Waste and Emergency Response, U.S. Environmental Protection Agency"]	["1993-09"]
Required	[{:family=>"EPA", :given=>"U.S."}]	["Risk Assessment Guidance for Superfund (RAGS) Part A"]	chapter	["Report Number EPA/540/1-89/002. Office of Emergency and Remedial Response, U.S. Environmental Protection Agency"]	["1989-12"]
Required	[{:family=>"EPA", :given=>"U.S."}]	["Rules of Thumb for Superfund Remedy Selection"]	chapter	["Report Number EPA/540/R-97/013. U.S. Environmental Protection Agency, Office of Solid Waste and Emergency Response"]	["1997-08"]
Required	[{:family=>"EPA", :given=>"U.S."}]	["Seminar Publication: Design, Operation, and Closure of Municipal Solid Waste Landfills"]	report		["1994-09"]
Required	[{:family=>"EPA", :given=>"U.S."}]	["Design and Construction of RCRA/CERCLA Final Covers"]	chapter	["Report Number EPA/625/4-91/025. U.S. Environmental Protection Agency"]	["1991-05"]
Required	[{:family=>"EPA", :given=>"U.S."}]	["Seminar Publication: Requirements for Hazardous Waste Landfill Design, Construction, and Closure"]	report		["1989-08"]
Required	[{:family=>"EPA", :given=>"U.S."}]	["Geosynthetic Clay Liners Used in Municipal Solid Waste Landfills"]	chapter	["Report Number EPA-530-F-97-002. Office of Solid Waste and Emergency Response, U.S. Environmental Protection Agency"]	["2001-12"]
Required	[{:family=>"EPA", :given=>"U.S."}]	["Technical Approaches to Characterizing and Cleaning Up Brownfields Sites"]	chapter	["Report Number EPA/625/R-00/009. National Risk Management Research Laboratory, Office of Research and Development, U.S. Environmental Protection Agency"]	["2001-11-06"]
