Required	[{:family=>"Porter", :given=>"M.E."}]	["Competitive Advantage: Creating and Sustaining Superior Performance"]			["1985"]
Required	[{:family=>"Porter", :given=>"M.E."}]	["Market Segmentation", "In Competitive Advantage: Creating and Sustaining Superior Performance"]			["chapter 7", "1985"]
Required	[{:family=>"Porter", :given=>"M.E."}, {:family=>"Millar", :given=>"V.E."}]	["How Information Gives You Competitive Advantage"]	article-journal	["Harvard Business Review"]	["1985-07"]
Required	[{:family=>"Porter", :given=>"M.E."}, {:family=>"Rivkin", :given=>"J.W."}]	["Industry Transformation"]	book		
Required	[{:family=>"Porter", :given=>"M.E."}]	["Strategy in Fragmented Industries", "In Competitive Strategy"]	book		["Chapter 9", "1998"]
Required	[{:family=>"Tovar", :given=>"M.L."}, {:family=>"Cacace", :given=>"K."}, {:family=>"Matsushima", :given=>"S."}]	["B2Bilt - A Study of Changes in Building Industry Processes"]	book		["2002"]
