Optional	[{:family=>"Domenico", :given=>"Patrick A."}, {:family=>"Schwartz", :given=>"Franklin W."}]	["Physical and Chemical Hydrogeology"]			["1998"]
Optional	[{:family=>"Freeze", :given=>"Alan R."}, {:family=>"Cherry", :given=>"John A."}]	["Groundwater"]			["1979"]
Optional	[{:family=>"Marsily", :given=>"Ghislain De"}]	["Quantitative Hydrogeology: Groundwater Hydrology for Engineers"]			["1986"]
Optional	[{:family=>"Bear", :given=>"Jacob"}]	["Dynamics of Fluids in Porous Media"]			["1988"]
Optional	[{:family=>"Bear", :given=>"Jacob"}]	["Hydraulics of Groundwater"]			["1980"]
Optional	[{:family=>"Sahimi", :given=>"Muhammad"}]	["Flow and Transport in Porous Media and Fractured Rock"]			["1995"]
Optional	[{:family=>"Fetter", :given=>"C.W."}]	["Contaminant Hydrogeology"]			["1998"]
Optional	[{:family=>"Todd", :given=>"David Keith"}]	["Groundwater Hydrology"]			["1980"]
Optional	[{:family=>"Hillel", :given=>"Daniel"}]	["Fundamentals of Soil Physics"]			["1980"]
