Optional	[{:family=>"Reynolds", :given=>"T.D."}, {:family=>"Richards", :given=>"P.A."}]	["Unit Operations and Processes in Environmental Engineering"]			["1996"]
Optional	[{:family=>"Mara", :given=>"D."}]	["Domestic Wastewater Treatment in Developing Countries"]			["2003"]
Optional	[{:family=>"Viessman", :given=>"W.", :suffix=>"Jr."}, {:family=>"Hammer", :given=>"M.J."}]	["Water Supply and Pollution Control"]			["2005"]
Optional	[{:family=>"Tchobanoglous", :given=>"G."}, {:family=>"Burton", :given=>"F.L."}, {:family=>"Stensel", :given=>"H.D."}]	["Wastewater Engineering: Treatment and Reuse"]			["2003"]
Optional	[{:family=>"Staff", :given=>"M.W.H."}]	["Water Treatment: Principles and Design"]			["2005"]
Optional	[{:family=>"Droste", :given=>"R.L."}]	["Theory and Practice of Water and Wastewater Treatment"]			["1997"]
