Optional	[{:family=>"Techet", :given=>"A.H."}, {:family=>"Truscott", :given=>"T.T."}, {:family=>"Thompson", :given=>"M.K."}]	["Integration of hands-on laboratory modules to enhance the introduction of ocean science and engineering to undergraduates"]	paper-conference	["Proceedings of IEEE/MTS Oceans/Boston 2006 Conference"]	["2006-09"]
Required	[{:family=>"Stewart", :given=>"Robert"}]	["Introduction to Physical Oceanography"]			["2005-08~"]
Optional	[{:family=>"Denny", :given=>"Mark W."}]	["Air and Water: The Biology and Physics of Life’s Media"]			["1993"]
Optional	[{:family=>"Dorn", :given=>"W.G.", :particle=>"Van"}]	["Oceanography and Seamanship"]			["1993"]
Optional	[{:family=>"H.", :given=>"Medwin"}, {:family=>"Clay", :given=>"C.S."}]	["Fundamentals of Acoustical Oceanography"]	book		["1998"]
Optional	[{:family=>"Littlefield", :given=>"B."}, {:family=>"Hanselman", :given=>"D."}]	["Mastering MATLAB® 6, A Comprehensive Tutorial and Reference"]	book		["2001"]
Optional	[{:family=>"Urick", :given=>"R.J."}]	["Principles of Underwater Sound"]	book		["1983"]
Optional	[{:family=>"Knauss", :given=>"J.A."}]	["Introduction to Physical Oceanography"]	book		["1997"]
Optional	[{:family=>"University", :given=>"Open"}]	["Ocean Circulation"]	book		["1989"]
